ISO-10303-21;
HEADER;
FILE_DESCRIPTION(('FreeCAD Model'),'2;1');
FILE_NAME('Open CASCADE Shape Model','2026-06-07T20:33:28',(''),(''),
  'Open CASCADE STEP processor 7.8','FreeCAD','Unknown');
FILE_SCHEMA(('AUTOMOTIVE_DESIGN { 1 0 10303 214 1 1 1 1 }'));
ENDSEC;
DATA;
#1 = APPLICATION_PROTOCOL_DEFINITION('international standard',
  'automotive_design',2000,#2);
#2 = APPLICATION_CONTEXT(
  'core data for automotive mechanical design processes');
#3 = SHAPE_DEFINITION_REPRESENTATION(#4,#10);
#4 = PRODUCT_DEFINITION_SHAPE('','',#5);
#5 = PRODUCT_DEFINITION('design','',#6,#9);
#6 = PRODUCT_DEFINITION_FORMATION('','',#7);
#7 = PRODUCT('Top','Top','',(#8));
#8 = PRODUCT_CONTEXT('',#2,'mechanical');
#9 = PRODUCT_DEFINITION_CONTEXT('part definition',#2,'design');
#10 = ADVANCED_BREP_SHAPE_REPRESENTATION('',(#11,#15),#4066);
#11 = AXIS2_PLACEMENT_3D('',#12,#13,#14);
#12 = CARTESIAN_POINT('',(0.,0.,0.));
#13 = DIRECTION('',(0.,0.,1.));
#14 = DIRECTION('',(1.,0.,-0.));
#15 = MANIFOLD_SOLID_BREP('',#16);
#16 = CLOSED_SHELL('',(#17,#50,#75,#287,#307,#340,#380,#405,#437,#462,
    #479,#504,#565,#633,#658,#693,#718,#804,#844,#879,#920,#963,#988,
    #1013,#1038,#1096,#1200,#1224,#1260,#1277,#1356,#1494,#1524,#1553,
    #1564,#1574,#1585,#1596,#1613,#1630,#1644,#1661,#1685,#1718,#1887,
    #1904,#1928,#2077,#2162,#2242,#2278,#2338,#2363,#2400,#2550,#2591,
    #2622,#2646,#2670,#2695,#2720,#2746,#2779,#2822,#2853,#2894,#2918,
    #2970,#2994,#3019,#3051,#3075,#3099,#3124,#3149,#3201,#3235,#3260,
    #3320,#3393,#3460,#3485,#3522,#3552,#3679,#3706,#3736,#3773,#3840,
    #3908,#3920,#3937,#3954,#3980,#4005,#4017,#4042,#4054));
#17 = ADVANCED_FACE('',(#18),#45,.F.);
#18 = FACE_BOUND('',#19,.T.);
#19 = EDGE_LOOP('',(#20,#30,#37,#38));
#20 = ORIENTED_EDGE('',*,*,#21,.F.);
#21 = EDGE_CURVE('',#22,#24,#26,.T.);
#22 = VERTEX_POINT('',#23);
#23 = CARTESIAN_POINT('',(9.1,-24.,0.));
#24 = VERTEX_POINT('',#25);
#25 = CARTESIAN_POINT('',(9.1,-24.,8.61));
#26 = LINE('',#27,#28);
#27 = CARTESIAN_POINT('',(9.1,-24.,0.));
#28 = VECTOR('',#29,1.);
#29 = DIRECTION('',(0.,0.,1.));
#30 = ORIENTED_EDGE('',*,*,#31,.F.);
#31 = EDGE_CURVE('',#22,#22,#32,.T.);
#32 = CIRCLE('',#33,1.6);
#33 = AXIS2_PLACEMENT_3D('',#34,#35,#36);
#34 = CARTESIAN_POINT('',(7.5,-24.,0.));
#35 = DIRECTION('',(0.,0.,1.));
#36 = DIRECTION('',(1.,0.,0.));
#37 = ORIENTED_EDGE('',*,*,#21,.T.);
#38 = ORIENTED_EDGE('',*,*,#39,.F.);
#39 = EDGE_CURVE('',#24,#24,#40,.T.);
#40 = CIRCLE('',#41,1.6);
#41 = AXIS2_PLACEMENT_3D('',#42,#43,#44);
#42 = CARTESIAN_POINT('',(7.5,-24.,8.61));
#43 = DIRECTION('',(0.,0.,-1.));
#44 = DIRECTION('',(1.,0.,0.));
#45 = CYLINDRICAL_SURFACE('',#46,1.6);
#46 = AXIS2_PLACEMENT_3D('',#47,#48,#49);
#47 = CARTESIAN_POINT('',(7.5,-24.,0.));
#48 = DIRECTION('',(-0.,-0.,-1.));
#49 = DIRECTION('',(1.,0.,0.));
#50 = ADVANCED_FACE('',(#51),#70,.F.);
#51 = FACE_BOUND('',#52,.T.);
#52 = EDGE_LOOP('',(#53,#61,#62,#63));
#53 = ORIENTED_EDGE('',*,*,#54,.F.);
#54 = EDGE_CURVE('',#24,#55,#57,.T.);
#55 = VERTEX_POINT('',#56);
#56 = CARTESIAN_POINT('',(9.99,-24.,9.5));
#57 = LINE('',#58,#59);
#58 = CARTESIAN_POINT('',(9.1,-24.,8.61));
#59 = VECTOR('',#60,1.);
#60 = DIRECTION('',(0.707106781187,0.,0.707106781187));
#61 = ORIENTED_EDGE('',*,*,#39,.T.);
#62 = ORIENTED_EDGE('',*,*,#54,.T.);
#63 = ORIENTED_EDGE('',*,*,#64,.F.);
#64 = EDGE_CURVE('',#55,#55,#65,.T.);
#65 = CIRCLE('',#66,2.49);
#66 = AXIS2_PLACEMENT_3D('',#67,#68,#69);
#67 = CARTESIAN_POINT('',(7.5,-24.,9.5));
#68 = DIRECTION('',(0.,0.,-1.));
#69 = DIRECTION('',(1.,0.,0.));
#70 = CONICAL_SURFACE('',#71,1.6,0.785398163397);
#71 = AXIS2_PLACEMENT_3D('',#72,#73,#74);
#72 = CARTESIAN_POINT('',(7.5,-24.,8.61));
#73 = DIRECTION('',(0.,0.,1.));
#74 = DIRECTION('',(1.,0.,0.));
#75 = ADVANCED_FACE('',(#76,#279),#282,.T.);
#76 = FACE_BOUND('',#77,.T.);
#77 = EDGE_LOOP('',(#78,#88,#96,#104,#112,#120,#128,#136,#144,#152,#160,
    #168,#176,#184,#193,#201,#209,#217,#225,#233,#241,#249,#257,#265,
    #273));
#78 = ORIENTED_EDGE('',*,*,#79,.F.);
#79 = EDGE_CURVE('',#80,#82,#84,.T.);
#80 = VERTEX_POINT('',#81);
#81 = CARTESIAN_POINT('',(5.,-25.6,6.315935428979E-15));
#82 = VERTEX_POINT('',#83);
#83 = CARTESIAN_POINT('',(9.,-31.75945985525,5.684341886081E-15));
#84 = LINE('',#85,#86);
#85 = CARTESIAN_POINT('',(0.,-17.90067518092,7.105427357601E-15));
#86 = VECTOR('',#87,1.);
#87 = DIRECTION('',(0.544639035015,-0.838670567945,0.));
#88 = ORIENTED_EDGE('',*,*,#89,.T.);
#89 = EDGE_CURVE('',#80,#90,#92,.T.);
#90 = VERTEX_POINT('',#91);
#91 = CARTESIAN_POINT('',(2.6,-25.6,0.));
#92 = LINE('',#93,#94);
#93 = CARTESIAN_POINT('',(9.,-25.6,5.834341886081E-15));
#94 = VECTOR('',#95,1.);
#95 = DIRECTION('',(-1.,-2.22044604925E-33,-1.E-17));
#96 = ORIENTED_EDGE('',*,*,#97,.T.);
#97 = EDGE_CURVE('',#90,#98,#100,.T.);
#98 = VERTEX_POINT('',#99);
#99 = CARTESIAN_POINT('',(2.6,-23.6,0.));
#100 = LINE('',#101,#102);
#101 = CARTESIAN_POINT('',(2.6,-19.05981539869,0.));
#102 = VECTOR('',#103,1.);
#103 = DIRECTION('',(0.,1.,0.));
#104 = ORIENTED_EDGE('',*,*,#105,.F.);
#105 = EDGE_CURVE('',#106,#98,#108,.T.);
#106 = VERTEX_POINT('',#107);
#107 = CARTESIAN_POINT('',(4.6,-23.6,5.240252676231E-15));
#108 = LINE('',#109,#110);
#109 = CARTESIAN_POINT('',(-4.029521955227E-16,-23.6,0.));
#110 = VECTOR('',#111,1.);
#111 = DIRECTION('',(-1.,0.,0.));
#112 = ORIENTED_EDGE('',*,*,#113,.T.);
#113 = EDGE_CURVE('',#106,#114,#116,.T.);
#114 = VERTEX_POINT('',#115);
#115 = CARTESIAN_POINT('',(4.6,-21.6,4.796163466381E-15));
#116 = LINE('',#117,#118);
#117 = CARTESIAN_POINT('',(4.6,-23.6,5.240252676231E-15));
#118 = VECTOR('',#119,1.);
#119 = DIRECTION('',(0.,1.,-2.22044604925E-16));
#120 = ORIENTED_EDGE('',*,*,#121,.T.);
#121 = EDGE_CURVE('',#114,#122,#124,.T.);
#122 = VERTEX_POINT('',#123);
#123 = CARTESIAN_POINT('',(3.5,-21.6,4.796163466381E-15));
#124 = LINE('',#125,#126);
#125 = CARTESIAN_POINT('',(-4.029521955227E-16,-21.6,0.));
#126 = VECTOR('',#127,1.);
#127 = DIRECTION('',(-1.,0.,0.));
#128 = ORIENTED_EDGE('',*,*,#129,.T.);
#129 = EDGE_CURVE('',#122,#130,#132,.T.);
#130 = VERTEX_POINT('',#131);
#131 = CARTESIAN_POINT('',(3.5,-20.,4.440892098501E-15));
#132 = LINE('',#133,#134);
#133 = CARTESIAN_POINT('',(3.5,-21.6,4.796163466381E-15));
#134 = VECTOR('',#135,1.);
#135 = DIRECTION('',(0.,1.,-2.22044604925E-16));
#136 = ORIENTED_EDGE('',*,*,#137,.F.);
#137 = EDGE_CURVE('',#138,#130,#140,.T.);
#138 = VERTEX_POINT('',#139);
#139 = CARTESIAN_POINT('',(16.,-20.,0.));
#140 = LINE('',#141,#142);
#141 = CARTESIAN_POINT('',(2.75,-20.,0.));
#142 = VECTOR('',#143,1.);
#143 = DIRECTION('',(-1.,0.,0.));
#144 = ORIENTED_EDGE('',*,*,#145,.T.);
#145 = EDGE_CURVE('',#138,#146,#148,.T.);
#146 = VERTEX_POINT('',#147);
#147 = CARTESIAN_POINT('',(16.,-13.5,0.));
#148 = LINE('',#149,#150);
#149 = CARTESIAN_POINT('',(16.,-16.25981539869,0.));
#150 = VECTOR('',#151,1.);
#151 = DIRECTION('',(0.,1.,0.));
#152 = ORIENTED_EDGE('',*,*,#153,.F.);
#153 = EDGE_CURVE('',#154,#146,#156,.T.);
#154 = VERTEX_POINT('',#155);
#155 = CARTESIAN_POINT('',(21.,-13.5,4.9E-16));
#156 = LINE('',#157,#158);
#157 = CARTESIAN_POINT('',(12.,-13.5,7.886505930168E-17));
#158 = VECTOR('',#159,1.);
#159 = DIRECTION('',(-1.,-0.,-0.));
#160 = ORIENTED_EDGE('',*,*,#161,.F.);
#161 = EDGE_CURVE('',#162,#154,#164,.T.);
#162 = VERTEX_POINT('',#163);
#163 = CARTESIAN_POINT('',(21.,-15.5,1.E-15));
#164 = LINE('',#165,#166);
#165 = CARTESIAN_POINT('',(21.,-15.5,6.1E-16));
#166 = VECTOR('',#167,1.);
#167 = DIRECTION('',(0.,1.,-6.E-17));
#168 = ORIENTED_EDGE('',*,*,#169,.F.);
#169 = EDGE_CURVE('',#170,#162,#172,.T.);
#170 = VERTEX_POINT('',#171);
#171 = CARTESIAN_POINT('',(18.,-15.5,5.E-16));
#172 = LINE('',#173,#174);
#173 = CARTESIAN_POINT('',(16.,-15.5,1.E-15));
#174 = VECTOR('',#175,1.);
#175 = DIRECTION('',(1.,0.,0.));
#176 = ORIENTED_EDGE('',*,*,#177,.T.);
#177 = EDGE_CURVE('',#170,#178,#180,.T.);
#178 = VERTEX_POINT('',#179);
#179 = CARTESIAN_POINT('',(18.,-16.74439765304,0.));
#180 = LINE('',#181,#182);
#181 = CARTESIAN_POINT('',(18.,2.5,0.));
#182 = VECTOR('',#183,1.);
#183 = DIRECTION('',(0.,-1.,0.));
#184 = ORIENTED_EDGE('',*,*,#185,.T.);
#185 = EDGE_CURVE('',#178,#186,#188,.T.);
#186 = VERTEX_POINT('',#187);
#187 = CARTESIAN_POINT('',(17.812659454885,-18.23200985436,0.));
#188 = CIRCLE('',#189,6.);
#189 = AXIS2_PLACEMENT_3D('',#190,#191,#192);
#190 = CARTESIAN_POINT('',(12.,-16.74439765304,0.));
#191 = DIRECTION('',(0.,0.,-1.));
#192 = DIRECTION('',(0.,1.,0.));
#193 = ORIENTED_EDGE('',*,*,#194,.T.);
#194 = EDGE_CURVE('',#186,#195,#197,.T.);
#195 = VERTEX_POINT('',#196);
#196 = CARTESIAN_POINT('',(12.5,-38.99056519796,0.));
#197 = LINE('',#198,#199);
#198 = CARTESIAN_POINT('',(18.,-17.5,0.));
#199 = VECTOR('',#200,1.);
#200 = DIRECTION('',(-0.247935366888,-0.968776575814,0.));
#201 = ORIENTED_EDGE('',*,*,#202,.T.);
#202 = EDGE_CURVE('',#195,#203,#205,.T.);
#203 = VERTEX_POINT('',#204);
#204 = CARTESIAN_POINT('',(8.,-38.99056519796,4.328822322593E-15));
#205 = LINE('',#206,#207);
#206 = CARTESIAN_POINT('',(12.5,-38.99056519796,0.));
#207 = VECTOR('',#208,1.);
#208 = DIRECTION('',(-1.,0.,0.));
#209 = ORIENTED_EDGE('',*,*,#210,.T.);
#210 = EDGE_CURVE('',#203,#211,#213,.T.);
#211 = VERTEX_POINT('',#212);
#212 = CARTESIAN_POINT('',(8.,-38.,8.437694987151E-15));
#213 = LINE('',#214,#215);
#214 = CARTESIAN_POINT('',(8.,-40.,8.881784197001E-15));
#215 = VECTOR('',#216,1.);
#216 = DIRECTION('',(0.,1.,-2.22044604925E-16));
#217 = ORIENTED_EDGE('',*,*,#218,.F.);
#218 = EDGE_CURVE('',#219,#211,#221,.T.);
#219 = VERTEX_POINT('',#220);
#220 = CARTESIAN_POINT('',(9.2,-38.,8.437694987151E-15));
#221 = LINE('',#222,#223);
#222 = CARTESIAN_POINT('',(9.2,-38.,8.447694987151E-15));
#223 = VECTOR('',#224,1.);
#224 = DIRECTION('',(-1.,0.,0.));
#225 = ORIENTED_EDGE('',*,*,#226,.T.);
#226 = EDGE_CURVE('',#219,#227,#229,.T.);
#227 = VERTEX_POINT('',#228);
#228 = CARTESIAN_POINT('',(9.2,-36.4,8.082423619271E-15));
#229 = LINE('',#230,#231);
#230 = CARTESIAN_POINT('',(9.2,-38.,8.437694987151E-15));
#231 = VECTOR('',#232,1.);
#232 = DIRECTION('',(0.,1.,-2.22044604925E-16));
#233 = ORIENTED_EDGE('',*,*,#234,.T.);
#234 = EDGE_CURVE('',#227,#235,#237,.T.);
#235 = VERTEX_POINT('',#236);
#236 = CARTESIAN_POINT('',(10.5,-36.4,8.082423619271E-15));
#237 = LINE('',#238,#239);
#238 = CARTESIAN_POINT('',(0.839537255973,-36.4,7.886505930168E-17));
#239 = VECTOR('',#240,1.);
#240 = DIRECTION('',(1.,0.,0.));
#241 = ORIENTED_EDGE('',*,*,#242,.T.);
#242 = EDGE_CURVE('',#235,#243,#245,.T.);
#243 = VERTEX_POINT('',#244);
#244 = CARTESIAN_POINT('',(10.5,-34.8,7.727152251391E-15));
#245 = LINE('',#246,#247);
#246 = CARTESIAN_POINT('',(10.5,-36.4,8.082423619271E-15));
#247 = VECTOR('',#248,1.);
#248 = DIRECTION('',(0.,1.,-2.22044604925E-16));
#249 = ORIENTED_EDGE('',*,*,#250,.F.);
#250 = EDGE_CURVE('',#251,#243,#253,.T.);
#251 = VERTEX_POINT('',#252);
#252 = CARTESIAN_POINT('',(8.6,-34.8,7.727152251391E-15));
#253 = LINE('',#254,#255);
#254 = CARTESIAN_POINT('',(0.839537255973,-34.8,7.886505930168E-17));
#255 = VECTOR('',#256,1.);
#256 = DIRECTION('',(1.,0.,0.));
#257 = ORIENTED_EDGE('',*,*,#258,.T.);
#258 = EDGE_CURVE('',#251,#259,#261,.T.);
#259 = VERTEX_POINT('',#260);
#260 = CARTESIAN_POINT('',(8.6,-32.6,7.311654120556E-15));
#261 = LINE('',#262,#263);
#262 = CARTESIAN_POINT('',(8.6,-34.8,7.727152251391E-15));
#263 = VECTOR('',#264,1.);
#264 = DIRECTION('',(0.,1.,-2.22044604925E-16));
#265 = ORIENTED_EDGE('',*,*,#266,.F.);
#266 = EDGE_CURVE('',#267,#259,#269,.T.);
#267 = VERTEX_POINT('',#268);
#268 = CARTESIAN_POINT('',(9.,-32.6,7.238654120556E-15));
#269 = LINE('',#270,#271);
#270 = CARTESIAN_POINT('',(9.,-32.6,7.388654120556E-15));
#271 = VECTOR('',#272,1.);
#272 = DIRECTION('',(-1.,-2.22044604925E-33,-1.E-17));
#273 = ORIENTED_EDGE('',*,*,#274,.T.);
#274 = EDGE_CURVE('',#267,#82,#275,.T.);
#275 = LINE('',#276,#277);
#276 = CARTESIAN_POINT('',(9.,-32.6,7.238654120556E-15));
#277 = VECTOR('',#278,1.);
#278 = DIRECTION('',(0.,1.,-2.22044604925E-16));
#279 = FACE_BOUND('',#280,.T.);
#280 = EDGE_LOOP('',(#281));
#281 = ORIENTED_EDGE('',*,*,#31,.T.);
#282 = PLANE('',#283);
#283 = AXIS2_PLACEMENT_3D('',#284,#285,#286);
#284 = CARTESIAN_POINT('',(1.679074511946,-10.60317897163,
    7.886505930168E-17));
#285 = DIRECTION('',(-0.,-0.,-1.));
#286 = DIRECTION('',(-1.,0.,0.));
#287 = ADVANCED_FACE('',(#288,#291),#302,.T.);
#288 = FACE_BOUND('',#289,.T.);
#289 = EDGE_LOOP('',(#290));
#290 = ORIENTED_EDGE('',*,*,#64,.T.);
#291 = FACE_BOUND('',#292,.T.);
#292 = EDGE_LOOP('',(#293));
#293 = ORIENTED_EDGE('',*,*,#294,.T.);
#294 = EDGE_CURVE('',#295,#295,#297,.T.);
#295 = VERTEX_POINT('',#296);
#296 = CARTESIAN_POINT('',(10.,-24.,9.5));
#297 = CIRCLE('',#298,2.5);
#298 = AXIS2_PLACEMENT_3D('',#299,#300,#301);
#299 = CARTESIAN_POINT('',(7.5,-24.,9.5));
#300 = DIRECTION('',(0.,0.,1.));
#301 = DIRECTION('',(1.,0.,0.));
#302 = PLANE('',#303);
#303 = AXIS2_PLACEMENT_3D('',#304,#305,#306);
#304 = CARTESIAN_POINT('',(-1.367440132539E-16,-12.66666666666,9.5));
#305 = DIRECTION('',(0.,0.,1.));
#306 = DIRECTION('',(1.,0.,0.));
#307 = ADVANCED_FACE('',(#308),#335,.F.);
#308 = FACE_BOUND('',#309,.F.);
#309 = EDGE_LOOP('',(#310,#311,#320,#328));
#310 = ORIENTED_EDGE('',*,*,#79,.F.);
#311 = ORIENTED_EDGE('',*,*,#312,.T.);
#312 = EDGE_CURVE('',#80,#313,#315,.T.);
#313 = VERTEX_POINT('',#314);
#314 = CARTESIAN_POINT('',(-5.,-25.6,8.507242685797E-15));
#315 = CIRCLE('',#316,5.);
#316 = AXIS2_PLACEMENT_3D('',#317,#318,#319);
#317 = CARTESIAN_POINT('',(0.,-25.6,7.105427357601E-15));
#318 = DIRECTION('',(0.,-1.,0.));
#319 = DIRECTION('',(1.,0.,-1.578983857245E-16));
#320 = ORIENTED_EDGE('',*,*,#321,.T.);
#321 = EDGE_CURVE('',#313,#322,#324,.T.);
#322 = VERTEX_POINT('',#323);
#323 = CARTESIAN_POINT('',(-9.,-31.75945985525,1.635089171053E-15));
#324 = LINE('',#325,#326);
#325 = CARTESIAN_POINT('',(0.,-17.90067518092,7.105427357601E-15));
#326 = VECTOR('',#327,1.);
#327 = DIRECTION('',(-0.544639035015,-0.838670567945,0.));
#328 = ORIENTED_EDGE('',*,*,#329,.F.);
#329 = EDGE_CURVE('',#82,#322,#330,.T.);
#330 = CIRCLE('',#331,9.);
#331 = AXIS2_PLACEMENT_3D('',#332,#333,#334);
#332 = CARTESIAN_POINT('',(0.,-31.75945985525,7.105427357601E-15));
#333 = DIRECTION('',(0.,-1.,0.));
#334 = DIRECTION('',(1.,0.,-1.578983857245E-16));
#335 = CONICAL_SURFACE('',#336,9.,0.575958653158);
#336 = AXIS2_PLACEMENT_3D('',#337,#338,#339);
#337 = CARTESIAN_POINT('',(0.,-31.75945985525,7.105427357601E-15));
#338 = DIRECTION('',(-0.,-1.,-0.));
#339 = DIRECTION('',(1.,0.,-1.578983857245E-16));
#340 = ADVANCED_FACE('',(#341),#375,.F.);
#341 = FACE_BOUND('',#342,.F.);
#342 = EDGE_LOOP('',(#343,#351,#352,#353,#361,#369));
#343 = ORIENTED_EDGE('',*,*,#344,.T.);
#344 = EDGE_CURVE('',#345,#313,#347,.T.);
#345 = VERTEX_POINT('',#346);
#346 = CARTESIAN_POINT('',(-2.6,-25.6,0.));
#347 = LINE('',#348,#349);
#348 = CARTESIAN_POINT('',(9.,-25.6,5.834341886081E-15));
#349 = VECTOR('',#350,1.);
#350 = DIRECTION('',(-1.,-2.22044604925E-33,-1.E-17));
#351 = ORIENTED_EDGE('',*,*,#312,.F.);
#352 = ORIENTED_EDGE('',*,*,#89,.T.);
#353 = ORIENTED_EDGE('',*,*,#354,.T.);
#354 = EDGE_CURVE('',#90,#355,#357,.T.);
#355 = VERTEX_POINT('',#356);
#356 = CARTESIAN_POINT('',(2.6,-25.6,4.));
#357 = LINE('',#358,#359);
#358 = CARTESIAN_POINT('',(2.6,-25.6,-4.));
#359 = VECTOR('',#360,1.);
#360 = DIRECTION('',(0.,0.,1.));
#361 = ORIENTED_EDGE('',*,*,#362,.T.);
#362 = EDGE_CURVE('',#355,#363,#365,.T.);
#363 = VERTEX_POINT('',#364);
#364 = CARTESIAN_POINT('',(-2.6,-25.6,4.));
#365 = LINE('',#366,#367);
#366 = CARTESIAN_POINT('',(2.6,-25.6,4.));
#367 = VECTOR('',#368,1.);
#368 = DIRECTION('',(-1.,0.,0.));
#369 = ORIENTED_EDGE('',*,*,#370,.T.);
#370 = EDGE_CURVE('',#363,#345,#371,.T.);
#371 = LINE('',#372,#373);
#372 = CARTESIAN_POINT('',(-2.6,-25.6,4.));
#373 = VECTOR('',#374,1.);
#374 = DIRECTION('',(0.,0.,-1.));
#375 = PLANE('',#376);
#376 = AXIS2_PLACEMENT_3D('',#377,#378,#379);
#377 = CARTESIAN_POINT('',(-1.578983857245E-15,-25.6,3.117691453624));
#378 = DIRECTION('',(0.,1.,0.));
#379 = DIRECTION('',(0.,0.,1.));
#380 = ADVANCED_FACE('',(#381),#400,.F.);
#381 = FACE_BOUND('',#382,.F.);
#382 = EDGE_LOOP('',(#383,#384,#385,#393));
#383 = ORIENTED_EDGE('',*,*,#274,.T.);
#384 = ORIENTED_EDGE('',*,*,#329,.T.);
#385 = ORIENTED_EDGE('',*,*,#386,.F.);
#386 = EDGE_CURVE('',#387,#322,#389,.T.);
#387 = VERTEX_POINT('',#388);
#388 = CARTESIAN_POINT('',(-9.,-32.6,6.238654120556E-15));
#389 = LINE('',#390,#391);
#390 = CARTESIAN_POINT('',(-9.,-32.6,6.238654120556E-15));
#391 = VECTOR('',#392,1.);
#392 = DIRECTION('',(0.,1.,-2.22044604925E-16));
#393 = ORIENTED_EDGE('',*,*,#394,.F.);
#394 = EDGE_CURVE('',#267,#387,#395,.T.);
#395 = CIRCLE('',#396,9.);
#396 = AXIS2_PLACEMENT_3D('',#397,#398,#399);
#397 = CARTESIAN_POINT('',(0.,-32.6,7.238654120556E-15));
#398 = DIRECTION('',(0.,-1.,2.22044604925E-16));
#399 = DIRECTION('',(1.,0.,0.));
#400 = CYLINDRICAL_SURFACE('',#401,9.);
#401 = AXIS2_PLACEMENT_3D('',#402,#403,#404);
#402 = CARTESIAN_POINT('',(0.,-32.6,7.238654120556E-15));
#403 = DIRECTION('',(0.,-1.,2.22044604925E-16));
#404 = DIRECTION('',(1.,0.,0.));
#405 = ADVANCED_FACE('',(#406),#432,.F.);
#406 = FACE_BOUND('',#407,.F.);
#407 = EDGE_LOOP('',(#408,#409,#410,#418,#426));
#408 = ORIENTED_EDGE('',*,*,#354,.F.);
#409 = ORIENTED_EDGE('',*,*,#97,.T.);
#410 = ORIENTED_EDGE('',*,*,#411,.T.);
#411 = EDGE_CURVE('',#98,#412,#414,.T.);
#412 = VERTEX_POINT('',#413);
#413 = CARTESIAN_POINT('',(2.6,-23.6,3.794733192202));
#414 = LINE('',#415,#416);
#415 = CARTESIAN_POINT('',(2.6,-23.6,-4.));
#416 = VECTOR('',#417,1.);
#417 = DIRECTION('',(0.,0.,1.));
#418 = ORIENTED_EDGE('',*,*,#419,.T.);
#419 = EDGE_CURVE('',#412,#420,#422,.T.);
#420 = VERTEX_POINT('',#421);
#421 = CARTESIAN_POINT('',(2.6,-23.6,4.));
#422 = LINE('',#423,#424);
#423 = CARTESIAN_POINT('',(2.6,-23.6,-4.));
#424 = VECTOR('',#425,1.);
#425 = DIRECTION('',(0.,0.,1.));
#426 = ORIENTED_EDGE('',*,*,#427,.F.);
#427 = EDGE_CURVE('',#355,#420,#428,.T.);
#428 = LINE('',#429,#430);
#429 = CARTESIAN_POINT('',(2.6,-25.6,4.));
#430 = VECTOR('',#431,1.);
#431 = DIRECTION('',(0.,1.,-2.2E-16));
#432 = PLANE('',#433);
#433 = AXIS2_PLACEMENT_3D('',#434,#435,#436);
#434 = CARTESIAN_POINT('',(2.6,-25.6,-4.));
#435 = DIRECTION('',(1.,0.,0.));
#436 = DIRECTION('',(0.,2.2E-16,1.));
#437 = ADVANCED_FACE('',(#438),#457,.T.);
#438 = FACE_BOUND('',#439,.T.);
#439 = EDGE_LOOP('',(#440,#441,#442,#451));
#440 = ORIENTED_EDGE('',*,*,#394,.F.);
#441 = ORIENTED_EDGE('',*,*,#266,.T.);
#442 = ORIENTED_EDGE('',*,*,#443,.T.);
#443 = EDGE_CURVE('',#259,#444,#446,.T.);
#444 = VERTEX_POINT('',#445);
#445 = CARTESIAN_POINT('',(-8.6,-32.6,7.212654120556E-15));
#446 = CIRCLE('',#447,8.6);
#447 = AXIS2_PLACEMENT_3D('',#448,#449,#450);
#448 = CARTESIAN_POINT('',(0.,-32.6,7.238654120556E-15));
#449 = DIRECTION('',(0.,-1.,2.22044604925E-16));
#450 = DIRECTION('',(1.,0.,0.));
#451 = ORIENTED_EDGE('',*,*,#452,.T.);
#452 = EDGE_CURVE('',#444,#387,#453,.T.);
#453 = LINE('',#454,#455);
#454 = CARTESIAN_POINT('',(9.,-32.6,7.388654120556E-15));
#455 = VECTOR('',#456,1.);
#456 = DIRECTION('',(-1.,-2.22044604925E-33,-1.E-17));
#457 = PLANE('',#458);
#458 = AXIS2_PLACEMENT_3D('',#459,#460,#461);
#459 = CARTESIAN_POINT('',(-1.578983857245E-15,-32.6,3.117691453624));
#460 = DIRECTION('',(0.,1.,0.));
#461 = DIRECTION('',(0.,0.,1.));
#462 = ADVANCED_FACE('',(#463),#474,.T.);
#463 = FACE_BOUND('',#464,.T.);
#464 = EDGE_LOOP('',(#465,#472,#473));
#465 = ORIENTED_EDGE('',*,*,#466,.F.);
#466 = EDGE_CURVE('',#106,#412,#467,.T.);
#467 = CIRCLE('',#468,4.6);
#468 = AXIS2_PLACEMENT_3D('',#469,#470,#471);
#469 = CARTESIAN_POINT('',(0.,-23.6,5.240252676231E-15));
#470 = DIRECTION('',(0.,-1.,2.22044604925E-16));
#471 = DIRECTION('',(1.,0.,0.));
#472 = ORIENTED_EDGE('',*,*,#105,.T.);
#473 = ORIENTED_EDGE('',*,*,#411,.T.);
#474 = PLANE('',#475);
#475 = AXIS2_PLACEMENT_3D('',#476,#477,#478);
#476 = CARTESIAN_POINT('',(-4.459043910455E-16,-23.6,5.8878141657E-15));
#477 = DIRECTION('',(0.,1.,0.));
#478 = DIRECTION('',(0.,0.,1.));
#479 = ADVANCED_FACE('',(#480),#499,.F.);
#480 = FACE_BOUND('',#481,.F.);
#481 = EDGE_LOOP('',(#482,#491,#492,#493));
#482 = ORIENTED_EDGE('',*,*,#483,.F.);
#483 = EDGE_CURVE('',#251,#484,#486,.T.);
#484 = VERTEX_POINT('',#485);
#485 = CARTESIAN_POINT('',(-8.6,-34.8,1.142014089237E-15));
#486 = CIRCLE('',#487,8.6);
#487 = AXIS2_PLACEMENT_3D('',#488,#489,#490);
#488 = CARTESIAN_POINT('',(0.,-34.8,7.727152251391E-15));
#489 = DIRECTION('',(0.,-1.,2.22044604925E-16));
#490 = DIRECTION('',(1.,0.,0.));
#491 = ORIENTED_EDGE('',*,*,#258,.T.);
#492 = ORIENTED_EDGE('',*,*,#443,.T.);
#493 = ORIENTED_EDGE('',*,*,#494,.T.);
#494 = EDGE_CURVE('',#444,#484,#495,.T.);
#495 = LINE('',#496,#497);
#496 = CARTESIAN_POINT('',(-8.6,-34.8,7.886505930168E-17));
#497 = VECTOR('',#498,1.);
#498 = DIRECTION('',(0.,-1.,2.22044604925E-16));
#499 = CYLINDRICAL_SURFACE('',#500,8.6);
#500 = AXIS2_PLACEMENT_3D('',#501,#502,#503);
#501 = CARTESIAN_POINT('',(0.,-34.8,7.727152251391E-15));
#502 = DIRECTION('',(0.,-1.,2.22044604925E-16));
#503 = DIRECTION('',(1.,0.,0.));
#504 = ADVANCED_FACE('',(#505),#560,.F.);
#505 = FACE_BOUND('',#506,.F.);
#506 = EDGE_LOOP('',(#507,#508,#509,#518,#526,#535,#544,#553));
#507 = ORIENTED_EDGE('',*,*,#466,.F.);
#508 = ORIENTED_EDGE('',*,*,#113,.T.);
#509 = ORIENTED_EDGE('',*,*,#510,.T.);
#510 = EDGE_CURVE('',#114,#511,#513,.T.);
#511 = VERTEX_POINT('',#512);
#512 = CARTESIAN_POINT('',(-4.6,-21.6,1.273880263368E-15));
#513 = CIRCLE('',#514,4.6);
#514 = AXIS2_PLACEMENT_3D('',#515,#516,#517);
#515 = CARTESIAN_POINT('',(0.,-21.6,4.796163466381E-15));
#516 = DIRECTION('',(0.,-1.,2.22044604925E-16));
#517 = DIRECTION('',(1.,0.,0.));
#518 = ORIENTED_EDGE('',*,*,#519,.T.);
#519 = EDGE_CURVE('',#511,#520,#522,.T.);
#520 = VERTEX_POINT('',#521);
#521 = CARTESIAN_POINT('',(-4.6,-23.6,-3.248408920923E-16));
#522 = LINE('',#523,#524);
#523 = CARTESIAN_POINT('',(-4.6,-23.6,0.));
#524 = VECTOR('',#525,1.);
#525 = DIRECTION('',(0.,-1.,2.22044604925E-16));
#526 = ORIENTED_EDGE('',*,*,#527,.F.);
#527 = EDGE_CURVE('',#528,#520,#530,.T.);
#528 = VERTEX_POINT('',#529);
#529 = CARTESIAN_POINT('',(-2.6,-23.6,3.794733192202));
#530 = CIRCLE('',#531,4.6);
#531 = AXIS2_PLACEMENT_3D('',#532,#533,#534);
#532 = CARTESIAN_POINT('',(0.,-23.6,5.240252676231E-15));
#533 = DIRECTION('',(0.,-1.,2.22044604925E-16));
#534 = DIRECTION('',(1.,0.,0.));
#535 = ORIENTED_EDGE('',*,*,#536,.F.);
#536 = EDGE_CURVE('',#537,#528,#539,.T.);
#537 = VERTEX_POINT('',#538);
#538 = CARTESIAN_POINT('',(-2.27156333832,-23.6,4.));
#539 = CIRCLE('',#540,4.6);
#540 = AXIS2_PLACEMENT_3D('',#541,#542,#543);
#541 = CARTESIAN_POINT('',(0.,-23.6,5.240252676231E-15));
#542 = DIRECTION('',(0.,-1.,2.22044604925E-16));
#543 = DIRECTION('',(1.,0.,0.));
#544 = ORIENTED_EDGE('',*,*,#545,.F.);
#545 = EDGE_CURVE('',#546,#537,#548,.T.);
#546 = VERTEX_POINT('',#547);
#547 = CARTESIAN_POINT('',(2.27156333832,-23.6,4.));
#548 = CIRCLE('',#549,4.6);
#549 = AXIS2_PLACEMENT_3D('',#550,#551,#552);
#550 = CARTESIAN_POINT('',(0.,-23.6,5.240252676231E-15));
#551 = DIRECTION('',(0.,-1.,2.22044604925E-16));
#552 = DIRECTION('',(1.,0.,0.));
#553 = ORIENTED_EDGE('',*,*,#554,.F.);
#554 = EDGE_CURVE('',#412,#546,#555,.T.);
#555 = CIRCLE('',#556,4.6);
#556 = AXIS2_PLACEMENT_3D('',#557,#558,#559);
#557 = CARTESIAN_POINT('',(0.,-23.6,5.240252676231E-15));
#558 = DIRECTION('',(0.,-1.,2.22044604925E-16));
#559 = DIRECTION('',(1.,0.,0.));
#560 = CYLINDRICAL_SURFACE('',#561,4.6);
#561 = AXIS2_PLACEMENT_3D('',#562,#563,#564);
#562 = CARTESIAN_POINT('',(0.,-23.6,5.240252676231E-15));
#563 = DIRECTION('',(0.,-1.,2.22044604925E-16));
#564 = DIRECTION('',(1.,0.,0.));
#565 = ADVANCED_FACE('',(#566),#628,.T.);
#566 = FACE_BOUND('',#567,.T.);
#567 = EDGE_LOOP('',(#568,#577,#586,#594,#602,#611,#620,#626,#627));
#568 = ORIENTED_EDGE('',*,*,#569,.T.);
#569 = EDGE_CURVE('',#243,#570,#572,.T.);
#570 = VERTEX_POINT('',#571);
#571 = CARTESIAN_POINT('',(4.325,-34.8,9.567882472104));
#572 = CIRCLE('',#573,10.5);
#573 = AXIS2_PLACEMENT_3D('',#574,#575,#576);
#574 = CARTESIAN_POINT('',(0.,-34.8,7.727152251391E-15));
#575 = DIRECTION('',(0.,-1.,2.22044604925E-16));
#576 = DIRECTION('',(1.,0.,0.));
#577 = ORIENTED_EDGE('',*,*,#578,.T.);
#578 = EDGE_CURVE('',#570,#579,#581,.T.);
#579 = VERTEX_POINT('',#580);
#580 = CARTESIAN_POINT('',(2.861016889719,-34.8,10.102701735513));
#581 = CIRCLE('',#582,10.5);
#582 = AXIS2_PLACEMENT_3D('',#583,#584,#585);
#583 = CARTESIAN_POINT('',(0.,-34.8,7.727152251391E-15));
#584 = DIRECTION('',(0.,-1.,2.22044604925E-16));
#585 = DIRECTION('',(1.,0.,0.));
#586 = ORIENTED_EDGE('',*,*,#587,.T.);
#587 = EDGE_CURVE('',#579,#588,#590,.T.);
#588 = VERTEX_POINT('',#589);
#589 = CARTESIAN_POINT('',(0.,-34.8,11.147882472104));
#590 = LINE('',#591,#592);
#591 = CARTESIAN_POINT('',(4.325,-34.8,9.567882472104));
#592 = VECTOR('',#593,1.);
#593 = DIRECTION('',(-0.939285116321,7.619187150367E-17,0.343137684113)
  );
#594 = ORIENTED_EDGE('',*,*,#595,.T.);
#595 = EDGE_CURVE('',#588,#596,#598,.T.);
#596 = VERTEX_POINT('',#597);
#597 = CARTESIAN_POINT('',(-2.861016889719,-34.8,10.102701735513));
#598 = LINE('',#599,#600);
#599 = CARTESIAN_POINT('',(0.,-34.8,11.147882472104));
#600 = VECTOR('',#601,1.);
#601 = DIRECTION('',(-0.939285116321,-7.619187150367E-17,-0.343137684113
    ));
#602 = ORIENTED_EDGE('',*,*,#603,.T.);
#603 = EDGE_CURVE('',#596,#604,#606,.T.);
#604 = VERTEX_POINT('',#605);
#605 = CARTESIAN_POINT('',(-4.325,-34.8,9.567882472104));
#606 = CIRCLE('',#607,10.5);
#607 = AXIS2_PLACEMENT_3D('',#608,#609,#610);
#608 = CARTESIAN_POINT('',(0.,-34.8,7.727152251391E-15));
#609 = DIRECTION('',(0.,-1.,2.22044604925E-16));
#610 = DIRECTION('',(1.,0.,0.));
#611 = ORIENTED_EDGE('',*,*,#612,.T.);
#612 = EDGE_CURVE('',#604,#613,#615,.T.);
#613 = VERTEX_POINT('',#614);
#614 = CARTESIAN_POINT('',(-10.5,-34.8,-3.128420163555E-16));
#615 = CIRCLE('',#616,10.5);
#616 = AXIS2_PLACEMENT_3D('',#617,#618,#619);
#617 = CARTESIAN_POINT('',(0.,-34.8,7.727152251391E-15));
#618 = DIRECTION('',(0.,-1.,2.22044604925E-16));
#619 = DIRECTION('',(1.,0.,0.));
#620 = ORIENTED_EDGE('',*,*,#621,.T.);
#621 = EDGE_CURVE('',#613,#484,#622,.T.);
#622 = LINE('',#623,#624);
#623 = CARTESIAN_POINT('',(0.839537255973,-34.8,7.886505930168E-17));
#624 = VECTOR('',#625,1.);
#625 = DIRECTION('',(1.,0.,0.));
#626 = ORIENTED_EDGE('',*,*,#483,.F.);
#627 = ORIENTED_EDGE('',*,*,#250,.T.);
#628 = PLANE('',#629);
#629 = AXIS2_PLACEMENT_3D('',#630,#631,#632);
#630 = CARTESIAN_POINT('',(6.229171236911E-16,-34.8,5.592898312291));
#631 = DIRECTION('',(-0.,-1.,-0.));
#632 = DIRECTION('',(0.,0.,-1.));
#633 = ADVANCED_FACE('',(#634),#653,.F.);
#634 = FACE_BOUND('',#635,.F.);
#635 = EDGE_LOOP('',(#636,#637,#638,#647));
#636 = ORIENTED_EDGE('',*,*,#510,.F.);
#637 = ORIENTED_EDGE('',*,*,#121,.T.);
#638 = ORIENTED_EDGE('',*,*,#639,.T.);
#639 = EDGE_CURVE('',#122,#640,#642,.T.);
#640 = VERTEX_POINT('',#641);
#641 = CARTESIAN_POINT('',(-3.5,-21.6,-9.142349526271E-14));
#642 = CIRCLE('',#643,3.5);
#643 = AXIS2_PLACEMENT_3D('',#644,#645,#646);
#644 = CARTESIAN_POINT('',(0.,-21.6,4.796163466381E-15));
#645 = DIRECTION('',(0.,-1.,2.22044604925E-16));
#646 = DIRECTION('',(1.,0.,0.));
#647 = ORIENTED_EDGE('',*,*,#648,.T.);
#648 = EDGE_CURVE('',#640,#511,#649,.T.);
#649 = LINE('',#650,#651);
#650 = CARTESIAN_POINT('',(-4.029521955227E-16,-21.6,0.));
#651 = VECTOR('',#652,1.);
#652 = DIRECTION('',(-1.,0.,0.));
#653 = PLANE('',#654);
#654 = AXIS2_PLACEMENT_3D('',#655,#656,#657);
#655 = CARTESIAN_POINT('',(-4.459043910455E-16,-21.6,5.44372495585E-15)
  );
#656 = DIRECTION('',(0.,1.,0.));
#657 = DIRECTION('',(0.,0.,1.));
#658 = ADVANCED_FACE('',(#659),#688,.F.);
#659 = FACE_BOUND('',#660,.F.);
#660 = EDGE_LOOP('',(#661,#669,#678,#685,#686,#687));
#661 = ORIENTED_EDGE('',*,*,#662,.T.);
#662 = EDGE_CURVE('',#579,#663,#665,.T.);
#663 = VERTEX_POINT('',#664);
#664 = CARTESIAN_POINT('',(2.861016889719,-36.4,10.102701735513));
#665 = LINE('',#666,#667);
#666 = CARTESIAN_POINT('',(2.861016889719,-36.4,10.102701735513));
#667 = VECTOR('',#668,1.);
#668 = DIRECTION('',(0.,-1.,2.22044604925E-16));
#669 = ORIENTED_EDGE('',*,*,#670,.F.);
#670 = EDGE_CURVE('',#671,#663,#673,.T.);
#671 = VERTEX_POINT('',#672);
#672 = CARTESIAN_POINT('',(4.325,-36.4,9.567882472104));
#673 = CIRCLE('',#674,10.5);
#674 = AXIS2_PLACEMENT_3D('',#675,#676,#677);
#675 = CARTESIAN_POINT('',(0.,-36.4,8.082423619271E-15));
#676 = DIRECTION('',(0.,-1.,2.22044604925E-16));
#677 = DIRECTION('',(1.,0.,0.));
#678 = ORIENTED_EDGE('',*,*,#679,.F.);
#679 = EDGE_CURVE('',#235,#671,#680,.T.);
#680 = CIRCLE('',#681,10.5);
#681 = AXIS2_PLACEMENT_3D('',#682,#683,#684);
#682 = CARTESIAN_POINT('',(0.,-36.4,8.082423619271E-15));
#683 = DIRECTION('',(0.,-1.,2.22044604925E-16));
#684 = DIRECTION('',(1.,0.,0.));
#685 = ORIENTED_EDGE('',*,*,#242,.T.);
#686 = ORIENTED_EDGE('',*,*,#569,.T.);
#687 = ORIENTED_EDGE('',*,*,#578,.T.);
#688 = CYLINDRICAL_SURFACE('',#689,10.5);
#689 = AXIS2_PLACEMENT_3D('',#690,#691,#692);
#690 = CARTESIAN_POINT('',(0.,-36.4,8.082423619271E-15));
#691 = DIRECTION('',(0.,-1.,2.22044604925E-16));
#692 = DIRECTION('',(1.,0.,0.));
#693 = ADVANCED_FACE('',(#694),#713,.F.);
#694 = FACE_BOUND('',#695,.F.);
#695 = EDGE_LOOP('',(#696,#697,#698,#707));
#696 = ORIENTED_EDGE('',*,*,#639,.F.);
#697 = ORIENTED_EDGE('',*,*,#129,.T.);
#698 = ORIENTED_EDGE('',*,*,#699,.T.);
#699 = EDGE_CURVE('',#130,#700,#702,.T.);
#700 = VERTEX_POINT('',#701);
#701 = CARTESIAN_POINT('',(-3.5,-20.,-3.552713678801E-16));
#702 = CIRCLE('',#703,3.5);
#703 = AXIS2_PLACEMENT_3D('',#704,#705,#706);
#704 = CARTESIAN_POINT('',(0.,-20.,4.440892098501E-15));
#705 = DIRECTION('',(0.,-1.,2.22044604925E-16));
#706 = DIRECTION('',(1.,0.,0.));
#707 = ORIENTED_EDGE('',*,*,#708,.T.);
#708 = EDGE_CURVE('',#700,#640,#709,.T.);
#709 = LINE('',#710,#711);
#710 = CARTESIAN_POINT('',(-3.5,-21.6,0.));
#711 = VECTOR('',#712,1.);
#712 = DIRECTION('',(0.,-1.,2.22044604925E-16));
#713 = CYLINDRICAL_SURFACE('',#714,3.5);
#714 = AXIS2_PLACEMENT_3D('',#715,#716,#717);
#715 = CARTESIAN_POINT('',(0.,-21.6,4.796163466381E-15));
#716 = DIRECTION('',(0.,-1.,2.22044604925E-16));
#717 = DIRECTION('',(1.,0.,0.));
#718 = ADVANCED_FACE('',(#719),#799,.T.);
#719 = FACE_BOUND('',#720,.T.);
#720 = EDGE_LOOP('',(#721,#722,#723,#732,#741,#749,#758,#766,#775,#784,
    #792,#798));
#721 = ORIENTED_EDGE('',*,*,#679,.F.);
#722 = ORIENTED_EDGE('',*,*,#234,.F.);
#723 = ORIENTED_EDGE('',*,*,#724,.T.);
#724 = EDGE_CURVE('',#227,#725,#727,.T.);
#725 = VERTEX_POINT('',#726);
#726 = CARTESIAN_POINT('',(4.365767901E-06,-36.4,9.199999999999));
#727 = CIRCLE('',#728,9.2);
#728 = AXIS2_PLACEMENT_3D('',#729,#730,#731);
#729 = CARTESIAN_POINT('',(0.,-36.4,8.082423619271E-15));
#730 = DIRECTION('',(0.,-1.,2.22044604925E-16));
#731 = DIRECTION('',(1.,0.,0.));
#732 = ORIENTED_EDGE('',*,*,#733,.T.);
#733 = EDGE_CURVE('',#725,#734,#736,.T.);
#734 = VERTEX_POINT('',#735);
#735 = CARTESIAN_POINT('',(0.,-36.4,9.2));
#736 = CIRCLE('',#737,9.2);
#737 = AXIS2_PLACEMENT_3D('',#738,#739,#740);
#738 = CARTESIAN_POINT('',(0.,-36.4,8.082423619271E-15));
#739 = DIRECTION('',(0.,-1.,2.22044604925E-16));
#740 = DIRECTION('',(1.,0.,0.));
#741 = ORIENTED_EDGE('',*,*,#742,.F.);
#742 = EDGE_CURVE('',#743,#734,#745,.T.);
#743 = VERTEX_POINT('',#744);
#744 = CARTESIAN_POINT('',(-4.366086008E-06,-36.4,9.199999999999));
#745 = LINE('',#746,#747);
#746 = CARTESIAN_POINT('',(-4.36608600839E-06,-36.4,9.199999999999));
#747 = VECTOR('',#748,1.);
#748 = DIRECTION('',(1.,0.,0.));
#749 = ORIENTED_EDGE('',*,*,#750,.T.);
#750 = EDGE_CURVE('',#743,#751,#753,.T.);
#751 = VERTEX_POINT('',#752);
#752 = CARTESIAN_POINT('',(-9.2,-36.4,9.082423619271E-15));
#753 = CIRCLE('',#754,9.2);
#754 = AXIS2_PLACEMENT_3D('',#755,#756,#757);
#755 = CARTESIAN_POINT('',(0.,-36.4,8.082423619271E-15));
#756 = DIRECTION('',(0.,-1.,2.22044604925E-16));
#757 = DIRECTION('',(1.,0.,0.));
#758 = ORIENTED_EDGE('',*,*,#759,.F.);
#759 = EDGE_CURVE('',#760,#751,#762,.T.);
#760 = VERTEX_POINT('',#761);
#761 = CARTESIAN_POINT('',(-10.5,-36.4,4.242935152454E-17));
#762 = LINE('',#763,#764);
#763 = CARTESIAN_POINT('',(0.839537255973,-36.4,7.886505930168E-17));
#764 = VECTOR('',#765,1.);
#765 = DIRECTION('',(1.,0.,0.));
#766 = ORIENTED_EDGE('',*,*,#767,.F.);
#767 = EDGE_CURVE('',#768,#760,#770,.T.);
#768 = VERTEX_POINT('',#769);
#769 = CARTESIAN_POINT('',(-4.325,-36.4,9.567882472104));
#770 = CIRCLE('',#771,10.5);
#771 = AXIS2_PLACEMENT_3D('',#772,#773,#774);
#772 = CARTESIAN_POINT('',(0.,-36.4,8.082423619271E-15));
#773 = DIRECTION('',(0.,-1.,2.22044604925E-16));
#774 = DIRECTION('',(1.,0.,0.));
#775 = ORIENTED_EDGE('',*,*,#776,.F.);
#776 = EDGE_CURVE('',#777,#768,#779,.T.);
#777 = VERTEX_POINT('',#778);
#778 = CARTESIAN_POINT('',(-2.861016889719,-36.4,10.102701735513));
#779 = CIRCLE('',#780,10.5);
#780 = AXIS2_PLACEMENT_3D('',#781,#782,#783);
#781 = CARTESIAN_POINT('',(0.,-36.4,8.082423619271E-15));
#782 = DIRECTION('',(0.,-1.,2.22044604925E-16));
#783 = DIRECTION('',(1.,0.,0.));
#784 = ORIENTED_EDGE('',*,*,#785,.F.);
#785 = EDGE_CURVE('',#786,#777,#788,.T.);
#786 = VERTEX_POINT('',#787);
#787 = CARTESIAN_POINT('',(0.,-36.4,11.147882472104));
#788 = LINE('',#789,#790);
#789 = CARTESIAN_POINT('',(0.,-36.4,11.147882472104));
#790 = VECTOR('',#791,1.);
#791 = DIRECTION('',(-0.939285116321,-7.619187150367E-17,-0.343137684113
    ));
#792 = ORIENTED_EDGE('',*,*,#793,.F.);
#793 = EDGE_CURVE('',#663,#786,#794,.T.);
#794 = LINE('',#795,#796);
#795 = CARTESIAN_POINT('',(4.325,-36.4,9.567882472104));
#796 = VECTOR('',#797,1.);
#797 = DIRECTION('',(-0.939285116321,7.619187150367E-17,0.343137684113)
  );
#798 = ORIENTED_EDGE('',*,*,#670,.F.);
#799 = PLANE('',#800);
#800 = AXIS2_PLACEMENT_3D('',#801,#802,#803);
#801 = CARTESIAN_POINT('',(-1.961914556985E-12,-36.4,6.006646548478));
#802 = DIRECTION('',(0.,1.,0.));
#803 = DIRECTION('',(0.,0.,1.));
#804 = ADVANCED_FACE('',(#805),#839,.T.);
#805 = FACE_BOUND('',#806,.T.);
#806 = EDGE_LOOP('',(#807,#817,#825,#831,#832,#833));
#807 = ORIENTED_EDGE('',*,*,#808,.F.);
#808 = EDGE_CURVE('',#809,#811,#813,.T.);
#809 = VERTEX_POINT('',#810);
#810 = CARTESIAN_POINT('',(-5.,-20.,5.));
#811 = VERTEX_POINT('',#812);
#812 = CARTESIAN_POINT('',(-5.,-20.,0.));
#813 = LINE('',#814,#815);
#814 = CARTESIAN_POINT('',(-5.,-20.,5.));
#815 = VECTOR('',#816,1.);
#816 = DIRECTION('',(0.,-2.22044604925E-16,-1.));
#817 = ORIENTED_EDGE('',*,*,#818,.F.);
#818 = EDGE_CURVE('',#819,#809,#821,.T.);
#819 = VERTEX_POINT('',#820);
#820 = CARTESIAN_POINT('',(16.,-20.,5.));
#821 = LINE('',#822,#823);
#822 = CARTESIAN_POINT('',(16.,-20.,5.));
#823 = VECTOR('',#824,1.);
#824 = DIRECTION('',(-1.,0.,0.));
#825 = ORIENTED_EDGE('',*,*,#826,.F.);
#826 = EDGE_CURVE('',#138,#819,#827,.T.);
#827 = LINE('',#828,#829);
#828 = CARTESIAN_POINT('',(16.,-20.,-5.));
#829 = VECTOR('',#830,1.);
#830 = DIRECTION('',(0.,2.22044604925E-16,1.));
#831 = ORIENTED_EDGE('',*,*,#137,.T.);
#832 = ORIENTED_EDGE('',*,*,#699,.T.);
#833 = ORIENTED_EDGE('',*,*,#834,.T.);
#834 = EDGE_CURVE('',#700,#811,#835,.T.);
#835 = LINE('',#836,#837);
#836 = CARTESIAN_POINT('',(2.75,-20.,0.));
#837 = VECTOR('',#838,1.);
#838 = DIRECTION('',(-1.,0.,0.));
#839 = PLANE('',#840);
#840 = AXIS2_PLACEMENT_3D('',#841,#842,#843);
#841 = CARTESIAN_POINT('',(5.153153153153,-20.,2.724641844914));
#842 = DIRECTION('',(0.,1.,0.));
#843 = DIRECTION('',(0.,0.,1.));
#844 = ADVANCED_FACE('',(#845),#874,.F.);
#845 = FACE_BOUND('',#846,.F.);
#846 = EDGE_LOOP('',(#847,#855,#864,#871,#872,#873));
#847 = ORIENTED_EDGE('',*,*,#848,.F.);
#848 = EDGE_CURVE('',#849,#734,#851,.T.);
#849 = VERTEX_POINT('',#850);
#850 = CARTESIAN_POINT('',(0.,-38.,9.2));
#851 = LINE('',#852,#853);
#852 = CARTESIAN_POINT('',(0.,-38.,9.200000000001));
#853 = VECTOR('',#854,1.);
#854 = DIRECTION('',(0.,1.,-2.22044604925E-16));
#855 = ORIENTED_EDGE('',*,*,#856,.F.);
#856 = EDGE_CURVE('',#857,#849,#859,.T.);
#857 = VERTEX_POINT('',#858);
#858 = CARTESIAN_POINT('',(4.365767901E-06,-38.,9.199999999999));
#859 = CIRCLE('',#860,9.2);
#860 = AXIS2_PLACEMENT_3D('',#861,#862,#863);
#861 = CARTESIAN_POINT('',(0.,-38.,8.437694987151E-15));
#862 = DIRECTION('',(0.,-1.,2.22044604925E-16));
#863 = DIRECTION('',(1.,0.,0.));
#864 = ORIENTED_EDGE('',*,*,#865,.F.);
#865 = EDGE_CURVE('',#219,#857,#866,.T.);
#866 = CIRCLE('',#867,9.2);
#867 = AXIS2_PLACEMENT_3D('',#868,#869,#870);
#868 = CARTESIAN_POINT('',(0.,-38.,8.437694987151E-15));
#869 = DIRECTION('',(0.,-1.,2.22044604925E-16));
#870 = DIRECTION('',(1.,0.,0.));
#871 = ORIENTED_EDGE('',*,*,#226,.T.);
#872 = ORIENTED_EDGE('',*,*,#724,.T.);
#873 = ORIENTED_EDGE('',*,*,#733,.T.);
#874 = CYLINDRICAL_SURFACE('',#875,9.2);
#875 = AXIS2_PLACEMENT_3D('',#876,#877,#878);
#876 = CARTESIAN_POINT('',(0.,-38.,8.437694987151E-15));
#877 = DIRECTION('',(0.,-1.,2.22044604925E-16));
#878 = DIRECTION('',(1.,0.,0.));
#879 = ADVANCED_FACE('',(#880),#915,.T.);
#880 = FACE_BOUND('',#881,.T.);
#881 = EDGE_LOOP('',(#882,#892,#899,#900,#901,#909));
#882 = ORIENTED_EDGE('',*,*,#883,.F.);
#883 = EDGE_CURVE('',#884,#886,#888,.T.);
#884 = VERTEX_POINT('',#885);
#885 = CARTESIAN_POINT('',(16.,-7.5,0.));
#886 = VERTEX_POINT('',#887);
#887 = CARTESIAN_POINT('',(16.,4.,0.));
#888 = LINE('',#889,#890);
#889 = CARTESIAN_POINT('',(16.,-16.25981539869,0.));
#890 = VECTOR('',#891,1.);
#891 = DIRECTION('',(0.,1.,0.));
#892 = ORIENTED_EDGE('',*,*,#893,.F.);
#893 = EDGE_CURVE('',#146,#884,#894,.T.);
#894 = CIRCLE('',#895,3.);
#895 = AXIS2_PLACEMENT_3D('',#896,#897,#898);
#896 = CARTESIAN_POINT('',(16.,-10.5,0.));
#897 = DIRECTION('',(-1.,0.,0.));
#898 = DIRECTION('',(0.,1.,0.));
#899 = ORIENTED_EDGE('',*,*,#145,.F.);
#900 = ORIENTED_EDGE('',*,*,#826,.T.);
#901 = ORIENTED_EDGE('',*,*,#902,.T.);
#902 = EDGE_CURVE('',#819,#903,#905,.T.);
#903 = VERTEX_POINT('',#904);
#904 = CARTESIAN_POINT('',(16.,4.,5.));
#905 = LINE('',#906,#907);
#906 = CARTESIAN_POINT('',(16.,-20.,5.));
#907 = VECTOR('',#908,1.);
#908 = DIRECTION('',(0.,1.,-2.22044604925E-16));
#909 = ORIENTED_EDGE('',*,*,#910,.T.);
#910 = EDGE_CURVE('',#903,#886,#911,.T.);
#911 = LINE('',#912,#913);
#912 = CARTESIAN_POINT('',(16.,4.,5.));
#913 = VECTOR('',#914,1.);
#914 = DIRECTION('',(8.659560562355E-17,-2.22044604925E-16,-1.));
#915 = PLANE('',#916);
#916 = AXIS2_PLACEMENT_3D('',#917,#918,#919);
#917 = CARTESIAN_POINT('',(16.,-8.,2.5));
#918 = DIRECTION('',(-1.,-0.,-0.));
#919 = DIRECTION('',(0.,0.,-1.));
#920 = ADVANCED_FACE('',(#921),#958,.T.);
#921 = FACE_BOUND('',#922,.T.);
#922 = EDGE_LOOP('',(#923,#924,#925,#934,#942,#951,#957));
#923 = ORIENTED_EDGE('',*,*,#865,.F.);
#924 = ORIENTED_EDGE('',*,*,#218,.T.);
#925 = ORIENTED_EDGE('',*,*,#926,.T.);
#926 = EDGE_CURVE('',#211,#927,#929,.T.);
#927 = VERTEX_POINT('',#928);
#928 = CARTESIAN_POINT('',(-8.,-38.,-8.656230501285E-14));
#929 = CIRCLE('',#930,8.);
#930 = AXIS2_PLACEMENT_3D('',#931,#932,#933);
#931 = CARTESIAN_POINT('',(0.,-38.,8.437694987151E-15));
#932 = DIRECTION('',(0.,-1.,2.22044604925E-16));
#933 = DIRECTION('',(1.,0.,0.));
#934 = ORIENTED_EDGE('',*,*,#935,.T.);
#935 = EDGE_CURVE('',#927,#936,#938,.T.);
#936 = VERTEX_POINT('',#937);
#937 = CARTESIAN_POINT('',(-9.2,-38.,9.437694987151E-15));
#938 = LINE('',#939,#940);
#939 = CARTESIAN_POINT('',(9.2,-38.,8.447694987151E-15));
#940 = VECTOR('',#941,1.);
#941 = DIRECTION('',(-1.,0.,0.));
#942 = ORIENTED_EDGE('',*,*,#943,.F.);
#943 = EDGE_CURVE('',#944,#936,#946,.T.);
#944 = VERTEX_POINT('',#945);
#945 = CARTESIAN_POINT('',(-4.366086008E-06,-38.,9.199999999999));
#946 = CIRCLE('',#947,9.2);
#947 = AXIS2_PLACEMENT_3D('',#948,#949,#950);
#948 = CARTESIAN_POINT('',(0.,-38.,8.437694987151E-15));
#949 = DIRECTION('',(0.,-1.,2.22044604925E-16));
#950 = DIRECTION('',(1.,0.,0.));
#951 = ORIENTED_EDGE('',*,*,#952,.T.);
#952 = EDGE_CURVE('',#944,#849,#953,.T.);
#953 = LINE('',#954,#955);
#954 = CARTESIAN_POINT('',(-4.36608600839E-06,-38.,9.199999999999));
#955 = VECTOR('',#956,1.);
#956 = DIRECTION('',(1.,0.,0.));
#957 = ORIENTED_EDGE('',*,*,#856,.F.);
#958 = PLANE('',#959);
#959 = AXIS2_PLACEMENT_3D('',#960,#961,#962);
#960 = CARTESIAN_POINT('',(0.,-38.,3.186973485927));
#961 = DIRECTION('',(0.,1.,0.));
#962 = DIRECTION('',(0.,0.,1.));
#963 = ADVANCED_FACE('',(#964),#983,.F.);
#964 = FACE_BOUND('',#965,.T.);
#965 = EDGE_LOOP('',(#966,#967,#975,#982));
#966 = ORIENTED_EDGE('',*,*,#893,.T.);
#967 = ORIENTED_EDGE('',*,*,#968,.T.);
#968 = EDGE_CURVE('',#884,#969,#971,.T.);
#969 = VERTEX_POINT('',#970);
#970 = CARTESIAN_POINT('',(21.,-7.5,6.5E-17));
#971 = LINE('',#972,#973);
#972 = CARTESIAN_POINT('',(12.,-7.5,0.));
#973 = VECTOR('',#974,1.);
#974 = DIRECTION('',(1.,0.,0.));
#975 = ORIENTED_EDGE('',*,*,#976,.F.);
#976 = EDGE_CURVE('',#154,#969,#977,.T.);
#977 = CIRCLE('',#978,3.);
#978 = AXIS2_PLACEMENT_3D('',#979,#980,#981);
#979 = CARTESIAN_POINT('',(21.,-10.5,0.));
#980 = DIRECTION('',(-1.,0.,0.));
#981 = DIRECTION('',(0.,1.,0.));
#982 = ORIENTED_EDGE('',*,*,#153,.T.);
#983 = CYLINDRICAL_SURFACE('',#984,3.);
#984 = AXIS2_PLACEMENT_3D('',#985,#986,#987);
#985 = CARTESIAN_POINT('',(12.,-10.5,0.));
#986 = DIRECTION('',(-1.,-0.,-0.));
#987 = DIRECTION('',(0.,1.,0.));
#988 = ADVANCED_FACE('',(#989),#1008,.F.);
#989 = FACE_BOUND('',#990,.F.);
#990 = EDGE_LOOP('',(#991,#1000,#1001,#1002));
#991 = ORIENTED_EDGE('',*,*,#992,.F.);
#992 = EDGE_CURVE('',#203,#993,#995,.T.);
#993 = VERTEX_POINT('',#994);
#994 = CARTESIAN_POINT('',(-8.,-38.99056519796,-4.317117767741E-14));
#995 = CIRCLE('',#996,8.);
#996 = AXIS2_PLACEMENT_3D('',#997,#998,#999);
#997 = CARTESIAN_POINT('',(0.,-38.99056519796,8.657644645187E-15));
#998 = DIRECTION('',(0.,-1.,2.22044604925E-16));
#999 = DIRECTION('',(1.,0.,0.));
#1000 = ORIENTED_EDGE('',*,*,#210,.T.);
#1001 = ORIENTED_EDGE('',*,*,#926,.T.);
#1002 = ORIENTED_EDGE('',*,*,#1003,.F.);
#1003 = EDGE_CURVE('',#993,#927,#1004,.T.);
#1004 = LINE('',#1005,#1006);
#1005 = CARTESIAN_POINT('',(-8.,-40.,-8.6118215803E-14));
#1006 = VECTOR('',#1007,1.);
#1007 = DIRECTION('',(0.,1.,-2.22044604925E-16));
#1008 = CYLINDRICAL_SURFACE('',#1009,8.);
#1009 = AXIS2_PLACEMENT_3D('',#1010,#1011,#1012);
#1010 = CARTESIAN_POINT('',(0.,-40.,8.881784197001E-15));
#1011 = DIRECTION('',(0.,-1.,2.22044604925E-16));
#1012 = DIRECTION('',(1.,0.,0.));
#1013 = ADVANCED_FACE('',(#1014),#1033,.T.);
#1014 = FACE_BOUND('',#1015,.T.);
#1015 = EDGE_LOOP('',(#1016,#1024,#1031,#1032));
#1016 = ORIENTED_EDGE('',*,*,#1017,.T.);
#1017 = EDGE_CURVE('',#969,#1018,#1020,.T.);
#1018 = VERTEX_POINT('',#1019);
#1019 = CARTESIAN_POINT('',(21.,-5.5,0.));
#1020 = LINE('',#1021,#1022);
#1021 = CARTESIAN_POINT('',(21.,-15.5,6.1E-16));
#1022 = VECTOR('',#1023,1.);
#1023 = DIRECTION('',(0.,1.,-6.E-17));
#1024 = ORIENTED_EDGE('',*,*,#1025,.T.);
#1025 = EDGE_CURVE('',#1018,#162,#1026,.T.);
#1026 = CIRCLE('',#1027,5.);
#1027 = AXIS2_PLACEMENT_3D('',#1028,#1029,#1030);
#1028 = CARTESIAN_POINT('',(21.,-10.5,0.));
#1029 = DIRECTION('',(1.,0.,0.));
#1030 = DIRECTION('',(0.,1.,0.));
#1031 = ORIENTED_EDGE('',*,*,#161,.T.);
#1032 = ORIENTED_EDGE('',*,*,#976,.T.);
#1033 = PLANE('',#1034);
#1034 = AXIS2_PLACEMENT_3D('',#1035,#1036,#1037);
#1035 = CARTESIAN_POINT('',(21.,-10.5,1.732050807569));
#1036 = DIRECTION('',(1.,0.,0.));
#1037 = DIRECTION('',(0.,0.,1.));
#1038 = ADVANCED_FACE('',(#1039),#1091,.T.);
#1039 = FACE_BOUND('',#1040,.T.);
#1040 = EDGE_LOOP('',(#1041,#1049,#1058,#1066,#1075,#1083,#1089,#1090));
#1041 = ORIENTED_EDGE('',*,*,#1042,.T.);
#1042 = EDGE_CURVE('',#195,#1043,#1045,.T.);
#1043 = VERTEX_POINT('',#1044);
#1044 = CARTESIAN_POINT('',(12.5,-38.99056519796,0.5));
#1045 = LINE('',#1046,#1047);
#1046 = CARTESIAN_POINT('',(12.5,-38.99056519796,0.));
#1047 = VECTOR('',#1048,1.);
#1048 = DIRECTION('',(0.,0.,1.));
#1049 = ORIENTED_EDGE('',*,*,#1050,.F.);
#1050 = EDGE_CURVE('',#1051,#1043,#1053,.T.);
#1051 = VERTEX_POINT('',#1052);
#1052 = CARTESIAN_POINT('',(0.113243032931,-38.99056519796,12.5));
#1053 = ELLIPSE('',#1054,12.386756967069,12.);
#1054 = AXIS2_PLACEMENT_3D('',#1055,#1056,#1057);
#1055 = CARTESIAN_POINT('',(0.113243032931,-38.99056519796,0.5));
#1056 = DIRECTION('',(0.,1.,-0.));
#1057 = DIRECTION('',(-1.,0.,0.));
#1058 = ORIENTED_EDGE('',*,*,#1059,.T.);
#1059 = EDGE_CURVE('',#1051,#1060,#1062,.T.);
#1060 = VERTEX_POINT('',#1061);
#1061 = CARTESIAN_POINT('',(-0.113243032931,-38.99056519796,12.5));
#1062 = LINE('',#1063,#1064);
#1063 = CARTESIAN_POINT('',(12.5,-38.99056519796,12.5));
#1064 = VECTOR('',#1065,1.);
#1065 = DIRECTION('',(-1.,0.,0.));
#1066 = ORIENTED_EDGE('',*,*,#1067,.F.);
#1067 = EDGE_CURVE('',#1068,#1060,#1070,.T.);
#1068 = VERTEX_POINT('',#1069);
#1069 = CARTESIAN_POINT('',(-12.5,-38.99056519796,0.5));
#1070 = ELLIPSE('',#1071,12.386756967069,12.);
#1071 = AXIS2_PLACEMENT_3D('',#1072,#1073,#1074);
#1072 = CARTESIAN_POINT('',(-0.113243032931,-38.99056519796,0.5));
#1073 = DIRECTION('',(0.,1.,-0.));
#1074 = DIRECTION('',(-1.,0.,0.));
#1075 = ORIENTED_EDGE('',*,*,#1076,.F.);
#1076 = EDGE_CURVE('',#1077,#1068,#1079,.T.);
#1077 = VERTEX_POINT('',#1078);
#1078 = CARTESIAN_POINT('',(-12.5,-38.99056519796,0.));
#1079 = LINE('',#1080,#1081);
#1080 = CARTESIAN_POINT('',(-12.5,-38.99056519796,0.));
#1081 = VECTOR('',#1082,1.);
#1082 = DIRECTION('',(0.,0.,1.));
#1083 = ORIENTED_EDGE('',*,*,#1084,.F.);
#1084 = EDGE_CURVE('',#993,#1077,#1085,.T.);
#1085 = LINE('',#1086,#1087);
#1086 = CARTESIAN_POINT('',(12.5,-38.99056519796,0.));
#1087 = VECTOR('',#1088,1.);
#1088 = DIRECTION('',(-1.,0.,0.));
#1089 = ORIENTED_EDGE('',*,*,#992,.F.);
#1090 = ORIENTED_EDGE('',*,*,#202,.F.);
#1091 = PLANE('',#1092);
#1092 = AXIS2_PLACEMENT_3D('',#1093,#1094,#1095);
#1093 = CARTESIAN_POINT('',(12.5,-38.99056519796,0.));
#1094 = DIRECTION('',(0.,-1.,0.));
#1095 = DIRECTION('',(-1.,0.,0.));
#1096 = ADVANCED_FACE('',(#1097),#1195,.T.);
#1097 = FACE_BOUND('',#1098,.F.);
#1098 = EDGE_LOOP('',(#1099,#1110,#1116,#1117,#1118,#1127));
#1099 = ORIENTED_EDGE('',*,*,#1100,.T.);
#1100 = EDGE_CURVE('',#1101,#1103,#1105,.T.);
#1101 = VERTEX_POINT('',#1102);
#1102 = CARTESIAN_POINT('',(18.,-9.361043935254,4.868549997954));
#1103 = VERTEX_POINT('',#1104);
#1104 = CARTESIAN_POINT('',(18.,-5.5,0.));
#1105 = CIRCLE('',#1106,5.);
#1106 = AXIS2_PLACEMENT_3D('',#1107,#1108,#1109);
#1107 = CARTESIAN_POINT('',(18.,-10.5,0.));
#1108 = DIRECTION('',(-1.,0.,0.));
#1109 = DIRECTION('',(0.,1.,0.));
#1110 = ORIENTED_EDGE('',*,*,#1111,.T.);
#1111 = EDGE_CURVE('',#1103,#1018,#1112,.T.);
#1112 = LINE('',#1113,#1114);
#1113 = CARTESIAN_POINT('',(16.,-5.5,0.));
#1114 = VECTOR('',#1115,1.);
#1115 = DIRECTION('',(1.,0.,0.));
#1116 = ORIENTED_EDGE('',*,*,#1025,.T.);
#1117 = ORIENTED_EDGE('',*,*,#169,.F.);
#1118 = ORIENTED_EDGE('',*,*,#1119,.T.);
#1119 = EDGE_CURVE('',#170,#1120,#1122,.T.);
#1120 = VERTEX_POINT('',#1121);
#1121 = CARTESIAN_POINT('',(18.,-14.3933870166,3.137122493448));
#1122 = CIRCLE('',#1123,5.);
#1123 = AXIS2_PLACEMENT_3D('',#1124,#1125,#1126);
#1124 = CARTESIAN_POINT('',(18.,-10.5,0.));
#1125 = DIRECTION('',(-1.,0.,0.));
#1126 = DIRECTION('',(0.,1.,0.));
#1127 = ORIENTED_EDGE('',*,*,#1128,.T.);
#1128 = EDGE_CURVE('',#1120,#1101,#1129,.T.);
#1129 = B_SPLINE_CURVE_WITH_KNOTS('',8,(#1130,#1131,#1132,#1133,#1134,
    #1135,#1136,#1137,#1138,#1139,#1140,#1141,#1142,#1143,#1144,#1145,
    #1146,#1147,#1148,#1149,#1150,#1151,#1152,#1153,#1154,#1155,#1156,
    #1157,#1158,#1159,#1160,#1161,#1162,#1163,#1164,#1165,#1166,#1167,
    #1168,#1169,#1170,#1171,#1172,#1173,#1174,#1175,#1176,#1177,#1178,
    #1179,#1180,#1181,#1182,#1183,#1184,#1185,#1186,#1187,#1188,#1189,
    #1190,#1191,#1192,#1193,#1194),.UNSPECIFIED.,.F.,.F.,(9,7,7,7,7,7,7,
    7,7,9),(0.,0.267769956102,0.377796211771,0.441282813707,
    0.491225329208,0.550828382763,0.644068524319,0.787099984829,
    0.90784449409,1.),.UNSPECIFIED.);
#1130 = CARTESIAN_POINT('',(18.,-14.3933870166,3.137122493448));
#1131 = CARTESIAN_POINT('',(18.,-14.32876975962,3.217316999699));
#1132 = CARTESIAN_POINT('',(17.999663384009,-14.2588096373,
    3.300277796121));
#1133 = CARTESIAN_POINT('',(17.998964559063,-14.18264409441,
    3.386356975711));
#1134 = CARTESIAN_POINT('',(17.997874782779,-14.09923522947,
    3.475866062824));
#1135 = CARTESIAN_POINT('',(17.996365326409,-14.00738929969,
    3.569060276759));
#1136 = CARTESIAN_POINT('',(17.994416654247,-13.90550478709,
    3.666159313972));
#1137 = CARTESIAN_POINT('',(17.992026381026,-13.79168279577,
    3.767308002255));
#1138 = CARTESIAN_POINT('',(17.988096038194,-13.60952360667,
    3.916063600849));
#1139 = CARTESIAN_POINT('',(17.986885770088,-13.55394502336,
    3.960066119383));
#1140 = CARTESIAN_POINT('',(17.985613492763,-13.49562017799,
    4.004757660337));
#1141 = CARTESIAN_POINT('',(17.984284972634,-13.43433191946,
    4.050117557136));
#1142 = CARTESIAN_POINT('',(17.98290913273,-13.36986496065,
    4.096092453828));
#1143 = CARTESIAN_POINT('',(17.981498892484,-13.3020109403,
    4.142592771312));
#1144 = CARTESIAN_POINT('',(17.980071838879,-13.23057775145,
    4.189488803919));
#1145 = CARTESIAN_POINT('',(17.977830729785,-13.11202639178,
    4.263793947988));
#1146 = CARTESIAN_POINT('',(17.977012889691,-13.06741380042,
    4.291049103932));
#1147 = CARTESIAN_POINT('',(17.976201749062,-13.02154455678,
    4.318332559049));
#1148 = CARTESIAN_POINT('',(17.975402493588,-12.97440899639,
    4.345596326354));
#1149 = CARTESIAN_POINT('',(17.974620959321,-12.92601079207,
    4.372783712814));
#1150 = CARTESIAN_POINT('',(17.973863536403,-12.87637009932,
    4.399829579561));
#1151 = CARTESIAN_POINT('',(17.973136971467,-12.82552765162,
    4.426660936525));
#1152 = CARTESIAN_POINT('',(17.971906134917,-12.73266079396,
    4.474073477409));
#1153 = CARTESIAN_POINT('',(17.971387477781,-12.69106679923,
    4.494768078306));
#1154 = CARTESIAN_POINT('',(17.970895457358,-12.64880386059,
    4.515240822235));
#1155 = CARTESIAN_POINT('',(17.970433396283,-12.60591402259,
    4.535450385129));
#1156 = CARTESIAN_POINT('',(17.970004477203,-12.56244589241,
    4.555355473282));
#1157 = CARTESIAN_POINT('',(17.969611640203,-12.51845519738,
    4.57491532586));
#1158 = CARTESIAN_POINT('',(17.969257480223,-12.47400534252,
    4.594090217412));
#1159 = CARTESIAN_POINT('',(17.968570199222,-12.37565755883,
    4.635220912031));
#1160 = CARTESIAN_POINT('',(17.968254313603,-12.32158526593,
    4.657001379491));
#1161 = CARTESIAN_POINT('',(17.968000233415,-12.26707494876,
    4.678117033647));
#1162 = CARTESIAN_POINT('',(17.967810546329,-12.21224658843,
    4.698513739727));
#1163 = CARTESIAN_POINT('',(17.967686724464,-12.1572158832,
    4.718148686332));
#1164 = CARTESIAN_POINT('',(17.967629166953,-12.10209384399,
    4.736989514457));
#1165 = CARTESIAN_POINT('',(17.967637242508,-12.04698638991,
    4.755013446535));
#1166 = CARTESIAN_POINT('',(17.9678221053,-11.905966414,4.799102266611)
  );
#1167 = CARTESIAN_POINT('',(17.968091557285,-11.82022272861,
    4.823963742836));
#1168 = CARTESIAN_POINT('',(17.968511747281,-11.73509030592,
    4.846755051348));
#1169 = CARTESIAN_POINT('',(17.969071807421,-11.65082163297,
    4.867497293722));
#1170 = CARTESIAN_POINT('',(17.969757903938,-11.56760346355,
    4.88624913577));
#1171 = CARTESIAN_POINT('',(17.970554839328,-11.48556372522,
    4.903091672392));
#1172 = CARTESIAN_POINT('',(17.971447295394,-11.40477613534,
    4.918117487393));
#1173 = CARTESIAN_POINT('',(17.973913957437,-11.20328772549,
    4.951836112516));
#1174 = CARTESIAN_POINT('',(17.975596633126,-11.08439900831,
    4.96818738788));
#1175 = CARTESIAN_POINT('',(17.977416679322,-10.96858421205,
    4.98085219647));
#1176 = CARTESIAN_POINT('',(17.979323833875,-10.85581234952,
    4.990167285821));
#1177 = CARTESIAN_POINT('',(17.981272095108,-10.74601593132,
    4.996438838981));
#1178 = CARTESIAN_POINT('',(17.983220904387,-10.63908512196,
    4.999941260239));
#1179 = CARTESIAN_POINT('',(17.985135127298,-10.53486756501,
    5.000912812784));
#1180 = CARTESIAN_POINT('',(17.988544612956,-10.34731458147,
    4.998405669834));
#1181 = CARTESIAN_POINT('',(17.990057876147,-10.26329992774,
    4.995597425561));
#1182 = CARTESIAN_POINT('',(17.99150459574,-10.18103778473,
    4.991252054699));
#1183 = CARTESIAN_POINT('',(17.992867324523,-10.10045505522,
    4.985477453445));
#1184 = CARTESIAN_POINT('',(17.994130167913,-10.02148616242,
    4.978369262827));
#1185 = CARTESIAN_POINT('',(17.995278650326,-9.944069315552,
    4.970013129767));
#1186 = CARTESIAN_POINT('',(17.996299549093,-9.868144389945,
    4.960485917664));
#1187 = CARTESIAN_POINT('',(17.997853211294,-9.73679811804,
    4.941742721182));
#1188 = CARTESIAN_POINT('',(17.998444282435,-9.680781561338,
    4.93298762666));
#1189 = CARTESIAN_POINT('',(17.998948488601,-9.625578477092,
    4.923621324575));
#1190 = CARTESIAN_POINT('',(17.999360758573,-9.571166720993,
    4.913672274902));
#1191 = CARTESIAN_POINT('',(17.999676347713,-9.517525909091,
    4.903166871232));
#1192 = CARTESIAN_POINT('',(17.999890814989,-9.46463704783,
    4.892129656084));
#1193 = CARTESIAN_POINT('',(18.,-9.412482164095,4.88058353622));
#1194 = CARTESIAN_POINT('',(18.,-9.361043935254,4.868549997954));
#1195 = CYLINDRICAL_SURFACE('',#1196,5.);
#1196 = AXIS2_PLACEMENT_3D('',#1197,#1198,#1199);
#1197 = CARTESIAN_POINT('',(16.,-10.5,0.));
#1198 = DIRECTION('',(-1.,-0.,-0.));
#1199 = DIRECTION('',(0.,1.,0.));
#1200 = ADVANCED_FACE('',(#1201),#1219,.T.);
#1201 = FACE_BOUND('',#1202,.T.);
#1202 = EDGE_LOOP('',(#1203,#1211,#1212,#1213));
#1203 = ORIENTED_EDGE('',*,*,#1204,.T.);
#1204 = EDGE_CURVE('',#1205,#1043,#1207,.T.);
#1205 = VERTEX_POINT('',#1206);
#1206 = CARTESIAN_POINT('',(17.812659454885,-18.23200985436,0.5));
#1207 = LINE('',#1208,#1209);
#1208 = CARTESIAN_POINT('',(18.,-17.5,0.5));
#1209 = VECTOR('',#1210,1.);
#1210 = DIRECTION('',(-0.247935366888,-0.968776575814,0.));
#1211 = ORIENTED_EDGE('',*,*,#1042,.F.);
#1212 = ORIENTED_EDGE('',*,*,#194,.F.);
#1213 = ORIENTED_EDGE('',*,*,#1214,.F.);
#1214 = EDGE_CURVE('',#1205,#186,#1215,.T.);
#1215 = LINE('',#1216,#1217);
#1216 = CARTESIAN_POINT('',(17.812659454885,-18.23200985436,0.5));
#1217 = VECTOR('',#1218,1.);
#1218 = DIRECTION('',(-0.,-0.,-1.));
#1219 = PLANE('',#1220);
#1220 = AXIS2_PLACEMENT_3D('',#1221,#1222,#1223);
#1221 = CARTESIAN_POINT('',(18.,-17.5,0.));
#1222 = DIRECTION('',(0.968776575814,-0.247935366888,0.));
#1223 = DIRECTION('',(-0.247935366888,-0.968776575814,0.));
#1224 = ADVANCED_FACE('',(#1225),#1255,.T.);
#1225 = FACE_BOUND('',#1226,.T.);
#1226 = EDGE_LOOP('',(#1227,#1228,#1248,#1254));
#1227 = ORIENTED_EDGE('',*,*,#1119,.T.);
#1228 = ORIENTED_EDGE('',*,*,#1229,.T.);
#1229 = EDGE_CURVE('',#1120,#1230,#1232,.T.);
#1230 = VERTEX_POINT('',#1231);
#1231 = CARTESIAN_POINT('',(18.,-16.74439765304,0.5));
#1232 = ( BOUNDED_CURVE() B_SPLINE_CURVE(14,(#1233,#1234,#1235,#1236,
    #1237,#1238,#1239,#1240,#1241,#1242,#1243,#1244,#1245,#1246,#1247),
.UNSPECIFIED.,.F.,.F.) B_SPLINE_CURVE_WITH_KNOTS((15,15),(
70.783311358664,95.517443300872),.PIECEWISE_BEZIER_KNOTS.) CURVE() 
GEOMETRIC_REPRESENTATION_ITEM() RATIONAL_B_SPLINE_CURVE((1.,1.,1.,1.,1.,
    1.,1.,1.000000000001,0.999999999998,1.000000000002,0.999999999999,
1.000000000001,1.,1.,1.)) REPRESENTATION_ITEM('') );
#1233 = CARTESIAN_POINT('',(18.,0.658628662252,6.30023478105));
#1234 = CARTESIAN_POINT('',(18.,-1.610067925646,6.13565020961));
#1235 = CARTESIAN_POINT('',(17.999999999998,-3.753804077562,
    5.918379319584));
#1236 = CARTESIAN_POINT('',(18.000000000005,-5.764889064005,
    5.650856940214));
#1237 = CARTESIAN_POINT('',(17.999999999989,-7.633597598532,
    5.346010854721));
#1238 = CARTESIAN_POINT('',(18.00000000002,-9.354005014235,
    4.976882947777));
#1239 = CARTESIAN_POINT('',(17.999999999973,-10.90499646062,
    4.625762977427));
#1240 = CARTESIAN_POINT('',(18.000000000031,-12.31271397661,
    4.14535811943));
#1241 = CARTESIAN_POINT('',(17.999999999971,-13.49732629268,
    3.765523400157));
#1242 = CARTESIAN_POINT('',(18.000000000022,-14.57771967885,
    3.224206019986));
#1243 = CARTESIAN_POINT('',(17.999999999987,-15.37808348209,
    2.758327220724));
#1244 = CARTESIAN_POINT('',(18.000000000006,-16.08194319513,
    2.226462971551));
#1245 = CARTESIAN_POINT('',(17.999999999998,-16.52928642301,
    1.641619403724));
#1246 = CARTESIAN_POINT('',(18.,-16.74439765304,1.060232524222));
#1247 = CARTESIAN_POINT('',(18.,-16.74439765304,0.5));
#1248 = ORIENTED_EDGE('',*,*,#1249,.T.);
#1249 = EDGE_CURVE('',#1230,#178,#1250,.T.);
#1250 = LINE('',#1251,#1252);
#1251 = CARTESIAN_POINT('',(18.,-16.74439765304,0.5));
#1252 = VECTOR('',#1253,1.);
#1253 = DIRECTION('',(-0.,-0.,-1.));
#1254 = ORIENTED_EDGE('',*,*,#177,.F.);
#1255 = PLANE('',#1256);
#1256 = AXIS2_PLACEMENT_3D('',#1257,#1258,#1259);
#1257 = CARTESIAN_POINT('',(18.,2.5,0.));
#1258 = DIRECTION('',(1.,0.,0.));
#1259 = DIRECTION('',(0.,-1.,0.));
#1260 = ADVANCED_FACE('',(#1261),#1272,.T.);
#1261 = FACE_BOUND('',#1262,.T.);
#1262 = EDGE_LOOP('',(#1263,#1269,#1270,#1271));
#1263 = ORIENTED_EDGE('',*,*,#1264,.T.);
#1264 = EDGE_CURVE('',#1230,#1205,#1265,.T.);
#1265 = ( BOUNDED_CURVE() B_SPLINE_CURVE(2,(#1266,#1267,#1268),
.UNSPECIFIED.,.F.,.F.) B_SPLINE_CURVE_WITH_KNOTS((3,3),(0.,
24.734131942207),.PIECEWISE_BEZIER_KNOTS.) CURVE() 
GEOMETRIC_REPRESENTATION_ITEM() RATIONAL_B_SPLINE_CURVE((1.,
0.992163438102,1.)) REPRESENTATION_ITEM('') );
#1266 = CARTESIAN_POINT('',(18.,-16.74439765304,0.5));
#1267 = CARTESIAN_POINT('',(18.,-17.5,0.5));
#1268 = CARTESIAN_POINT('',(17.812659454885,-18.23200985436,0.5));
#1269 = ORIENTED_EDGE('',*,*,#1214,.T.);
#1270 = ORIENTED_EDGE('',*,*,#185,.F.);
#1271 = ORIENTED_EDGE('',*,*,#1249,.F.);
#1272 = CYLINDRICAL_SURFACE('',#1273,6.);
#1273 = AXIS2_PLACEMENT_3D('',#1274,#1275,#1276);
#1274 = CARTESIAN_POINT('',(12.,-16.74439765304,0.5));
#1275 = DIRECTION('',(-0.,-0.,-1.));
#1276 = DIRECTION('',(1.,0.,0.));
#1277 = ADVANCED_FACE('',(#1278),#1351,.F.);
#1278 = FACE_BOUND('',#1279,.F.);
#1279 = EDGE_LOOP('',(#1280,#1343,#1349,#1350));
#1280 = ORIENTED_EDGE('',*,*,#1281,.F.);
#1281 = EDGE_CURVE('',#1282,#1282,#1284,.T.);
#1282 = VERTEX_POINT('',#1283);
#1283 = CARTESIAN_POINT('',(10.,-24.,10.971120934714));
#1284 = B_SPLINE_CURVE_WITH_KNOTS('',8,(#1285,#1286,#1287,#1288,#1289,
    #1290,#1291,#1292,#1293,#1294,#1295,#1296,#1297,#1298,#1299,#1300,
    #1301,#1302,#1303,#1304,#1305,#1306,#1307,#1308,#1309,#1310,#1311,
    #1312,#1313,#1314,#1315,#1316,#1317,#1318,#1319,#1320,#1321,#1322,
    #1323,#1324,#1325,#1326,#1327,#1328,#1329,#1330,#1331,#1332,#1333,
    #1334,#1335,#1336,#1337,#1338,#1339,#1340,#1341,#1342),
  .UNSPECIFIED.,.T.,.F.,(9,7,7,7,7,7,7,7,9),(0.,0.154250931628,
    0.293229331786,0.475674949903,0.619220985852,0.756754841701,
    0.857609871585,0.962380935955,1.),.UNSPECIFIED.);
#1285 = CARTESIAN_POINT('',(10.,-24.,10.971120934714));
#1286 = CARTESIAN_POINT('',(10.,-23.738547519,11.007406760303));
#1287 = CARTESIAN_POINT('',(9.968751450473,-23.47652050254,
    11.060115453443));
#1288 = CARTESIAN_POINT('',(9.906010751534,-23.21657449578,
    11.128031108697));
#1289 = CARTESIAN_POINT('',(9.811135285609,-22.96162528566,
    11.209517988819));
#1290 = CARTESIAN_POINT('',(9.683255678765,-22.71509695591,
    11.302487799644));
#1291 = CARTESIAN_POINT('',(9.521433051996,-22.48117026281,
    11.404345112598));
#1292 = CARTESIAN_POINT('',(9.324909492427,-22.26510585906,
    11.511997420726));
#1293 = CARTESIAN_POINT('',(8.885116592168,-21.90127753064,
    11.721142132267));
#1294 = CARTESIAN_POINT('',(8.642709958188,-21.74416000726,
    11.82489610034));
#1295 = CARTESIAN_POINT('',(8.370590044039,-21.61510413728,
    11.927605992426));
#1296 = CARTESIAN_POINT('',(8.076155816677,-21.52319598796,
    12.023633704946));
#1297 = CARTESIAN_POINT('',(7.769012358884,-21.47392429559,
    12.108839539178));
#1298 = CARTESIAN_POINT('',(7.459938209945,-21.46906598502,
    12.181418841233));
#1299 = CARTESIAN_POINT('',(7.159788318033,-21.50626183467,
    12.241355779305));
#1300 = CARTESIAN_POINT('',(6.508715553434,-21.67342890804,
    12.353157640469));
#1301 = CARTESIAN_POINT('',(6.176822933107,-21.82735091887,
    12.395681264676));
#1302 = CARTESIAN_POINT('',(5.887078885295,-22.02543316556,
    12.42340156624));
#1303 = CARTESIAN_POINT('',(5.64050583817,-22.25683034935,
    12.441334625783));
#1304 = CARTESIAN_POINT('',(5.436825374468,-22.51324015532,
    12.452752540573));
#1305 = CARTESIAN_POINT('',(5.275348642562,-22.78845902026,
    12.45968330188));
#1306 = CARTESIAN_POINT('',(5.155645187728,-23.07797857107,
    12.463152759178));
#1307 = CARTESIAN_POINT('',(5.017878305294,-23.61454515208,
    12.46318664311));
#1308 = CARTESIAN_POINT('',(4.98357772483,-23.85751726371,
    12.461065391863));
#1309 = CARTESIAN_POINT('',(4.976054724036,-24.1054728267,
    12.456812256611));
#1310 = CARTESIAN_POINT('',(4.996300410109,-24.35668835783,
    12.450037208116));
#1311 = CARTESIAN_POINT('',(5.04580447106,-24.60907864303,12.43997525682
    ));
#1312 = CARTESIAN_POINT('',(5.126471260882,-24.85995139637,
    12.425403275779));
#1313 = CARTESIAN_POINT('',(5.240503159203,-25.10569375282,
    12.40452861118));
#1314 = CARTESIAN_POINT('',(5.53367450288,-25.56686348592,
    12.346558938767));
#1315 = CARTESIAN_POINT('',(5.714289965362,-25.79005679532,
    12.309309339833));
#1316 = CARTESIAN_POINT('',(5.932136808679,-25.99663583387,
    12.261267898344));
#1317 = CARTESIAN_POINT('',(6.183043162391,-26.17525959617,
    12.200727070032));
#1318 = CARTESIAN_POINT('',(6.459572524386,-26.31760546303,
    12.126847012249));
#1319 = CARTESIAN_POINT('',(6.752375530374,-26.41864324226,
    12.040699229001));
#1320 = CARTESIAN_POINT('',(7.051030328689,-26.47692524247,
    11.94549727215));
#1321 = CARTESIAN_POINT('',(7.560514207055,-26.50858085464,
    11.772790474778));
#1322 = CARTESIAN_POINT('',(7.777428246954,-26.50069606534,
    11.696013745101));
#1323 = CARTESIAN_POINT('',(7.993210296694,-26.47136341034,
    11.61657497274));
#1324 = CARTESIAN_POINT('',(8.205368625633,-26.42077904874,
    11.535812944982));
#1325 = CARTESIAN_POINT('',(8.411472404773,-26.34948353792,
    11.455325901929));
#1326 = CARTESIAN_POINT('',(8.609199981409,-26.2583382406,
    11.376898082248));
#1327 = CARTESIAN_POINT('',(8.796381815174,-26.14850045733,
    11.302384413872));
#1328 = CARTESIAN_POINT('',(9.152475950354,-25.8893589044,
    11.162049688783));
#1329 = CARTESIAN_POINT('',(9.317703343354,-25.74064793568,
    11.097740161773));
#1330 = CARTESIAN_POINT('',(9.46572380304,-25.57745537247,
    11.042085570183));
#1331 = CARTESIAN_POINT('',(9.595767145574,-25.40179320284,
    10.996323571178));
#1332 = CARTESIAN_POINT('',(9.707203882507,-25.21552548952,
    10.961422192907));
#1333 = CARTESIAN_POINT('',(9.799476215303,-25.02040513615,
    10.938051645869));
#1334 = CARTESIAN_POINT('',(9.872045596629,-24.81811633847,
    10.926574430309));
#1335 = CARTESIAN_POINT('',(9.943139722892,-24.53571241216,
    10.927225840283));
#1336 = CARTESIAN_POINT('',(9.959298001688,-24.46044314239,
    10.928939294428));
#1337 = CARTESIAN_POINT('',(9.972809658249,-24.38460317968,
    10.932193449035));
#1338 = CARTESIAN_POINT('',(9.983654046539,-24.30828171719,
    10.936981424102));
#1339 = CARTESIAN_POINT('',(9.99181200631,-24.23156892465,
    10.943290201046));
#1340 = CARTESIAN_POINT('',(9.997265958395,-24.15455600012,
    10.951100711091));
#1341 = CARTESIAN_POINT('',(10.,-24.07733522183,10.960387923649));
#1342 = CARTESIAN_POINT('',(10.,-24.,10.971120934714));
#1343 = ORIENTED_EDGE('',*,*,#1344,.T.);
#1344 = EDGE_CURVE('',#1282,#295,#1345,.T.);
#1345 = LINE('',#1346,#1347);
#1346 = CARTESIAN_POINT('',(10.,-24.,13.5));
#1347 = VECTOR('',#1348,1.);
#1348 = DIRECTION('',(-0.,-0.,-1.));
#1349 = ORIENTED_EDGE('',*,*,#294,.T.);
#1350 = ORIENTED_EDGE('',*,*,#1344,.F.);
#1351 = CYLINDRICAL_SURFACE('',#1352,2.5);
#1352 = AXIS2_PLACEMENT_3D('',#1353,#1354,#1355);
#1353 = CARTESIAN_POINT('',(7.5,-24.,13.5));
#1354 = DIRECTION('',(0.,0.,1.));
#1355 = DIRECTION('',(1.,0.,0.));
#1356 = ADVANCED_FACE('',(#1357,#1478),#1489,.T.);
#1357 = FACE_BOUND('',#1358,.T.);
#1358 = EDGE_LOOP('',(#1359,#1360,#1361,#1367,#1368,#1374,#1375,#1376,
    #1377,#1385,#1394,#1402,#1410,#1418,#1426,#1434,#1442,#1450,#1456,
    #1457,#1458,#1459,#1460,#1468,#1474,#1475,#1476,#1477));
#1359 = ORIENTED_EDGE('',*,*,#494,.T.);
#1360 = ORIENTED_EDGE('',*,*,#621,.F.);
#1361 = ORIENTED_EDGE('',*,*,#1362,.T.);
#1362 = EDGE_CURVE('',#613,#760,#1363,.T.);
#1363 = LINE('',#1364,#1365);
#1364 = CARTESIAN_POINT('',(-10.5,-36.4,7.886505930168E-17));
#1365 = VECTOR('',#1366,1.);
#1366 = DIRECTION('',(0.,-1.,2.22044604925E-16));
#1367 = ORIENTED_EDGE('',*,*,#759,.T.);
#1368 = ORIENTED_EDGE('',*,*,#1369,.F.);
#1369 = EDGE_CURVE('',#936,#751,#1370,.T.);
#1370 = LINE('',#1371,#1372);
#1371 = CARTESIAN_POINT('',(-9.2,-38.,9.437694987151E-15));
#1372 = VECTOR('',#1373,1.);
#1373 = DIRECTION('',(0.,1.,-2.22044604925E-16));
#1374 = ORIENTED_EDGE('',*,*,#935,.F.);
#1375 = ORIENTED_EDGE('',*,*,#1003,.F.);
#1376 = ORIENTED_EDGE('',*,*,#1084,.T.);
#1377 = ORIENTED_EDGE('',*,*,#1378,.T.);
#1378 = EDGE_CURVE('',#1077,#1379,#1381,.T.);
#1379 = VERTEX_POINT('',#1380);
#1380 = CARTESIAN_POINT('',(-17.81265945488,-18.23200985436,0.));
#1381 = LINE('',#1382,#1383);
#1382 = CARTESIAN_POINT('',(-12.5,-38.99056519796,0.));
#1383 = VECTOR('',#1384,1.);
#1384 = DIRECTION('',(-0.247935366888,0.968776575814,0.));
#1385 = ORIENTED_EDGE('',*,*,#1386,.F.);
#1386 = EDGE_CURVE('',#1387,#1379,#1389,.T.);
#1387 = VERTEX_POINT('',#1388);
#1388 = CARTESIAN_POINT('',(-18.,-16.74439765304,0.));
#1389 = CIRCLE('',#1390,6.);
#1390 = AXIS2_PLACEMENT_3D('',#1391,#1392,#1393);
#1391 = CARTESIAN_POINT('',(-12.,-16.74439765304,0.));
#1392 = DIRECTION('',(-0.,0.,1.));
#1393 = DIRECTION('',(0.,-1.,0.));
#1394 = ORIENTED_EDGE('',*,*,#1395,.T.);
#1395 = EDGE_CURVE('',#1387,#1396,#1398,.T.);
#1396 = VERTEX_POINT('',#1397);
#1397 = CARTESIAN_POINT('',(-18.,-16.5,0.));
#1398 = LINE('',#1399,#1400);
#1399 = CARTESIAN_POINT('',(-18.,-17.5,0.));
#1400 = VECTOR('',#1401,1.);
#1401 = DIRECTION('',(0.,1.,0.));
#1402 = ORIENTED_EDGE('',*,*,#1403,.F.);
#1403 = EDGE_CURVE('',#1404,#1396,#1406,.T.);
#1404 = VERTEX_POINT('',#1405);
#1405 = CARTESIAN_POINT('',(-14.3,-16.5,0.));
#1406 = LINE('',#1407,#1408);
#1407 = CARTESIAN_POINT('',(-18.5,-16.5,0.));
#1408 = VECTOR('',#1409,1.);
#1409 = DIRECTION('',(-1.,-0.,-0.));
#1410 = ORIENTED_EDGE('',*,*,#1411,.F.);
#1411 = EDGE_CURVE('',#1412,#1404,#1414,.T.);
#1412 = VERTEX_POINT('',#1413);
#1413 = CARTESIAN_POINT('',(-10.,-16.5,0.));
#1414 = LINE('',#1415,#1416);
#1415 = CARTESIAN_POINT('',(-7.15,-16.5,0.));
#1416 = VECTOR('',#1417,1.);
#1417 = DIRECTION('',(-1.,0.,0.));
#1418 = ORIENTED_EDGE('',*,*,#1419,.F.);
#1419 = EDGE_CURVE('',#1420,#1412,#1422,.T.);
#1420 = VERTEX_POINT('',#1421);
#1421 = CARTESIAN_POINT('',(-10.,-21.,0.));
#1422 = LINE('',#1423,#1424);
#1423 = CARTESIAN_POINT('',(-10.,-8.509815398698,0.));
#1424 = VECTOR('',#1425,1.);
#1425 = DIRECTION('',(0.,1.,0.));
#1426 = ORIENTED_EDGE('',*,*,#1427,.F.);
#1427 = EDGE_CURVE('',#1428,#1420,#1430,.T.);
#1428 = VERTEX_POINT('',#1429);
#1429 = CARTESIAN_POINT('',(-5.5,-21.,0.));
#1430 = LINE('',#1431,#1432);
#1431 = CARTESIAN_POINT('',(-5.,-21.,0.));
#1432 = VECTOR('',#1433,1.);
#1433 = DIRECTION('',(-1.,0.,0.));
#1434 = ORIENTED_EDGE('',*,*,#1435,.T.);
#1435 = EDGE_CURVE('',#1428,#1436,#1438,.T.);
#1436 = VERTEX_POINT('',#1437);
#1437 = CARTESIAN_POINT('',(-5.5,-16.5,0.));
#1438 = LINE('',#1439,#1440);
#1439 = CARTESIAN_POINT('',(-5.5,-21.,0.));
#1440 = VECTOR('',#1441,1.);
#1441 = DIRECTION('',(0.,1.,0.));
#1442 = ORIENTED_EDGE('',*,*,#1443,.F.);
#1443 = EDGE_CURVE('',#1444,#1436,#1446,.T.);
#1444 = VERTEX_POINT('',#1445);
#1445 = CARTESIAN_POINT('',(-5.,-16.5,0.));
#1446 = LINE('',#1447,#1448);
#1447 = CARTESIAN_POINT('',(-7.15,-16.5,0.));
#1448 = VECTOR('',#1449,1.);
#1449 = DIRECTION('',(-1.,0.,0.));
#1450 = ORIENTED_EDGE('',*,*,#1451,.T.);
#1451 = EDGE_CURVE('',#1444,#811,#1452,.T.);
#1452 = LINE('',#1453,#1454);
#1453 = CARTESIAN_POINT('',(-5.,-16.25981539869,0.));
#1454 = VECTOR('',#1455,1.);
#1455 = DIRECTION('',(0.,-1.,0.));
#1456 = ORIENTED_EDGE('',*,*,#834,.F.);
#1457 = ORIENTED_EDGE('',*,*,#708,.T.);
#1458 = ORIENTED_EDGE('',*,*,#648,.T.);
#1459 = ORIENTED_EDGE('',*,*,#519,.T.);
#1460 = ORIENTED_EDGE('',*,*,#1461,.F.);
#1461 = EDGE_CURVE('',#1462,#520,#1464,.T.);
#1462 = VERTEX_POINT('',#1463);
#1463 = CARTESIAN_POINT('',(-2.6,-23.6,0.));
#1464 = LINE('',#1465,#1466);
#1465 = CARTESIAN_POINT('',(-4.029521955227E-16,-23.6,0.));
#1466 = VECTOR('',#1467,1.);
#1467 = DIRECTION('',(-1.,0.,0.));
#1468 = ORIENTED_EDGE('',*,*,#1469,.T.);
#1469 = EDGE_CURVE('',#1462,#345,#1470,.T.);
#1470 = LINE('',#1471,#1472);
#1471 = CARTESIAN_POINT('',(-2.6,-19.05981539869,0.));
#1472 = VECTOR('',#1473,1.);
#1473 = DIRECTION('',(0.,-1.,0.));
#1474 = ORIENTED_EDGE('',*,*,#344,.T.);
#1475 = ORIENTED_EDGE('',*,*,#321,.T.);
#1476 = ORIENTED_EDGE('',*,*,#386,.F.);
#1477 = ORIENTED_EDGE('',*,*,#452,.F.);
#1478 = FACE_BOUND('',#1479,.T.);
#1479 = EDGE_LOOP('',(#1480));
#1480 = ORIENTED_EDGE('',*,*,#1481,.T.);
#1481 = EDGE_CURVE('',#1482,#1482,#1484,.T.);
#1482 = VERTEX_POINT('',#1483);
#1483 = CARTESIAN_POINT('',(-5.9,-24.,0.));
#1484 = CIRCLE('',#1485,1.6);
#1485 = AXIS2_PLACEMENT_3D('',#1486,#1487,#1488);
#1486 = CARTESIAN_POINT('',(-7.5,-24.,0.));
#1487 = DIRECTION('',(0.,0.,1.));
#1488 = DIRECTION('',(1.,0.,0.));
#1489 = PLANE('',#1490);
#1490 = AXIS2_PLACEMENT_3D('',#1491,#1492,#1493);
#1491 = CARTESIAN_POINT('',(1.679074511946,-10.60317897163,
    7.886505930168E-17));
#1492 = DIRECTION('',(-0.,-0.,-1.));
#1493 = DIRECTION('',(-1.,0.,0.));
#1494 = ADVANCED_FACE('',(#1495),#1519,.F.);
#1495 = FACE_BOUND('',#1496,.F.);
#1496 = EDGE_LOOP('',(#1497,#1498,#1506,#1512,#1518));
#1497 = ORIENTED_EDGE('',*,*,#370,.F.);
#1498 = ORIENTED_EDGE('',*,*,#1499,.T.);
#1499 = EDGE_CURVE('',#363,#1500,#1502,.T.);
#1500 = VERTEX_POINT('',#1501);
#1501 = CARTESIAN_POINT('',(-2.6,-23.6,4.));
#1502 = LINE('',#1503,#1504);
#1503 = CARTESIAN_POINT('',(-2.6,-25.6,4.));
#1504 = VECTOR('',#1505,1.);
#1505 = DIRECTION('',(0.,1.,-2.2E-16));
#1506 = ORIENTED_EDGE('',*,*,#1507,.T.);
#1507 = EDGE_CURVE('',#1500,#528,#1508,.T.);
#1508 = LINE('',#1509,#1510);
#1509 = CARTESIAN_POINT('',(-2.6,-23.6,4.));
#1510 = VECTOR('',#1511,1.);
#1511 = DIRECTION('',(0.,0.,-1.));
#1512 = ORIENTED_EDGE('',*,*,#1513,.T.);
#1513 = EDGE_CURVE('',#528,#1462,#1514,.T.);
#1514 = LINE('',#1515,#1516);
#1515 = CARTESIAN_POINT('',(-2.6,-23.6,4.));
#1516 = VECTOR('',#1517,1.);
#1517 = DIRECTION('',(0.,0.,-1.));
#1518 = ORIENTED_EDGE('',*,*,#1469,.T.);
#1519 = PLANE('',#1520);
#1520 = AXIS2_PLACEMENT_3D('',#1521,#1522,#1523);
#1521 = CARTESIAN_POINT('',(-2.6,-25.6,4.));
#1522 = DIRECTION('',(-1.,0.,0.));
#1523 = DIRECTION('',(0.,-2.2E-16,-1.));
#1524 = ADVANCED_FACE('',(#1525),#1548,.F.);
#1525 = FACE_BOUND('',#1526,.F.);
#1526 = EDGE_LOOP('',(#1527,#1528,#1534,#1540,#1546,#1547));
#1527 = ORIENTED_EDGE('',*,*,#427,.T.);
#1528 = ORIENTED_EDGE('',*,*,#1529,.T.);
#1529 = EDGE_CURVE('',#420,#546,#1530,.T.);
#1530 = LINE('',#1531,#1532);
#1531 = CARTESIAN_POINT('',(2.6,-23.6,4.));
#1532 = VECTOR('',#1533,1.);
#1533 = DIRECTION('',(-1.,0.,0.));
#1534 = ORIENTED_EDGE('',*,*,#1535,.T.);
#1535 = EDGE_CURVE('',#546,#537,#1536,.T.);
#1536 = LINE('',#1537,#1538);
#1537 = CARTESIAN_POINT('',(2.6,-23.6,4.));
#1538 = VECTOR('',#1539,1.);
#1539 = DIRECTION('',(-1.,0.,0.));
#1540 = ORIENTED_EDGE('',*,*,#1541,.T.);
#1541 = EDGE_CURVE('',#537,#1500,#1542,.T.);
#1542 = LINE('',#1543,#1544);
#1543 = CARTESIAN_POINT('',(2.6,-23.6,4.));
#1544 = VECTOR('',#1545,1.);
#1545 = DIRECTION('',(-1.,0.,0.));
#1546 = ORIENTED_EDGE('',*,*,#1499,.F.);
#1547 = ORIENTED_EDGE('',*,*,#362,.F.);
#1548 = PLANE('',#1549);
#1549 = AXIS2_PLACEMENT_3D('',#1550,#1551,#1552);
#1550 = CARTESIAN_POINT('',(2.6,-25.6,4.));
#1551 = DIRECTION('',(0.,2.2E-16,1.));
#1552 = DIRECTION('',(-1.,0.,0.));
#1553 = ADVANCED_FACE('',(#1554),#1559,.F.);
#1554 = FACE_BOUND('',#1555,.F.);
#1555 = EDGE_LOOP('',(#1556,#1557,#1558));
#1556 = ORIENTED_EDGE('',*,*,#419,.F.);
#1557 = ORIENTED_EDGE('',*,*,#554,.T.);
#1558 = ORIENTED_EDGE('',*,*,#1529,.F.);
#1559 = PLANE('',#1560);
#1560 = AXIS2_PLACEMENT_3D('',#1561,#1562,#1563);
#1561 = CARTESIAN_POINT('',(0.,-23.6,5.58E-15));
#1562 = DIRECTION('',(0.,1.,0.));
#1563 = DIRECTION('',(0.,0.,1.));
#1564 = ADVANCED_FACE('',(#1565),#1569,.T.);
#1565 = FACE_BOUND('',#1566,.T.);
#1566 = EDGE_LOOP('',(#1567,#1568));
#1567 = ORIENTED_EDGE('',*,*,#545,.F.);
#1568 = ORIENTED_EDGE('',*,*,#1535,.T.);
#1569 = PLANE('',#1570);
#1570 = AXIS2_PLACEMENT_3D('',#1571,#1572,#1573);
#1571 = CARTESIAN_POINT('',(-4.459043910455E-16,-23.6,5.8878141657E-15)
  );
#1572 = DIRECTION('',(0.,1.,0.));
#1573 = DIRECTION('',(0.,0.,1.));
#1574 = ADVANCED_FACE('',(#1575),#1580,.F.);
#1575 = FACE_BOUND('',#1576,.F.);
#1576 = EDGE_LOOP('',(#1577,#1578,#1579));
#1577 = ORIENTED_EDGE('',*,*,#536,.T.);
#1578 = ORIENTED_EDGE('',*,*,#1507,.F.);
#1579 = ORIENTED_EDGE('',*,*,#1541,.F.);
#1580 = PLANE('',#1581);
#1581 = AXIS2_PLACEMENT_3D('',#1582,#1583,#1584);
#1582 = CARTESIAN_POINT('',(0.,-23.6,5.58E-15));
#1583 = DIRECTION('',(0.,1.,0.));
#1584 = DIRECTION('',(0.,0.,1.));
#1585 = ADVANCED_FACE('',(#1586),#1591,.T.);
#1586 = FACE_BOUND('',#1587,.T.);
#1587 = EDGE_LOOP('',(#1588,#1589,#1590));
#1588 = ORIENTED_EDGE('',*,*,#1461,.T.);
#1589 = ORIENTED_EDGE('',*,*,#527,.F.);
#1590 = ORIENTED_EDGE('',*,*,#1513,.T.);
#1591 = PLANE('',#1592);
#1592 = AXIS2_PLACEMENT_3D('',#1593,#1594,#1595);
#1593 = CARTESIAN_POINT('',(-4.459043910455E-16,-23.6,5.8878141657E-15)
  );
#1594 = DIRECTION('',(0.,1.,0.));
#1595 = DIRECTION('',(0.,0.,1.));
#1596 = ADVANCED_FACE('',(#1597),#1608,.F.);
#1597 = FACE_BOUND('',#1598,.F.);
#1598 = EDGE_LOOP('',(#1599,#1600,#1601,#1602));
#1599 = ORIENTED_EDGE('',*,*,#793,.F.);
#1600 = ORIENTED_EDGE('',*,*,#662,.F.);
#1601 = ORIENTED_EDGE('',*,*,#587,.T.);
#1602 = ORIENTED_EDGE('',*,*,#1603,.F.);
#1603 = EDGE_CURVE('',#786,#588,#1604,.T.);
#1604 = LINE('',#1605,#1606);
#1605 = CARTESIAN_POINT('',(0.,-36.4,11.147882472104));
#1606 = VECTOR('',#1607,1.);
#1607 = DIRECTION('',(0.,1.,-2.22044604925E-16));
#1608 = PLANE('',#1609);
#1609 = AXIS2_PLACEMENT_3D('',#1610,#1611,#1612);
#1610 = CARTESIAN_POINT('',(4.325,-36.4,9.567882472104));
#1611 = DIRECTION('',(0.343137684113,2.085631925654E-16,0.939285116321)
  );
#1612 = DIRECTION('',(-0.939285116321,7.619187150367E-17,0.343137684113)
  );
#1613 = ADVANCED_FACE('',(#1614),#1625,.F.);
#1614 = FACE_BOUND('',#1615,.F.);
#1615 = EDGE_LOOP('',(#1616,#1617,#1618,#1619));
#1616 = ORIENTED_EDGE('',*,*,#785,.F.);
#1617 = ORIENTED_EDGE('',*,*,#1603,.T.);
#1618 = ORIENTED_EDGE('',*,*,#595,.T.);
#1619 = ORIENTED_EDGE('',*,*,#1620,.T.);
#1620 = EDGE_CURVE('',#596,#777,#1621,.T.);
#1621 = LINE('',#1622,#1623);
#1622 = CARTESIAN_POINT('',(-2.861016889719,-36.4,10.102701735513));
#1623 = VECTOR('',#1624,1.);
#1624 = DIRECTION('',(0.,-1.,2.22044604925E-16));
#1625 = PLANE('',#1626);
#1626 = AXIS2_PLACEMENT_3D('',#1627,#1628,#1629);
#1627 = CARTESIAN_POINT('',(0.,-36.4,11.147882472104));
#1628 = DIRECTION('',(-0.343137684113,2.085631925654E-16,0.939285116321)
  );
#1629 = DIRECTION('',(-0.939285116321,-7.619187150367E-17,
    -0.343137684113));
#1630 = ADVANCED_FACE('',(#1631),#1639,.F.);
#1631 = FACE_BOUND('',#1632,.F.);
#1632 = EDGE_LOOP('',(#1633,#1634,#1635,#1636,#1637,#1638));
#1633 = ORIENTED_EDGE('',*,*,#603,.T.);
#1634 = ORIENTED_EDGE('',*,*,#612,.T.);
#1635 = ORIENTED_EDGE('',*,*,#1362,.T.);
#1636 = ORIENTED_EDGE('',*,*,#767,.F.);
#1637 = ORIENTED_EDGE('',*,*,#776,.F.);
#1638 = ORIENTED_EDGE('',*,*,#1620,.F.);
#1639 = CYLINDRICAL_SURFACE('',#1640,10.5);
#1640 = AXIS2_PLACEMENT_3D('',#1641,#1642,#1643);
#1641 = CARTESIAN_POINT('',(0.,-36.4,8.082423619271E-15));
#1642 = DIRECTION('',(0.,-1.,2.22044604925E-16));
#1643 = DIRECTION('',(1.,0.,0.));
#1644 = ADVANCED_FACE('',(#1645),#1656,.F.);
#1645 = FACE_BOUND('',#1646,.F.);
#1646 = EDGE_LOOP('',(#1647,#1648,#1654,#1655));
#1647 = ORIENTED_EDGE('',*,*,#943,.F.);
#1648 = ORIENTED_EDGE('',*,*,#1649,.T.);
#1649 = EDGE_CURVE('',#944,#743,#1650,.T.);
#1650 = LINE('',#1651,#1652);
#1651 = CARTESIAN_POINT('',(-4.366086008E-06,-38.,9.199999999999));
#1652 = VECTOR('',#1653,1.);
#1653 = DIRECTION('',(0.,1.,-2.22044604925E-16));
#1654 = ORIENTED_EDGE('',*,*,#750,.T.);
#1655 = ORIENTED_EDGE('',*,*,#1369,.F.);
#1656 = CYLINDRICAL_SURFACE('',#1657,9.2);
#1657 = AXIS2_PLACEMENT_3D('',#1658,#1659,#1660);
#1658 = CARTESIAN_POINT('',(0.,-38.,8.437694987151E-15));
#1659 = DIRECTION('',(0.,-1.,2.22044604925E-16));
#1660 = DIRECTION('',(1.,0.,0.));
#1661 = ADVANCED_FACE('',(#1662),#1680,.F.);
#1662 = FACE_BOUND('',#1663,.F.);
#1663 = EDGE_LOOP('',(#1664,#1665,#1673,#1679));
#1664 = ORIENTED_EDGE('',*,*,#808,.F.);
#1665 = ORIENTED_EDGE('',*,*,#1666,.T.);
#1666 = EDGE_CURVE('',#809,#1667,#1669,.T.);
#1667 = VERTEX_POINT('',#1668);
#1668 = CARTESIAN_POINT('',(-5.,-16.5,5.));
#1669 = LINE('',#1670,#1671);
#1670 = CARTESIAN_POINT('',(-5.,-20.,5.));
#1671 = VECTOR('',#1672,1.);
#1672 = DIRECTION('',(0.,1.,-2.22044604925E-16));
#1673 = ORIENTED_EDGE('',*,*,#1674,.T.);
#1674 = EDGE_CURVE('',#1667,#1444,#1675,.T.);
#1675 = LINE('',#1676,#1677);
#1676 = CARTESIAN_POINT('',(-5.,-16.5,5.625));
#1677 = VECTOR('',#1678,1.);
#1678 = DIRECTION('',(0.,0.,-1.));
#1679 = ORIENTED_EDGE('',*,*,#1451,.T.);
#1680 = PLANE('',#1681);
#1681 = AXIS2_PLACEMENT_3D('',#1682,#1683,#1684);
#1682 = CARTESIAN_POINT('',(-5.,-20.,5.));
#1683 = DIRECTION('',(-1.,0.,0.));
#1684 = DIRECTION('',(0.,-2.22044604925E-16,-1.));
#1685 = ADVANCED_FACE('',(#1686),#1713,.T.);
#1686 = FACE_BOUND('',#1687,.T.);
#1687 = EDGE_LOOP('',(#1688,#1689,#1690,#1698,#1706,#1712));
#1688 = ORIENTED_EDGE('',*,*,#818,.T.);
#1689 = ORIENTED_EDGE('',*,*,#1666,.T.);
#1690 = ORIENTED_EDGE('',*,*,#1691,.F.);
#1691 = EDGE_CURVE('',#1692,#1667,#1694,.T.);
#1692 = VERTEX_POINT('',#1693);
#1693 = CARTESIAN_POINT('',(10.2,-16.5,5.));
#1694 = LINE('',#1695,#1696);
#1695 = CARTESIAN_POINT('',(0.85,-16.5,5.));
#1696 = VECTOR('',#1697,1.);
#1697 = DIRECTION('',(-1.,0.,0.));
#1698 = ORIENTED_EDGE('',*,*,#1699,.T.);
#1699 = EDGE_CURVE('',#1692,#1700,#1702,.T.);
#1700 = VERTEX_POINT('',#1701);
#1701 = CARTESIAN_POINT('',(10.2,4.,5.));
#1702 = LINE('',#1703,#1704);
#1703 = CARTESIAN_POINT('',(10.2,-20.,5.));
#1704 = VECTOR('',#1705,1.);
#1705 = DIRECTION('',(8.659560562355E-17,1.,-2.22044604925E-16));
#1706 = ORIENTED_EDGE('',*,*,#1707,.T.);
#1707 = EDGE_CURVE('',#1700,#903,#1708,.T.);
#1708 = LINE('',#1709,#1710);
#1709 = CARTESIAN_POINT('',(10.2,4.,5.));
#1710 = VECTOR('',#1711,1.);
#1711 = DIRECTION('',(1.,-8.659560562355E-17,8.659560562355E-17));
#1712 = ORIENTED_EDGE('',*,*,#902,.F.);
#1713 = PLANE('',#1714);
#1714 = AXIS2_PLACEMENT_3D('',#1715,#1716,#1717);
#1715 = CARTESIAN_POINT('',(8.962222222222,-11.46222222222,5.));
#1716 = DIRECTION('',(-0.,-3.701836164394E-16,-1.));
#1717 = DIRECTION('',(0.,-1.,3.701836164394E-16));
#1718 = ADVANCED_FACE('',(#1719,#1871),#1882,.T.);
#1719 = FACE_BOUND('',#1720,.T.);
#1720 = EDGE_LOOP('',(#1721,#1731,#1739,#1748,#1756,#1765,#1773,#1782,
    #1790,#1799,#1805,#1806,#1807,#1808,#1809,#1817,#1825,#1833,#1841,
    #1849,#1857,#1865));
#1721 = ORIENTED_EDGE('',*,*,#1722,.F.);
#1722 = EDGE_CURVE('',#1723,#1725,#1727,.T.);
#1723 = VERTEX_POINT('',#1724);
#1724 = CARTESIAN_POINT('',(-18.,-1.25,0.));
#1725 = VERTEX_POINT('',#1726);
#1726 = CARTESIAN_POINT('',(-14.3,-1.25,0.));
#1727 = LINE('',#1728,#1729);
#1728 = CARTESIAN_POINT('',(-18.5,-1.25,0.));
#1729 = VECTOR('',#1730,1.);
#1730 = DIRECTION('',(1.,0.,0.));
#1731 = ORIENTED_EDGE('',*,*,#1732,.T.);
#1732 = EDGE_CURVE('',#1723,#1733,#1735,.T.);
#1733 = VERTEX_POINT('',#1734);
#1734 = CARTESIAN_POINT('',(-18.,0.658628662252,0.));
#1735 = LINE('',#1736,#1737);
#1736 = CARTESIAN_POINT('',(-18.,-17.5,0.));
#1737 = VECTOR('',#1738,1.);
#1738 = DIRECTION('',(0.,1.,0.));
#1739 = ORIENTED_EDGE('',*,*,#1740,.T.);
#1740 = EDGE_CURVE('',#1733,#1741,#1743,.T.);
#1741 = VERTEX_POINT('',#1742);
#1742 = CARTESIAN_POINT('',(-17.09393987104,4.103029458928,0.));
#1743 = CIRCLE('',#1744,7.);
#1744 = AXIS2_PLACEMENT_3D('',#1745,#1746,#1747);
#1745 = CARTESIAN_POINT('',(-11.,0.658628662252,0.));
#1746 = DIRECTION('',(-0.,-0.,-1.));
#1747 = DIRECTION('',(0.,-1.,0.));
#1748 = ORIENTED_EDGE('',*,*,#1749,.T.);
#1749 = EDGE_CURVE('',#1741,#1750,#1752,.T.);
#1750 = VERTEX_POINT('',#1751);
#1751 = CARTESIAN_POINT('',(-13.50968650622,10.444400796675,0.));
#1752 = LINE('',#1753,#1754);
#1753 = CARTESIAN_POINT('',(-18.,2.5,0.));
#1754 = VECTOR('',#1755,1.);
#1755 = DIRECTION('',(0.492057256668,0.87056283872,0.));
#1756 = ORIENTED_EDGE('',*,*,#1757,.T.);
#1757 = EDGE_CURVE('',#1750,#1758,#1760,.T.);
#1758 = VERTEX_POINT('',#1759);
#1759 = CARTESIAN_POINT('',(-7.415746635186,14.,0.));
#1760 = CIRCLE('',#1761,7.);
#1761 = AXIS2_PLACEMENT_3D('',#1762,#1763,#1764);
#1762 = CARTESIAN_POINT('',(-7.415746635186,7.,0.));
#1763 = DIRECTION('',(-0.,-0.,-1.));
#1764 = DIRECTION('',(0.,-1.,0.));
#1765 = ORIENTED_EDGE('',*,*,#1766,.T.);
#1766 = EDGE_CURVE('',#1758,#1767,#1769,.T.);
#1767 = VERTEX_POINT('',#1768);
#1768 = CARTESIAN_POINT('',(7.415746635186,14.,0.));
#1769 = LINE('',#1770,#1771);
#1770 = CARTESIAN_POINT('',(-11.5,14.,0.));
#1771 = VECTOR('',#1772,1.);
#1772 = DIRECTION('',(1.,0.,0.));
#1773 = ORIENTED_EDGE('',*,*,#1774,.T.);
#1774 = EDGE_CURVE('',#1767,#1775,#1777,.T.);
#1775 = VERTEX_POINT('',#1776);
#1776 = CARTESIAN_POINT('',(13.509686506227,10.444400796675,0.));
#1777 = CIRCLE('',#1778,7.);
#1778 = AXIS2_PLACEMENT_3D('',#1779,#1780,#1781);
#1779 = CARTESIAN_POINT('',(7.415746635186,7.,0.));
#1780 = DIRECTION('',(-0.,-0.,-1.));
#1781 = DIRECTION('',(0.,-1.,0.));
#1782 = ORIENTED_EDGE('',*,*,#1783,.T.);
#1783 = EDGE_CURVE('',#1775,#1784,#1786,.T.);
#1784 = VERTEX_POINT('',#1785);
#1785 = CARTESIAN_POINT('',(17.093939871041,4.103029458928,0.));
#1786 = LINE('',#1787,#1788);
#1787 = CARTESIAN_POINT('',(11.5,14.,0.));
#1788 = VECTOR('',#1789,1.);
#1789 = DIRECTION('',(0.492057256668,-0.87056283872,0.));
#1790 = ORIENTED_EDGE('',*,*,#1791,.T.);
#1791 = EDGE_CURVE('',#1784,#1792,#1794,.T.);
#1792 = VERTEX_POINT('',#1793);
#1793 = CARTESIAN_POINT('',(18.,0.658628662252,0.));
#1794 = CIRCLE('',#1795,7.);
#1795 = AXIS2_PLACEMENT_3D('',#1796,#1797,#1798);
#1796 = CARTESIAN_POINT('',(11.,0.658628662252,0.));
#1797 = DIRECTION('',(-0.,-0.,-1.));
#1798 = DIRECTION('',(0.,-1.,0.));
#1799 = ORIENTED_EDGE('',*,*,#1800,.T.);
#1800 = EDGE_CURVE('',#1792,#1103,#1801,.T.);
#1801 = LINE('',#1802,#1803);
#1802 = CARTESIAN_POINT('',(18.,2.5,0.));
#1803 = VECTOR('',#1804,1.);
#1804 = DIRECTION('',(0.,-1.,0.));
#1805 = ORIENTED_EDGE('',*,*,#1111,.T.);
#1806 = ORIENTED_EDGE('',*,*,#1017,.F.);
#1807 = ORIENTED_EDGE('',*,*,#968,.F.);
#1808 = ORIENTED_EDGE('',*,*,#883,.T.);
#1809 = ORIENTED_EDGE('',*,*,#1810,.T.);
#1810 = EDGE_CURVE('',#886,#1811,#1813,.T.);
#1811 = VERTEX_POINT('',#1812);
#1812 = CARTESIAN_POINT('',(10.2,4.,0.));
#1813 = LINE('',#1814,#1815);
#1814 = CARTESIAN_POINT('',(6.55,4.,0.));
#1815 = VECTOR('',#1816,1.);
#1816 = DIRECTION('',(-1.,0.,0.));
#1817 = ORIENTED_EDGE('',*,*,#1818,.T.);
#1818 = EDGE_CURVE('',#1811,#1819,#1821,.T.);
#1819 = VERTEX_POINT('',#1820);
#1820 = CARTESIAN_POINT('',(10.2,7.,0.));
#1821 = LINE('',#1822,#1823);
#1822 = CARTESIAN_POINT('',(10.2,-8.634815398698,0.));
#1823 = VECTOR('',#1824,1.);
#1824 = DIRECTION('',(0.,1.,0.));
#1825 = ORIENTED_EDGE('',*,*,#1826,.F.);
#1826 = EDGE_CURVE('',#1827,#1819,#1829,.T.);
#1827 = VERTEX_POINT('',#1828);
#1828 = CARTESIAN_POINT('',(-5.5,7.,0.));
#1829 = LINE('',#1830,#1831);
#1830 = CARTESIAN_POINT('',(-7.15,7.,0.));
#1831 = VECTOR('',#1832,1.);
#1832 = DIRECTION('',(1.,0.,0.));
#1833 = ORIENTED_EDGE('',*,*,#1834,.T.);
#1834 = EDGE_CURVE('',#1827,#1835,#1837,.T.);
#1835 = VERTEX_POINT('',#1836);
#1836 = CARTESIAN_POINT('',(-5.5,12.,0.));
#1837 = LINE('',#1838,#1839);
#1838 = CARTESIAN_POINT('',(-5.5,-21.,0.));
#1839 = VECTOR('',#1840,1.);
#1840 = DIRECTION('',(0.,1.,0.));
#1841 = ORIENTED_EDGE('',*,*,#1842,.F.);
#1842 = EDGE_CURVE('',#1843,#1835,#1845,.T.);
#1843 = VERTEX_POINT('',#1844);
#1844 = CARTESIAN_POINT('',(-10.,12.,0.));
#1845 = LINE('',#1846,#1847);
#1846 = CARTESIAN_POINT('',(-5.,12.,0.));
#1847 = VECTOR('',#1848,1.);
#1848 = DIRECTION('',(1.,0.,0.));
#1849 = ORIENTED_EDGE('',*,*,#1850,.F.);
#1850 = EDGE_CURVE('',#1851,#1843,#1853,.T.);
#1851 = VERTEX_POINT('',#1852);
#1852 = CARTESIAN_POINT('',(-10.,7.,0.));
#1853 = LINE('',#1854,#1855);
#1854 = CARTESIAN_POINT('',(-10.,-8.509815398698,0.));
#1855 = VECTOR('',#1856,1.);
#1856 = DIRECTION('',(0.,1.,0.));
#1857 = ORIENTED_EDGE('',*,*,#1858,.F.);
#1858 = EDGE_CURVE('',#1859,#1851,#1861,.T.);
#1859 = VERTEX_POINT('',#1860);
#1860 = CARTESIAN_POINT('',(-14.3,7.,0.));
#1861 = LINE('',#1862,#1863);
#1862 = CARTESIAN_POINT('',(-7.15,7.,0.));
#1863 = VECTOR('',#1864,1.);
#1864 = DIRECTION('',(1.,0.,0.));
#1865 = ORIENTED_EDGE('',*,*,#1866,.F.);
#1866 = EDGE_CURVE('',#1725,#1859,#1867,.T.);
#1867 = LINE('',#1868,#1869);
#1868 = CARTESIAN_POINT('',(-14.3,-8.634815398698,0.));
#1869 = VECTOR('',#1870,1.);
#1870 = DIRECTION('',(0.,1.,0.));
#1871 = FACE_BOUND('',#1872,.T.);
#1872 = EDGE_LOOP('',(#1873));
#1873 = ORIENTED_EDGE('',*,*,#1874,.T.);
#1874 = EDGE_CURVE('',#1875,#1875,#1877,.T.);
#1875 = VERTEX_POINT('',#1876);
#1876 = CARTESIAN_POINT('',(1.6,10.,0.));
#1877 = CIRCLE('',#1878,1.6);
#1878 = AXIS2_PLACEMENT_3D('',#1879,#1880,#1881);
#1879 = CARTESIAN_POINT('',(0.,10.,0.));
#1880 = DIRECTION('',(0.,0.,1.));
#1881 = DIRECTION('',(1.,0.,0.));
#1882 = PLANE('',#1883);
#1883 = AXIS2_PLACEMENT_3D('',#1884,#1885,#1886);
#1884 = CARTESIAN_POINT('',(1.679074511946,-10.60317897163,
    7.886505930168E-17));
#1885 = DIRECTION('',(-0.,-0.,-1.));
#1886 = DIRECTION('',(-1.,0.,0.));
#1887 = ADVANCED_FACE('',(#1888),#1899,.F.);
#1888 = FACE_BOUND('',#1889,.F.);
#1889 = EDGE_LOOP('',(#1890,#1891,#1892,#1893));
#1890 = ORIENTED_EDGE('',*,*,#1707,.T.);
#1891 = ORIENTED_EDGE('',*,*,#910,.T.);
#1892 = ORIENTED_EDGE('',*,*,#1810,.T.);
#1893 = ORIENTED_EDGE('',*,*,#1894,.T.);
#1894 = EDGE_CURVE('',#1811,#1700,#1895,.T.);
#1895 = LINE('',#1896,#1897);
#1896 = CARTESIAN_POINT('',(10.2,4.,-5.));
#1897 = VECTOR('',#1898,1.);
#1898 = DIRECTION('',(-8.659560562355E-17,2.22044604925E-16,1.));
#1899 = PLANE('',#1900);
#1900 = AXIS2_PLACEMENT_3D('',#1901,#1902,#1903);
#1901 = CARTESIAN_POINT('',(13.1,4.,-4.204794037568E-15));
#1902 = DIRECTION('',(0.,1.,-3.552713678801E-16));
#1903 = DIRECTION('',(0.,3.552713678801E-16,1.));
#1904 = ADVANCED_FACE('',(#1905),#1923,.T.);
#1905 = FACE_BOUND('',#1906,.T.);
#1906 = EDGE_LOOP('',(#1907,#1915,#1921,#1922));
#1907 = ORIENTED_EDGE('',*,*,#1908,.T.);
#1908 = EDGE_CURVE('',#1068,#1909,#1911,.T.);
#1909 = VERTEX_POINT('',#1910);
#1910 = CARTESIAN_POINT('',(-17.81265945488,-18.23200985436,0.5));
#1911 = LINE('',#1912,#1913);
#1912 = CARTESIAN_POINT('',(-12.5,-38.99056519796,0.5));
#1913 = VECTOR('',#1914,1.);
#1914 = DIRECTION('',(-0.247935366888,0.968776575814,0.));
#1915 = ORIENTED_EDGE('',*,*,#1916,.F.);
#1916 = EDGE_CURVE('',#1379,#1909,#1917,.T.);
#1917 = LINE('',#1918,#1919);
#1918 = CARTESIAN_POINT('',(-17.81265945488,-18.23200985436,0.));
#1919 = VECTOR('',#1920,1.);
#1920 = DIRECTION('',(0.,0.,1.));
#1921 = ORIENTED_EDGE('',*,*,#1378,.F.);
#1922 = ORIENTED_EDGE('',*,*,#1076,.T.);
#1923 = PLANE('',#1924);
#1924 = AXIS2_PLACEMENT_3D('',#1925,#1926,#1927);
#1925 = CARTESIAN_POINT('',(-12.5,-38.99056519796,0.));
#1926 = DIRECTION('',(-0.968776575814,-0.247935366888,0.));
#1927 = DIRECTION('',(-0.247935366888,0.968776575814,0.));
#1928 = ADVANCED_FACE('',(#1929,#2007),#2072,.T.);
#1929 = FACE_BOUND('',#1930,.T.);
#1930 = EDGE_LOOP('',(#1931,#1932,#1933,#1941,#1964,#1989));
#1931 = ORIENTED_EDGE('',*,*,#1908,.F.);
#1932 = ORIENTED_EDGE('',*,*,#1067,.T.);
#1933 = ORIENTED_EDGE('',*,*,#1934,.T.);
#1934 = EDGE_CURVE('',#1060,#1935,#1937,.T.);
#1935 = VERTEX_POINT('',#1936);
#1936 = CARTESIAN_POINT('',(-10.8493741134,2.959530249075,12.5));
#1937 = LINE('',#1938,#1939);
#1938 = CARTESIAN_POINT('',(-0.874681090229,-36.01534079531,12.5));
#1939 = VECTOR('',#1940,1.);
#1940 = DIRECTION('',(-0.247935366888,0.968776575814,0.));
#1941 = ORIENTED_EDGE('',*,*,#1942,.F.);
#1942 = EDGE_CURVE('',#1943,#1935,#1945,.T.);
#1943 = VERTEX_POINT('',#1944);
#1944 = CARTESIAN_POINT('',(-13.07417621221,0.793533661355,
    12.194066006522));
#1945 = ( BOUNDED_CURVE() B_SPLINE_CURVE(9,(#1946,#1947,#1948,#1949,
    #1950,#1951,#1952,#1953,#1954,#1955,#1956,#1957,#1958,#1959,#1960,
#1961,#1962,#1963),.UNSPECIFIED.,.F.,.F.) B_SPLINE_CURVE_WITH_KNOTS((10,
    8,10),(27.348598174252,28.448588496101,29.965314092565),
.UNSPECIFIED.) CURVE() GEOMETRIC_REPRESENTATION_ITEM() 
RATIONAL_B_SPLINE_CURVE((1.,1.,1.,1.,1.,1.,1.,1.,1.,1.,1.,1.,1.,1.,1.,1.
,1.,1.)) REPRESENTATION_ITEM('') );
#1946 = CARTESIAN_POINT('',(-13.07417621221,0.793533661355,
    12.194066006522));
#1947 = CARTESIAN_POINT('',(-13.0202010414,0.831200734958,12.20825502667
    ));
#1948 = CARTESIAN_POINT('',(-12.97412527852,0.871817393299,
    12.220608811611));
#1949 = CARTESIAN_POINT('',(-12.93356678534,0.917034980138,
    12.230772414182));
#1950 = CARTESIAN_POINT('',(-12.90249470399,0.961838688024,
    12.241860940369));
#1951 = CARTESIAN_POINT('',(-12.86387484807,1.018706159145,
    12.248543723391));
#1952 = CARTESIAN_POINT('',(-12.86052436989,1.062908212808,
    12.256417276173));
#1953 = CARTESIAN_POINT('',(-12.78420420057,1.145269870681,
    12.271050763282));
#1954 = CARTESIAN_POINT('',(-12.87114477089,1.154619655509,
    12.257410117237));
#1955 = CARTESIAN_POINT('',(-12.55613044427,1.450100116218,
    12.329550726194));
#1956 = CARTESIAN_POINT('',(-12.35927238597,1.629401609211,
    12.369583761921));
#1957 = CARTESIAN_POINT('',(-12.15319601615,1.813888942161,
    12.40575043014));
#1958 = CARTESIAN_POINT('',(-11.94138363255,2.00162116192,
    12.436748922811));
#1959 = CARTESIAN_POINT('',(-11.72607565582,2.191365390009,
    12.461874097565));
#1960 = CARTESIAN_POINT('',(-11.50859462204,2.382399372971,
    12.480831369336));
#1961 = CARTESIAN_POINT('',(-11.28966917522,2.574314032712,
    12.493550601998));
#1962 = CARTESIAN_POINT('',(-11.06975805985,2.766816016852,12.5));
#1963 = CARTESIAN_POINT('',(-10.8493741134,2.959530249075,12.5));
#1964 = ORIENTED_EDGE('',*,*,#1965,.F.);
#1965 = EDGE_CURVE('',#1966,#1943,#1968,.T.);
#1966 = VERTEX_POINT('',#1967);
#1967 = CARTESIAN_POINT('',(-13.84652098149,-0.540921117015,
    11.89193374871));
#1968 = ( BOUNDED_CURVE() B_SPLINE_CURVE(10,(#1969,#1970,#1971,#1972,
    #1973,#1974,#1975,#1976,#1977,#1978,#1979,#1980,#1981,#1982,#1983,
    #1984,#1985,#1986,#1987,#1988),.UNSPECIFIED.,.F.,.F.) 
B_SPLINE_CURVE_WITH_KNOTS((11,9,11),(25.213468879201,25.792556651198,
27.348598174252),.UNSPECIFIED.) CURVE() GEOMETRIC_REPRESENTATION_ITEM() 
RATIONAL_B_SPLINE_CURVE((1.,1.,1.,1.,1.,1.,1.,1.,1.,1.,1.,1.,1.,1.,1.,1.
,1.,1.,1.,1.)) REPRESENTATION_ITEM('') );
#1969 = CARTESIAN_POINT('',(-13.84652098149,-0.540921117015,
    11.89193374871));
#1970 = CARTESIAN_POINT('',(-13.83003381744,-0.465224711788,
    11.903434952679));
#1971 = CARTESIAN_POINT('',(-13.81184747563,-0.389621918065,
    11.915348631004));
#1972 = CARTESIAN_POINT('',(-13.79195204585,-0.314116244463,
    11.927653228454));
#1973 = CARTESIAN_POINT('',(-13.77033761788,-0.238711199597,
    11.940327189806));
#1974 = CARTESIAN_POINT('',(-13.7469942815,-0.163410292085,
    11.953348959827));
#1975 = CARTESIAN_POINT('',(-13.7219121265,-8.821703054397E-02,
    11.966696983294));
#1976 = CARTESIAN_POINT('',(-13.69508124267,-1.313492358877E-02,
    11.980349704975));
#1977 = CARTESIAN_POINT('',(-13.66649171978,6.183252016263E-02,
    11.994285569646));
#1978 = CARTESIAN_POINT('',(-13.63613364763,0.136681792094,
    12.008483022077));
#1979 = CARTESIAN_POINT('',(-13.51764444193,0.412206639044,
    12.061714843891));
#1980 = CARTESIAN_POINT('',(-13.49373846109,0.436097023081,
    12.068368550791));
#1981 = CARTESIAN_POINT('',(-13.45011098984,0.455692512362,
    12.082761207638));
#1982 = CARTESIAN_POINT('',(-13.43809520674,0.502336637197,
    12.087428746873));
#1983 = CARTESIAN_POINT('',(-13.36989404666,0.546683309725,
    12.109806913989));
#1984 = CARTESIAN_POINT('',(-13.33256473698,0.598182706282,
    12.121295022319));
#1985 = CARTESIAN_POINT('',(-13.2681822039,0.647021024995,
    12.140872763905));
#1986 = CARTESIAN_POINT('',(-13.20870548022,0.696767783016,
    12.157881741079));
#1987 = CARTESIAN_POINT('',(-13.14289394981,0.745578350775,
    12.176001452977));
#1988 = CARTESIAN_POINT('',(-13.07417621221,0.793533661355,
    12.194066006522));
#1989 = ORIENTED_EDGE('',*,*,#1990,.F.);
#1990 = EDGE_CURVE('',#1909,#1966,#1991,.T.);
#1991 = ( BOUNDED_CURVE() B_SPLINE_CURVE(14,(#1992,#1993,#1994,#1995,
    #1996,#1997,#1998,#1999,#2000,#2001,#2002,#2003,#2004,#2005,#2006),
.UNSPECIFIED.,.F.,.F.) B_SPLINE_CURVE_WITH_KNOTS((15,15),(0.5,
25.213468879201),.PIECEWISE_BEZIER_KNOTS.) CURVE() 
GEOMETRIC_REPRESENTATION_ITEM() RATIONAL_B_SPLINE_CURVE((1.,1.,1.,
    0.999999999999,1.000000000002,0.999999999998,1.000000000002,1.,
    0.999999999998,1.000000000002,0.999999999998,1.000000000001,1.,1.,1.
)) REPRESENTATION_ITEM('') );
#1992 = CARTESIAN_POINT('',(-17.81265945488,-18.23200985436,0.5));
#1993 = CARTESIAN_POINT('',(-17.81265945488,-18.23200985436,
    1.434936318355));
#1994 = CARTESIAN_POINT('',(-17.77615464765,-18.05825228937,
    2.377129153542));
#1995 = CARTESIAN_POINT('',(-17.70297482722,-17.70341472985,
    3.350177098811));
#1996 = CARTESIAN_POINT('',(-17.58768365104,-17.13445262642,
    4.370536815866));
#1997 = CARTESIAN_POINT('',(-17.41518322156,-16.32359269323,
    5.375650770396));
#1998 = CARTESIAN_POINT('',(-17.19452830805,-15.32372395177,
    6.359299353571));
#1999 = CARTESIAN_POINT('',(-16.92173325747,-14.08596511558,
    7.308901932105));
#2000 = CARTESIAN_POINT('',(-16.60150269965,-12.66965857086,
    8.201505051952));
#2001 = CARTESIAN_POINT('',(-16.23282356576,-11.0483448653,
    9.036518325032));
#2002 = CARTESIAN_POINT('',(-15.82396957444,-9.247405556172,
    9.800292785842));
#2003 = CARTESIAN_POINT('',(-15.36285907986,-7.271690408365,
    10.483096067123));
#2004 = CARTESIAN_POINT('',(-14.87316041262,-5.122774990065,
    11.068924582998));
#2005 = CARTESIAN_POINT('',(-14.3491033377,-2.848393619825,
    11.541339663962));
#2006 = CARTESIAN_POINT('',(-13.84652098149,-0.540921117015,
    11.89193374871));
#2007 = FACE_BOUND('',#2008,.T.);
#2008 = EDGE_LOOP('',(#2009));
#2009 = ORIENTED_EDGE('',*,*,#2010,.F.);
#2010 = EDGE_CURVE('',#2011,#2011,#2013,.T.);
#2011 = VERTEX_POINT('',#2012);
#2012 = CARTESIAN_POINT('',(-5.,-24.,12.456785751088));
#2013 = B_SPLINE_CURVE_WITH_KNOTS('',8,(#2014,#2015,#2016,#2017,#2018,
    #2019,#2020,#2021,#2022,#2023,#2024,#2025,#2026,#2027,#2028,#2029,
    #2030,#2031,#2032,#2033,#2034,#2035,#2036,#2037,#2038,#2039,#2040,
    #2041,#2042,#2043,#2044,#2045,#2046,#2047,#2048,#2049,#2050,#2051,
    #2052,#2053,#2054,#2055,#2056,#2057,#2058,#2059,#2060,#2061,#2062,
    #2063,#2064,#2065,#2066,#2067,#2068,#2069,#2070,#2071),
  .UNSPECIFIED.,.T.,.F.,(9,7,7,7,7,7,7,7,9),(0.,4.407900259435E-02,
    0.18481005956,0.319108767567,0.448010704044,0.601858350321,
    0.746775468479,0.86976623873,1.),.UNSPECIFIED.);
#2014 = CARTESIAN_POINT('',(-5.,-24.,12.456785751088));
#2015 = CARTESIAN_POINT('',(-5.,-23.9222004224,12.45842720628));
#2016 = CARTESIAN_POINT('',(-5.002766896357,-23.84471065429,
    12.459798218026));
#2017 = CARTESIAN_POINT('',(-5.008262401334,-23.76759185679,
    12.460918539689));
#2018 = CARTESIAN_POINT('',(-5.016452913735,-23.69090388884,
    12.461803823434));
#2019 = CARTESIAN_POINT('',(-5.027309535972,-23.61470542068,
    12.462465731061));
#2020 = CARTESIAN_POINT('',(-5.040808091126,-23.53905404722,
    12.462912044842));
#2021 = CARTESIAN_POINT('',(-5.056929140018,-23.46400640149,
    12.463146778351));
#2022 = CARTESIAN_POINT('',(-5.135453634813,-23.15211923165,
    12.463245344348));
#2023 = CARTESIAN_POINT('',(-5.221813781891,-22.92141744104,
    12.461166938269));
#2024 = CARTESIAN_POINT('',(-5.334260845893,-22.69923643337,
    12.456947278882));
#2025 = CARTESIAN_POINT('',(-5.472831545838,-22.48758008325,
    12.45019779318));
#2026 = CARTESIAN_POINT('',(-5.637832829915,-22.28901464257,
    12.440149825905));
#2027 = CARTESIAN_POINT('',(-5.829647480153,-22.10684717323,
    12.425570161627));
#2028 = CARTESIAN_POINT('',(-6.048477047191,-21.94534890847,
    12.404647223216));
#2029 = CARTESIAN_POINT('',(-6.528124553342,-21.68117373218,
    12.346558938767));
#2030 = CARTESIAN_POINT('',(-6.79375382455,-21.57218616901,
    12.309309339833));
#2031 = CARTESIAN_POINT('',(-7.08405581018,-21.49565576032,
    12.261267898344));
#2032 = CARTESIAN_POINT('',(-7.389923463425,-21.4595250879,
    12.200727070031));
#2033 = CARTESIAN_POINT('',(-7.700836468703,-21.46752114971,
    12.12684701225));
#2034 = CARTESIAN_POINT('',(-8.006178465246,-21.51956438457,12.040699229
    ));
#2035 = CARTESIAN_POINT('',(-8.29611345089,-21.61191796709,
    11.94549727215));
#2036 = CARTESIAN_POINT('',(-8.818546268257,-21.85725933392,
    11.750221591728));
#2037 = CARTESIAN_POINT('',(-9.049340527646,-22.00599648686,
    11.651821663262));
#2038 = CARTESIAN_POINT('',(-9.25370898055,-22.17741517881,
    11.553206442031));
#2039 = CARTESIAN_POINT('',(-9.431173748958,-22.3665978541,
    11.456966058366));
#2040 = CARTESIAN_POINT('',(-9.581785267983,-22.56936376536,
    11.365515439455));
#2041 = CARTESIAN_POINT('',(-9.705912323688,-22.7821190377,
    11.280974569673));
#2042 = CARTESIAN_POINT('',(-9.80411487124,-23.0017623294,
    11.205110145787));
#2043 = CARTESIAN_POINT('',(-9.964075363162,-23.49276843814,
    11.060761047619));
#2044 = CARTESIAN_POINT('',(-10.0156723051,-23.76766625088,
    10.996031491358));
#2045 = CARTESIAN_POINT('',(-10.03200024483,-24.04555414331,
    10.947884538132));
#2046 = CARTESIAN_POINT('',(-10.01364410213,-24.32215758749,
    10.918390081461));
#2047 = CARTESIAN_POINT('',(-9.961409294439,-24.59351532806,
    10.908720567374));
#2048 = CARTESIAN_POINT('',(-9.876239996635,-24.85582298032,
    10.919061346402));
#2049 = CARTESIAN_POINT('',(-9.759249487595,-25.10527748644,
    10.948628740591));
#2050 = CARTESIAN_POINT('',(-9.473031175142,-25.55706283008,
    11.040224961686));
#2051 = CARTESIAN_POINT('',(-9.307576448084,-25.76074311875,
    11.100158260812));
#2052 = CARTESIAN_POINT('',(-9.116466626256,-25.94650798183,
    11.174247239484));
#2053 = CARTESIAN_POINT('',(-8.900511271901,-26.11142137213,
    11.260745094058));
#2054 = CARTESIAN_POINT('',(-8.660637957577,-26.25194735585,
    11.35746759151));
#2055 = CARTESIAN_POINT('',(-8.398160944809,-26.36382369826,
    11.461735697636));
#2056 = CARTESIAN_POINT('',(-8.115182180678,-26.44191621812,
    11.570395755971));
#2057 = CARTESIAN_POINT('',(-7.560725950512,-26.51239913948,
    11.773044918506));
#2058 = CARTESIAN_POINT('',(-7.28942191546,-26.51654880251,
    11.868434718113));
#2059 = CARTESIAN_POINT('',(-7.009891821485,-26.48599106286,
    11.96152389474));
#2060 = CARTESIAN_POINT('',(-6.731233376287,-26.41789611784,
    12.047969156092));
#2061 = CARTESIAN_POINT('',(-6.462506210838,-26.31272755712,
    12.124717241814));
#2062 = CARTESIAN_POINT('',(-6.212026318985,-26.17395744621,
    12.190473179312));
#2063 = CARTESIAN_POINT('',(-5.986489996624,-26.0079336066,
    12.245287956358));
#2064 = CARTESIAN_POINT('',(-5.582046217371,-25.62872801588,
    12.33738783959));
#2065 = CARTESIAN_POINT('',(-5.408026637837,-25.41462048307,
    12.373140283178));
#2066 = CARTESIAN_POINT('',(-5.266917557449,-25.18776123163,
    12.399757871279));
#2067 = CARTESIAN_POINT('',(-5.157206596611,-24.95297382952,
    12.41942658921));
#2068 = CARTESIAN_POINT('',(-5.077226695481,-24.71406470537,
    12.433871229831));
#2069 = CARTESIAN_POINT('',(-5.025328143335,-24.47406593634,
    12.444367602203));
#2070 = CARTESIAN_POINT('',(-5.,-24.23538315482,12.451819517162));
#2071 = CARTESIAN_POINT('',(-5.,-24.,12.456785751088));
#2072 = CYLINDRICAL_SURFACE('',#2073,12.);
#2073 = AXIS2_PLACEMENT_3D('',#2074,#2075,#2076);
#2074 = CARTESIAN_POINT('',(-0.874681090229,-36.01534079531,0.5));
#2075 = DIRECTION('',(-0.247935366888,0.968776575814,0.));
#2076 = DIRECTION('',(-0.968776575814,-0.247935366888,-0.));
#2077 = ADVANCED_FACE('',(#2078),#2157,.T.);
#2078 = FACE_BOUND('',#2079,.T.);
#2079 = EDGE_LOOP('',(#2080,#2088,#2101,#2110,#2118,#2127,#2135,#2144,
    #2155,#2156));
#2080 = ORIENTED_EDGE('',*,*,#2081,.F.);
#2081 = EDGE_CURVE('',#2082,#1051,#2084,.T.);
#2082 = VERTEX_POINT('',#2083);
#2083 = CARTESIAN_POINT('',(10.849523850729,2.960115329047,12.5));
#2084 = LINE('',#2085,#2086);
#2085 = CARTESIAN_POINT('',(6.374681090229,-14.52477559735,12.5));
#2086 = VECTOR('',#2087,1.);
#2087 = DIRECTION('',(-0.247935366888,-0.968776575814,0.));
#2088 = ORIENTED_EDGE('',*,*,#2089,.F.);
#2089 = EDGE_CURVE('',#2090,#2082,#2092,.T.);
#2090 = VERTEX_POINT('',#2091);
#2091 = CARTESIAN_POINT('',(8.286309473906,7.492057256668,12.5));
#2092 = ( BOUNDED_CURVE() B_SPLINE_CURVE(7,(#2093,#2094,#2095,#2096,
    #2097,#2098,#2099,#2100),.UNSPECIFIED.,.F.,.F.) 
B_SPLINE_CURVE_WITH_KNOTS((8,8),(62.819196017146,66.05043781341),
.PIECEWISE_BEZIER_KNOTS.) CURVE() GEOMETRIC_REPRESENTATION_ITEM() 
RATIONAL_B_SPLINE_CURVE((1.,1.,1.,1.,1.,1.,1.,1.)) REPRESENTATION_ITEM(
  '') );
#2093 = CARTESIAN_POINT('',(8.286309473906,7.492057256668,12.5));
#2094 = CARTESIAN_POINT('',(8.651162012367,6.846548919392,12.5));
#2095 = CARTESIAN_POINT('',(9.014966004429,6.202950533637,12.5));
#2096 = CARTESIAN_POINT('',(9.37810274719,5.560198932919,12.5));
#2097 = CARTESIAN_POINT('',(9.742572042457,4.916067124523,12.5));
#2098 = CARTESIAN_POINT('',(10.106241233408,4.271452735187,12.5));
#2099 = CARTESIAN_POINT('',(10.47609182621,3.618729691236,12.5));
#2100 = CARTESIAN_POINT('',(10.849523850729,2.960115329047,12.5));
#2101 = ORIENTED_EDGE('',*,*,#2102,.F.);
#2102 = EDGE_CURVE('',#2103,#2090,#2105,.T.);
#2103 = VERTEX_POINT('',#2104);
#2104 = CARTESIAN_POINT('',(7.415746635186,8.,12.5));
#2105 = CIRCLE('',#2106,1.);
#2106 = AXIS2_PLACEMENT_3D('',#2107,#2108,#2109);
#2107 = CARTESIAN_POINT('',(7.415746635186,7.,12.5));
#2108 = DIRECTION('',(0.,0.,-1.));
#2109 = DIRECTION('',(0.,1.,0.));
#2110 = ORIENTED_EDGE('',*,*,#2111,.F.);
#2111 = EDGE_CURVE('',#2112,#2103,#2114,.T.);
#2112 = VERTEX_POINT('',#2113);
#2113 = CARTESIAN_POINT('',(1.5,8.,12.5));
#2114 = LINE('',#2115,#2116);
#2115 = CARTESIAN_POINT('',(-7.415746635186,8.,12.5));
#2116 = VECTOR('',#2117,1.);
#2117 = DIRECTION('',(1.,0.,0.));
#2118 = ORIENTED_EDGE('',*,*,#2119,.F.);
#2119 = EDGE_CURVE('',#2120,#2112,#2122,.T.);
#2120 = VERTEX_POINT('',#2121);
#2121 = CARTESIAN_POINT('',(-1.5,8.,12.5));
#2122 = CIRCLE('',#2123,2.5);
#2123 = AXIS2_PLACEMENT_3D('',#2124,#2125,#2126);
#2124 = CARTESIAN_POINT('',(0.,10.,12.5));
#2125 = DIRECTION('',(0.,0.,1.));
#2126 = DIRECTION('',(1.,0.,0.));
#2127 = ORIENTED_EDGE('',*,*,#2128,.F.);
#2128 = EDGE_CURVE('',#2129,#2120,#2131,.T.);
#2129 = VERTEX_POINT('',#2130);
#2130 = CARTESIAN_POINT('',(-7.415746635186,8.,12.5));
#2131 = LINE('',#2132,#2133);
#2132 = CARTESIAN_POINT('',(-7.415746635186,8.,12.5));
#2133 = VECTOR('',#2134,1.);
#2134 = DIRECTION('',(1.,0.,0.));
#2135 = ORIENTED_EDGE('',*,*,#2136,.F.);
#2136 = EDGE_CURVE('',#2137,#2129,#2139,.T.);
#2137 = VERTEX_POINT('',#2138);
#2138 = CARTESIAN_POINT('',(-8.286309473906,7.492057256668,12.5));
#2139 = CIRCLE('',#2140,1.);
#2140 = AXIS2_PLACEMENT_3D('',#2141,#2142,#2143);
#2141 = CARTESIAN_POINT('',(-7.415746635186,7.,12.5));
#2142 = DIRECTION('',(0.,0.,-1.));
#2143 = DIRECTION('',(-0.793867723421,0.608090484805,0.));
#2144 = ORIENTED_EDGE('',*,*,#2145,.F.);
#2145 = EDGE_CURVE('',#1935,#2137,#2146,.T.);
#2146 = ( BOUNDED_CURVE() B_SPLINE_CURVE(7,(#2147,#2148,#2149,#2150,
    #2151,#2152,#2153,#2154),.UNSPECIFIED.,.F.,.F.) 
B_SPLINE_CURVE_WITH_KNOTS((8,8),(29.965314092565,33.198247283681),
.PIECEWISE_BEZIER_KNOTS.) CURVE() GEOMETRIC_REPRESENTATION_ITEM() 
RATIONAL_B_SPLINE_CURVE((1.,1.,1.,1.,1.,1.,1.,1.)) REPRESENTATION_ITEM(
  '') );
#2147 = CARTESIAN_POINT('',(-10.8493741134,2.959530249075,12.5));
#2148 = CARTESIAN_POINT('',(-10.47601890931,3.618248658456,12.5));
#2149 = CARTESIAN_POINT('',(-10.10714383739,4.270047079475,12.5));
#2150 = CARTESIAN_POINT('',(-9.743302608161,4.914741462665,12.5));
#2151 = CARTESIAN_POINT('',(-9.378537361832,5.559424325709,12.5));
#2152 = CARTESIAN_POINT('',(-9.015310854811,6.202344493262,12.5));
#2153 = CARTESIAN_POINT('',(-8.651326655973,6.846257626858,12.5));
#2154 = CARTESIAN_POINT('',(-8.286309473906,7.492057256668,12.5));
#2155 = ORIENTED_EDGE('',*,*,#1934,.F.);
#2156 = ORIENTED_EDGE('',*,*,#1059,.F.);
#2157 = PLANE('',#2158);
#2158 = AXIS2_PLACEMENT_3D('',#2159,#2160,#2161);
#2159 = CARTESIAN_POINT('',(-3.6E-16,-12.51963079739,12.5));
#2160 = DIRECTION('',(0.,0.,1.));
#2161 = DIRECTION('',(1.,0.,0.));
#2162 = ADVANCED_FACE('',(#2163,#2234),#2237,.T.);
#2163 = FACE_BOUND('',#2164,.F.);
#2164 = EDGE_LOOP('',(#2165,#2166,#2189,#2214,#2232,#2233));
#2165 = ORIENTED_EDGE('',*,*,#2081,.F.);
#2166 = ORIENTED_EDGE('',*,*,#2167,.T.);
#2167 = EDGE_CURVE('',#2082,#2168,#2170,.T.);
#2168 = VERTEX_POINT('',#2169);
#2169 = CARTESIAN_POINT('',(13.074177392133,0.793539082101,
    12.194066052781));
#2170 = ( BOUNDED_CURVE() B_SPLINE_CURVE(9,(#2171,#2172,#2173,#2174,
    #2175,#2176,#2177,#2178,#2179,#2180,#2181,#2182,#2183,#2184,#2185,
#2186,#2187,#2188),.UNSPECIFIED.,.F.,.F.) B_SPLINE_CURVE_WITH_KNOTS((10,
    8,10),(66.05043781341,67.568512107427,68.668402684349),
.UNSPECIFIED.) CURVE() GEOMETRIC_REPRESENTATION_ITEM() 
RATIONAL_B_SPLINE_CURVE((1.,1.,1.,1.,1.,1.,1.,1.,1.,1.,1.,1.,1.,1.,1.,1.
,1.,1.)) REPRESENTATION_ITEM('') );
#2171 = CARTESIAN_POINT('',(10.849523850729,2.960115329047,12.5));
#2172 = CARTESIAN_POINT('',(11.07019795934,2.767172841701,12.5));
#2173 = CARTESIAN_POINT('',(11.290181472872,2.574558914676,
    12.493557215998));
#2174 = CARTESIAN_POINT('',(11.508967604324,2.382637769751,
    12.480807701075));
#2175 = CARTESIAN_POINT('',(11.725957611783,2.191775469957,
    12.461833730405));
#2176 = CARTESIAN_POINT('',(11.940278142462,2.002461043899,
    12.436791613628));
#2177 = CARTESIAN_POINT('',(12.150598576737,1.815427610053,
    12.406039507225));
#2178 = CARTESIAN_POINT('',(12.354948372182,1.631773501088,
    12.370265226892));
#2179 = CARTESIAN_POINT('',(12.550534407605,1.453083388167,
    12.330614059918));
#2180 = CARTESIAN_POINT('',(12.866164672631,1.15726786505,
    12.258533041911));
#2181 = CARTESIAN_POINT('',(12.804856101739,1.134814105949,
    12.266644766879));
#2182 = CARTESIAN_POINT('',(12.843535055298,1.070145409935,
    12.259742493519));
#2183 = CARTESIAN_POINT('',(12.873118860224,1.015751209358,
    12.246988860272));
#2184 = CARTESIAN_POINT('',(12.898747974173,0.962568346821,
    12.242351753862));
#2185 = CARTESIAN_POINT('',(12.934661508031,0.916927992876,
    12.230670713955));
#2186 = CARTESIAN_POINT('',(12.973977442397,0.871804000418,
    12.220612173113));
#2187 = CARTESIAN_POINT('',(13.02021398391,0.83119693663,12.20825192198)
  );
#2188 = CARTESIAN_POINT('',(13.074177392133,0.793539082101,
    12.194066052781));
#2189 = ORIENTED_EDGE('',*,*,#2190,.T.);
#2190 = EDGE_CURVE('',#2168,#2191,#2193,.T.);
#2191 = VERTEX_POINT('',#2192);
#2192 = CARTESIAN_POINT('',(13.813966669828,-0.460971653607,
    11.908808935084));
#2193 = ( BOUNDED_CURVE() B_SPLINE_CURVE(7,(#2194,#2195,#2196,#2197,
    #2198,#2199,#2200,#2201,#2202,#2203,#2204,#2205,#2206,#2207,#2208,
    #2209,#2210,#2211,#2212,#2213),.UNSPECIFIED.,.F.,.F.) 
B_SPLINE_CURVE_WITH_KNOTS((8,6,6,8),(68.668402684349,69.998618254215,
70.224555928259,70.783311358664),.UNSPECIFIED.) CURVE() 
GEOMETRIC_REPRESENTATION_ITEM() RATIONAL_B_SPLINE_CURVE((1.,1.,1.,1.,1.,
1.,1.,1.,1.,1.,1.,1.,1.,1.,1.,1.,1.,1.,1.,1.)) REPRESENTATION_ITEM('') 
  );
#2194 = CARTESIAN_POINT('',(13.074177392133,0.793539082101,
    12.194066052781));
#2195 = CARTESIAN_POINT('',(13.158087907019,0.734982922156,
    12.172007705694));
#2196 = CARTESIAN_POINT('',(13.236982302952,0.674966548355,
    12.149996263183));
#2197 = CARTESIAN_POINT('',(13.30949625016,0.614167140385,
    12.128588975185));
#2198 = CARTESIAN_POINT('',(13.374615562577,0.55329949764,
    12.108272794576));
#2199 = CARTESIAN_POINT('',(13.431676197849,0.493116039227,
    12.08946437716));
#2200 = CARTESIAN_POINT('',(13.480364257325,0.43440680396,12.07251008168
    ));
#2201 = CARTESIAN_POINT('',(13.527569744165,0.368418637628,
    12.055168088176));
#2202 = CARTESIAN_POINT('',(13.534065354536,0.359138036299,
    12.052766782431));
#2203 = CARTESIAN_POINT('',(13.541035985899,0.348384643943,
    12.050082688531));
#2204 = CARTESIAN_POINT('',(13.545653029695,0.342813436088,
    12.048505442946));
#2205 = CARTESIAN_POINT('',(13.55472472898,0.324508582062,
    12.044633263493));
#2206 = CARTESIAN_POINT('',(13.551014124743,0.34107727641,
    12.046900693972));
#2207 = CARTESIAN_POINT('',(13.614822497363,0.188587513109,
    12.01845057516));
#2208 = CARTESIAN_POINT('',(13.656704041125,8.011853009606E-02,
    11.998645063044));
#2209 = CARTESIAN_POINT('',(13.695064637312,-2.824934022138E-02,
    11.979360979374));
#2210 = CARTESIAN_POINT('',(13.7299377421,-0.136529195797,
    11.960666824446));
#2211 = CARTESIAN_POINT('',(13.761356811665,-0.244734134584,
    11.942631098556));
#2212 = CARTESIAN_POINT('',(13.789355302182,-0.352877254536,
    11.925322302004));
#2213 = CARTESIAN_POINT('',(13.813966669828,-0.460971653607,
    11.908808935084));
#2214 = ORIENTED_EDGE('',*,*,#2215,.T.);
#2215 = EDGE_CURVE('',#2191,#1205,#2216,.T.);
#2216 = ( BOUNDED_CURVE() B_SPLINE_CURVE(14,(#2217,#2218,#2219,#2220,
    #2221,#2222,#2223,#2224,#2225,#2226,#2227,#2228,#2229,#2230,#2231),
.UNSPECIFIED.,.F.,.F.) B_SPLINE_CURVE_WITH_KNOTS((15,15),(
70.783311358664,95.517443300872),.PIECEWISE_BEZIER_KNOTS.) CURVE() 
GEOMETRIC_REPRESENTATION_ITEM() RATIONAL_B_SPLINE_CURVE((1.,1.,1.,1.,1.,
    1.,1.,1.000000000001,0.999999999998,1.000000000002,0.999999999999,
1.000000000001,1.,1.,1.)) REPRESENTATION_ITEM('') );
#2217 = CARTESIAN_POINT('',(13.813966669828,-0.460971653607,
    11.908808935084));
#2218 = CARTESIAN_POINT('',(14.358695885415,-2.853450530182,
    11.543314683058));
#2219 = CARTESIAN_POINT('',(14.879021235754,-5.127990497677,
    11.063842462001));
#2220 = CARTESIAN_POINT('',(15.367677937038,-7.260363407974,
    10.480197853913));
#2221 = CARTESIAN_POINT('',(15.819650626868,-9.235329387932,
    9.802206024156));
#2222 = CARTESIAN_POINT('',(16.231332165013,-11.03450729238,
    9.043132800708));
#2223 = CARTESIAN_POINT('',(16.5986117183,-12.66175196464,8.206533109203
    ));
#2224 = CARTESIAN_POINT('',(16.920506642116,-14.07767829283,
    7.315180872293));
#2225 = CARTESIAN_POINT('',(17.193336095602,-15.31953945131,
    6.363633131523));
#2226 = CARTESIAN_POINT('',(17.414484572981,-16.31986600762,
    5.380042620839));
#2227 = CARTESIAN_POINT('',(17.58730946401,-17.13271635824,4.37380915454
    ));
#2228 = CARTESIAN_POINT('',(17.702791080638,-17.70250345991,
    3.352602627821));
#2229 = CARTESIAN_POINT('',(17.776095056319,-18.05797041564,
    2.37867818291));
#2230 = CARTESIAN_POINT('',(17.812659454886,-18.23200985436,
    1.435705788453));
#2231 = CARTESIAN_POINT('',(17.812659454885,-18.23200985436,0.5));
#2232 = ORIENTED_EDGE('',*,*,#1204,.T.);
#2233 = ORIENTED_EDGE('',*,*,#1050,.F.);
#2234 = FACE_BOUND('',#2235,.F.);
#2235 = EDGE_LOOP('',(#2236));
#2236 = ORIENTED_EDGE('',*,*,#1281,.T.);
#2237 = CYLINDRICAL_SURFACE('',#2238,12.);
#2238 = AXIS2_PLACEMENT_3D('',#2239,#2240,#2241);
#2239 = CARTESIAN_POINT('',(6.374681090229,-14.52477559735,0.5));
#2240 = DIRECTION('',(-0.247935366888,-0.968776575814,0.));
#2241 = DIRECTION('',(0.,0.,1.));
#2242 = ADVANCED_FACE('',(#2243),#2273,.T.);
#2243 = FACE_BOUND('',#2244,.T.);
#2244 = EDGE_LOOP('',(#2245,#2253,#2271,#2272));
#2245 = ORIENTED_EDGE('',*,*,#2246,.T.);
#2246 = EDGE_CURVE('',#1792,#2247,#2249,.T.);
#2247 = VERTEX_POINT('',#2248);
#2248 = CARTESIAN_POINT('',(18.,0.658628662252,6.30023478105));
#2249 = LINE('',#2250,#2251);
#2250 = CARTESIAN_POINT('',(18.,0.658628662252,0.));
#2251 = VECTOR('',#2252,1.);
#2252 = DIRECTION('',(0.,0.,1.));
#2253 = ORIENTED_EDGE('',*,*,#2254,.T.);
#2254 = EDGE_CURVE('',#2247,#1101,#2255,.T.);
#2255 = ( BOUNDED_CURVE() B_SPLINE_CURVE(14,(#2256,#2257,#2258,#2259,
    #2260,#2261,#2262,#2263,#2264,#2265,#2266,#2267,#2268,#2269,#2270),
.UNSPECIFIED.,.F.,.F.) B_SPLINE_CURVE_WITH_KNOTS((15,15),(
70.783311358664,95.517443300872),.PIECEWISE_BEZIER_KNOTS.) CURVE() 
GEOMETRIC_REPRESENTATION_ITEM() RATIONAL_B_SPLINE_CURVE((1.,1.,1.,1.,1.,
    1.,1.,1.000000000001,0.999999999998,1.000000000002,0.999999999999,
1.000000000001,1.,1.,1.)) REPRESENTATION_ITEM('') );
#2256 = CARTESIAN_POINT('',(18.,0.658628662252,6.30023478105));
#2257 = CARTESIAN_POINT('',(18.,-1.610067925646,6.13565020961));
#2258 = CARTESIAN_POINT('',(17.999999999998,-3.753804077562,
    5.918379319584));
#2259 = CARTESIAN_POINT('',(18.000000000005,-5.764889064005,
    5.650856940214));
#2260 = CARTESIAN_POINT('',(17.999999999989,-7.633597598532,
    5.346010854721));
#2261 = CARTESIAN_POINT('',(18.00000000002,-9.354005014235,
    4.976882947777));
#2262 = CARTESIAN_POINT('',(17.999999999973,-10.90499646062,
    4.625762977427));
#2263 = CARTESIAN_POINT('',(18.000000000031,-12.31271397661,
    4.14535811943));
#2264 = CARTESIAN_POINT('',(17.999999999971,-13.49732629268,
    3.765523400157));
#2265 = CARTESIAN_POINT('',(18.000000000022,-14.57771967885,
    3.224206019986));
#2266 = CARTESIAN_POINT('',(17.999999999987,-15.37808348209,
    2.758327220724));
#2267 = CARTESIAN_POINT('',(18.000000000006,-16.08194319513,
    2.226462971551));
#2268 = CARTESIAN_POINT('',(17.999999999998,-16.52928642301,
    1.641619403724));
#2269 = CARTESIAN_POINT('',(18.,-16.74439765304,1.060232524222));
#2270 = CARTESIAN_POINT('',(18.,-16.74439765304,0.5));
#2271 = ORIENTED_EDGE('',*,*,#1100,.T.);
#2272 = ORIENTED_EDGE('',*,*,#1800,.F.);
#2273 = PLANE('',#2274);
#2274 = AXIS2_PLACEMENT_3D('',#2275,#2276,#2277);
#2275 = CARTESIAN_POINT('',(18.,2.5,0.));
#2276 = DIRECTION('',(1.,0.,0.));
#2277 = DIRECTION('',(0.,-1.,0.));
#2278 = ADVANCED_FACE('',(#2279),#2292,.T.);
#2279 = FACE_BOUND('',#2280,.T.);
#2280 = EDGE_LOOP('',(#2281,#2282,#2288,#2289,#2290,#2291));
#2281 = ORIENTED_EDGE('',*,*,#2254,.F.);
#2282 = ORIENTED_EDGE('',*,*,#2283,.T.);
#2283 = EDGE_CURVE('',#2247,#2191,#2284,.T.);
#2284 = ( BOUNDED_CURVE() B_SPLINE_CURVE(2,(#2285,#2286,#2287),
.UNSPECIFIED.,.F.,.F.) B_SPLINE_CURVE_WITH_KNOTS((3,3),(0.,
2.114908674315),.PIECEWISE_BEZIER_KNOTS.) CURVE() 
GEOMETRIC_REPRESENTATION_ITEM() RATIONAL_B_SPLINE_CURVE((1.,
0.806946904018,1.)) REPRESENTATION_ITEM('') );
#2285 = CARTESIAN_POINT('',(18.,0.658628662252,6.30023478105));
#2286 = CARTESIAN_POINT('',(18.,-0.195298156782,10.607958023196));
#2287 = CARTESIAN_POINT('',(13.813966669828,-0.460971653607,
    11.908808935084));
#2288 = ORIENTED_EDGE('',*,*,#2215,.T.);
#2289 = ORIENTED_EDGE('',*,*,#1264,.F.);
#2290 = ORIENTED_EDGE('',*,*,#1229,.F.);
#2291 = ORIENTED_EDGE('',*,*,#1128,.T.);
#2292 = ( BOUNDED_SURFACE() B_SPLINE_SURFACE(2,14,(
    (#2293,#2294,#2295,#2296,#2297,#2298,#2299,#2300,#2301,#2302,#2303
      ,#2304,#2305,#2306,#2307)
    ,(#2308,#2309,#2310,#2311,#2312,#2313,#2314,#2315,#2316,#2317,#2318
      ,#2319,#2320,#2321,#2322)
    ,(#2323,#2324,#2325,#2326,#2327,#2328,#2329,#2330,#2331,#2332,#2333
      ,#2334,#2335,#2336,#2337
)),.UNSPECIFIED.,.F.,.F.,.F.) B_SPLINE_SURFACE_WITH_KNOTS((3,3),(15,15),
  (0.,24.734131942207),(70.783311358664,95.517443300872),
.PIECEWISE_BEZIER_KNOTS.) GEOMETRIC_REPRESENTATION_ITEM() 
RATIONAL_B_SPLINE_SURFACE((
    (1.,1.,1.,1.,1.,1.,1.,1.000000000001,0.999999999998,1.000000000002
      ,0.999999999999,1.000000000001,1.,1.,1.)
    ,(0.806946904018,0.835074914709,0.86088483966,0.884288304107
      ,0.90529559709,0.923946472177,0.940239971665,0.95426509652
      ,0.965991952669,0.975393723223,0.982689437886,0.98754952594
      ,0.99062787703,0.992163438102,0.992163438102)
    ,(1.,1.,1.,1.,1.,1.,1.,1.000000000001,0.999999999998,1.000000000002
,0.999999999999,1.000000000001,1.,1.,1.
))) REPRESENTATION_ITEM('') SURFACE() );
#2293 = CARTESIAN_POINT('',(18.,0.658628662252,6.30023478105));
#2294 = CARTESIAN_POINT('',(18.,-1.610067925646,6.13565020961));
#2295 = CARTESIAN_POINT('',(17.999999999998,-3.753804077562,
    5.918379319584));
#2296 = CARTESIAN_POINT('',(18.000000000005,-5.764889064005,
    5.650856940214));
#2297 = CARTESIAN_POINT('',(17.999999999989,-7.633597598532,
    5.346010854721));
#2298 = CARTESIAN_POINT('',(18.00000000002,-9.354005014235,
    4.976882947777));
#2299 = CARTESIAN_POINT('',(17.999999999973,-10.90499646062,
    4.625762977427));
#2300 = CARTESIAN_POINT('',(18.000000000031,-12.31271397661,
    4.14535811943));
#2301 = CARTESIAN_POINT('',(17.999999999971,-13.49732629268,
    3.765523400157));
#2302 = CARTESIAN_POINT('',(18.000000000022,-14.57771967885,
    3.224206019986));
#2303 = CARTESIAN_POINT('',(17.999999999987,-15.37808348209,
    2.758327220724));
#2304 = CARTESIAN_POINT('',(18.000000000006,-16.08194319513,
    2.226462971551));
#2305 = CARTESIAN_POINT('',(17.999999999998,-16.52928642301,
    1.641619403724));
#2306 = CARTESIAN_POINT('',(18.,-16.74439765304,1.060232524222));
#2307 = CARTESIAN_POINT('',(18.,-16.74439765304,0.5));
#2308 = CARTESIAN_POINT('',(18.,-0.195298156782,10.607958023196));
#2309 = CARTESIAN_POINT('',(18.,-2.429557316023,10.008302347614));
#2310 = CARTESIAN_POINT('',(17.999999999998,-4.569700503565,
    9.385241236293));
#2311 = CARTESIAN_POINT('',(18.000000000005,-6.595260209895,
    8.736935771551));
#2312 = CARTESIAN_POINT('',(17.99999999999,-8.488102600388,
    8.067513478379));
#2313 = CARTESIAN_POINT('',(18.000000000017,-10.23127470098,
    7.362076982463));
#2314 = CARTESIAN_POINT('',(17.999999999978,-11.81161364983,
    6.660672536832));
#2315 = CARTESIAN_POINT('',(18.000000000025,-13.21952540384,
    5.891453418878));
#2316 = CARTESIAN_POINT('',(17.999999999977,-14.430896986,5.16742865012)
  );
#2317 = CARTESIAN_POINT('',(18.000000000018,-15.4700863907,
    4.362975254684));
#2318 = CARTESIAN_POINT('',(17.999999999989,-16.27496270055,
    3.600072606009));
#2319 = CARTESIAN_POINT('',(18.000000000006,-16.90937676098,
    2.807202651286));
#2320 = CARTESIAN_POINT('',(17.999999999998,-17.30778956923,
    2.018341452537));
#2321 = CARTESIAN_POINT('',(18.,-17.5,1.250946528463));
#2322 = CARTESIAN_POINT('',(18.,-17.5,0.5));
#2323 = CARTESIAN_POINT('',(13.813966669828,-0.460971653607,
    11.908808935084));
#2324 = CARTESIAN_POINT('',(14.358695885415,-2.853450530182,
    11.543314683058));
#2325 = CARTESIAN_POINT('',(14.879021235754,-5.127990497677,
    11.063842462001));
#2326 = CARTESIAN_POINT('',(15.367677937038,-7.260363407974,
    10.480197853913));
#2327 = CARTESIAN_POINT('',(15.819650626868,-9.235329387932,
    9.802206024156));
#2328 = CARTESIAN_POINT('',(16.231332165013,-11.03450729238,
    9.043132800708));
#2329 = CARTESIAN_POINT('',(16.5986117183,-12.66175196464,8.206533109203
    ));
#2330 = CARTESIAN_POINT('',(16.920506642116,-14.07767829283,
    7.315180872293));
#2331 = CARTESIAN_POINT('',(17.193336095602,-15.31953945131,
    6.363633131523));
#2332 = CARTESIAN_POINT('',(17.414484572981,-16.31986600762,
    5.380042620839));
#2333 = CARTESIAN_POINT('',(17.58730946401,-17.13271635824,4.37380915454
    ));
#2334 = CARTESIAN_POINT('',(17.702791080638,-17.70250345991,
    3.352602627821));
#2335 = CARTESIAN_POINT('',(17.776095056319,-18.05797041564,
    2.37867818291));
#2336 = CARTESIAN_POINT('',(17.812659454886,-18.23200985436,
    1.435705788453));
#2337 = CARTESIAN_POINT('',(17.812659454885,-18.23200985436,0.5));
#2338 = ADVANCED_FACE('',(#2339),#2358,.T.);
#2339 = FACE_BOUND('',#2340,.T.);
#2340 = EDGE_LOOP('',(#2341,#2342,#2343,#2352));
#2341 = ORIENTED_EDGE('',*,*,#1386,.T.);
#2342 = ORIENTED_EDGE('',*,*,#1916,.T.);
#2343 = ORIENTED_EDGE('',*,*,#2344,.F.);
#2344 = EDGE_CURVE('',#2345,#1909,#2347,.T.);
#2345 = VERTEX_POINT('',#2346);
#2346 = CARTESIAN_POINT('',(-18.,-16.74439765304,0.5));
#2347 = CIRCLE('',#2348,6.);
#2348 = AXIS2_PLACEMENT_3D('',#2349,#2350,#2351);
#2349 = CARTESIAN_POINT('',(-12.,-16.74439765304,0.5));
#2350 = DIRECTION('',(0.,0.,1.));
#2351 = DIRECTION('',(-1.,0.,0.));
#2352 = ORIENTED_EDGE('',*,*,#2353,.F.);
#2353 = EDGE_CURVE('',#1387,#2345,#2354,.T.);
#2354 = LINE('',#2355,#2356);
#2355 = CARTESIAN_POINT('',(-18.,-16.74439765304,0.));
#2356 = VECTOR('',#2357,1.);
#2357 = DIRECTION('',(0.,0.,1.));
#2358 = CYLINDRICAL_SURFACE('',#2359,6.);
#2359 = AXIS2_PLACEMENT_3D('',#2360,#2361,#2362);
#2360 = CARTESIAN_POINT('',(-12.,-16.74439765304,0.));
#2361 = DIRECTION('',(0.,0.,1.));
#2362 = DIRECTION('',(-1.,0.,0.));
#2363 = ADVANCED_FACE('',(#2364),#2395,.T.);
#2364 = FACE_BOUND('',#2365,.T.);
#2365 = EDGE_LOOP('',(#2366,#2386,#2393,#2394));
#2366 = ORIENTED_EDGE('',*,*,#2367,.T.);
#2367 = EDGE_CURVE('',#2345,#2368,#2370,.T.);
#2368 = VERTEX_POINT('',#2369);
#2369 = CARTESIAN_POINT('',(-18.,-16.2530513818,1.739503983151));
#2370 = ( BOUNDED_CURVE() B_SPLINE_CURVE(14,(#2371,#2372,#2373,#2374,
    #2375,#2376,#2377,#2378,#2379,#2380,#2381,#2382,#2383,#2384,#2385),
.UNSPECIFIED.,.F.,.F.) B_SPLINE_CURVE_WITH_KNOTS((15,15),(0.5,
25.213468879201),.PIECEWISE_BEZIER_KNOTS.) CURVE() 
GEOMETRIC_REPRESENTATION_ITEM() RATIONAL_B_SPLINE_CURVE((1.,1.,1.,
    0.999999999999,1.000000000002,0.999999999998,1.000000000002,1.,
    0.999999999998,1.000000000002,0.999999999998,1.000000000001,1.,1.,1.
)) REPRESENTATION_ITEM('') );
#2371 = CARTESIAN_POINT('',(-18.,-16.74439765304,0.5));
#2372 = CARTESIAN_POINT('',(-18.,-16.74439765303,1.05977182153));
#2373 = CARTESIAN_POINT('',(-18.,-16.52963884613,1.640663978785));
#2374 = CARTESIAN_POINT('',(-17.99999999999,-16.08305845239,
    2.224993014281));
#2375 = CARTESIAN_POINT('',(-18.,-15.38035986491,2.756658754812));
#2376 = CARTESIAN_POINT('',(-17.99999999998,-14.58115188714,
    3.222045415199));
#2377 = CARTESIAN_POINT('',(-18.00000000001,-13.50237099154,
    3.763317808276));
#2378 = CARTESIAN_POINT('',(-17.99999999998,-12.32006980632,
    4.142445876809));
#2379 = CARTESIAN_POINT('',(-18.00000000001,-10.91342520041,
    4.623556681882));
#2380 = CARTESIAN_POINT('',(-17.99999999999,-9.366629186957,
    4.972732406324));
#2381 = CARTESIAN_POINT('',(-18.,-7.648495254068,5.342305670631));
#2382 = CARTESIAN_POINT('',(-17.99999999999,-5.789690166407,
    5.64216698879));
#2383 = CARTESIAN_POINT('',(-18.,-3.786564735415,5.91008109842));
#2384 = CARTESIAN_POINT('',(-18.,-1.646946915766,6.127243616904));
#2385 = CARTESIAN_POINT('',(-18.,0.658628662252,6.310294108695));
#2386 = ORIENTED_EDGE('',*,*,#2387,.F.);
#2387 = EDGE_CURVE('',#1396,#2368,#2388,.T.);
#2388 = CIRCLE('',#2389,6.25);
#2389 = AXIS2_PLACEMENT_3D('',#2390,#2391,#2392);
#2390 = CARTESIAN_POINT('',(-18.,-10.25,0.));
#2391 = DIRECTION('',(-1.,0.,0.));
#2392 = DIRECTION('',(0.,1.,0.));
#2393 = ORIENTED_EDGE('',*,*,#1395,.F.);
#2394 = ORIENTED_EDGE('',*,*,#2353,.T.);
#2395 = PLANE('',#2396);
#2396 = AXIS2_PLACEMENT_3D('',#2397,#2398,#2399);
#2397 = CARTESIAN_POINT('',(-18.,-17.5,0.));
#2398 = DIRECTION('',(-1.,0.,0.));
#2399 = DIRECTION('',(0.,1.,0.));
#2400 = ADVANCED_FACE('',(#2401),#2545,.F.);
#2401 = FACE_BOUND('',#2402,.T.);
#2402 = EDGE_LOOP('',(#2403,#2413,#2422,#2431,#2438,#2439,#2440,#2538));
#2403 = ORIENTED_EDGE('',*,*,#2404,.F.);
#2404 = EDGE_CURVE('',#2405,#2407,#2409,.T.);
#2405 = VERTEX_POINT('',#2406);
#2406 = CARTESIAN_POINT('',(-14.3,-4.91628959276,3.257918552036));
#2407 = VERTEX_POINT('',#2408);
#2408 = CARTESIAN_POINT('',(-18.,-4.91628959276,3.257918552036));
#2409 = LINE('',#2410,#2411);
#2410 = CARTESIAN_POINT('',(-18.5,-4.91628959276,3.257918552036));
#2411 = VECTOR('',#2412,1.);
#2412 = DIRECTION('',(-1.,-0.,-0.));
#2413 = ORIENTED_EDGE('',*,*,#2414,.F.);
#2414 = EDGE_CURVE('',#2415,#2405,#2417,.T.);
#2415 = VERTEX_POINT('',#2416);
#2416 = CARTESIAN_POINT('',(-14.3,-10.25,6.25));
#2417 = CIRCLE('',#2418,6.25);
#2418 = AXIS2_PLACEMENT_3D('',#2419,#2420,#2421);
#2419 = CARTESIAN_POINT('',(-14.3,-10.25,0.));
#2420 = DIRECTION('',(-1.,0.,0.));
#2421 = DIRECTION('',(0.,1.,0.));
#2422 = ORIENTED_EDGE('',*,*,#2423,.F.);
#2423 = EDGE_CURVE('',#2424,#2415,#2426,.T.);
#2424 = VERTEX_POINT('',#2425);
#2425 = CARTESIAN_POINT('',(-14.3,-12.,6.));
#2426 = CIRCLE('',#2427,6.25);
#2427 = AXIS2_PLACEMENT_3D('',#2428,#2429,#2430);
#2428 = CARTESIAN_POINT('',(-14.3,-10.25,0.));
#2429 = DIRECTION('',(-1.,0.,0.));
#2430 = DIRECTION('',(0.,1.,0.));
#2431 = ORIENTED_EDGE('',*,*,#2432,.F.);
#2432 = EDGE_CURVE('',#1404,#2424,#2433,.T.);
#2433 = CIRCLE('',#2434,6.25);
#2434 = AXIS2_PLACEMENT_3D('',#2435,#2436,#2437);
#2435 = CARTESIAN_POINT('',(-14.3,-10.25,0.));
#2436 = DIRECTION('',(-1.,0.,0.));
#2437 = DIRECTION('',(0.,1.,0.));
#2438 = ORIENTED_EDGE('',*,*,#1403,.T.);
#2439 = ORIENTED_EDGE('',*,*,#2387,.T.);
#2440 = ORIENTED_EDGE('',*,*,#2441,.F.);
#2441 = EDGE_CURVE('',#2442,#2368,#2444,.T.);
#2442 = VERTEX_POINT('',#2443);
#2443 = CARTESIAN_POINT('',(-18.,-7.027033549994,5.354903104832));
#2444 = B_SPLINE_CURVE_WITH_KNOTS('',8,(#2445,#2446,#2447,#2448,#2449,
    #2450,#2451,#2452,#2453,#2454,#2455,#2456,#2457,#2458,#2459,#2460,
    #2461,#2462,#2463,#2464,#2465,#2466,#2467,#2468,#2469,#2470,#2471,
    #2472,#2473,#2474,#2475,#2476,#2477,#2478,#2479,#2480,#2481,#2482,
    #2483,#2484,#2485,#2486,#2487,#2488,#2489,#2490,#2491,#2492,#2493,
    #2494,#2495,#2496,#2497,#2498,#2499,#2500,#2501,#2502,#2503,#2504,
    #2505,#2506,#2507,#2508,#2509,#2510,#2511,#2512,#2513,#2514,#2515,
    #2516,#2517,#2518,#2519,#2520,#2521,#2522,#2523,#2524,#2525,#2526,
    #2527,#2528,#2529,#2530,#2531,#2532,#2533,#2534,#2535,#2536,#2537),
  .UNSPECIFIED.,.F.,.F.,(9,7,7,7,7,7,7,7,7,7,7,7,7,9),(0.,0.160957323961
    ,0.24495337903,0.336030567154,0.432785520667,0.460583761695,
    0.503264393811,0.536889309605,0.555004494472,0.591915996727,
    0.709780851139,0.852664760118,0.934891146179,1.),.UNSPECIFIED.);
#2445 = CARTESIAN_POINT('',(-18.,-7.027033549994,5.354903104832));
#2446 = CARTESIAN_POINT('',(-18.,-7.188937176098,5.452348370386));
#2447 = CARTESIAN_POINT('',(-17.99695506574,-7.357766187198,
    5.546340934531));
#2448 = CARTESIAN_POINT('',(-17.99100969469,-7.533618696063,
    5.636353178635));
#2449 = CARTESIAN_POINT('',(-17.98235321369,-7.716581773165,
    5.721832288188));
#2450 = CARTESIAN_POINT('',(-17.97122227694,-7.906745035055,
    5.802198841146));
#2451 = CARTESIAN_POINT('',(-17.95789995444,-8.104215648886,
    5.876846926963));
#2452 = CARTESIAN_POINT('',(-17.94271404016,-8.309150915214,
    5.94513072636));
#2453 = CARTESIAN_POINT('',(-17.91733435543,-8.632808977463,
    6.03825558033));
#2454 = CARTESIAN_POINT('',(-17.90822589927,-8.745895550155,
    6.068255740784));
#2455 = CARTESIAN_POINT('',(-17.89876481983,-8.861123360924,
    6.096220092691));
#2456 = CARTESIAN_POINT('',(-17.88900780428,-8.978536153709,
    6.122037965755));
#2457 = CARTESIAN_POINT('',(-17.87901536971,-9.098183578781,
    6.145590285233));
#2458 = CARTESIAN_POINT('',(-17.86885207095,-9.220124020154,
    6.166747612801));
#2459 = CARTESIAN_POINT('',(-17.85858679437,-9.344429036426,
    6.185366833006));
#2460 = CARTESIAN_POINT('',(-17.83713169267,-9.60863609445,
    6.218548214626));
#2461 = CARTESIAN_POINT('',(-17.82593888195,-9.748944948228,
    6.232632928642));
#2462 = CARTESIAN_POINT('',(-17.81480692895,-9.892250986797,
    6.243338961782));
#2463 = CARTESIAN_POINT('',(-17.803836566,-10.03869111166,6.250433706921
    ));
#2464 = CARTESIAN_POINT('',(-17.79313846147,-10.18841152408,
    6.253647852543));
#2465 = CARTESIAN_POINT('',(-17.7828337645,-10.34157405565,6.25267120427
    ));
#2466 = CARTESIAN_POINT('',(-17.77305505797,-10.49837298669,
    6.247139085754));
#2467 = CARTESIAN_POINT('',(-17.75427529137,-10.82979296963,
    6.225400428848));
#2468 = CARTESIAN_POINT('',(-17.74537541378,-11.00465588357,
    6.208567064513));
#2469 = CARTESIAN_POINT('',(-17.73740715004,-11.18420967793,
    6.185567355603));
#2470 = CARTESIAN_POINT('',(-17.73056670617,-11.36882700332,
    6.155738860442));
#2471 = CARTESIAN_POINT('',(-17.7250878471,-11.55870896229,
    6.118301128599));
#2472 = CARTESIAN_POINT('',(-17.72122905499,-11.75388318123,
    6.072381911656));
#2473 = CARTESIAN_POINT('',(-17.71925213148,-11.95422129021,
    6.017026464081));
#2474 = CARTESIAN_POINT('',(-17.71943688906,-12.21847768081,
    5.932236685878));
#2475 = CARTESIAN_POINT('',(-17.71965314063,-12.27783187637,
    5.912455399219));
#2476 = CARTESIAN_POINT('',(-17.72004972202,-12.33754335305,
    5.891796971554));
#2477 = CARTESIAN_POINT('',(-17.72063157414,-12.39758568032,
    5.870243953968));
#2478 = CARTESIAN_POINT('',(-17.72140299933,-12.45792489302,
    5.847782076642));
#2479 = CARTESIAN_POINT('',(-17.72236739503,-12.51851918816,
    5.824401327285));
#2480 = CARTESIAN_POINT('',(-17.72352698741,-12.57931862166,
    5.80009702958));
#2481 = CARTESIAN_POINT('',(-17.72696388052,-12.73383984938,
    5.73613946979));
#2482 = CARTESIAN_POINT('',(-17.72950797799,-12.82779554737,
    5.69522067821));
#2483 = CARTESIAN_POINT('',(-17.73251717399,-12.92187369918,
    5.652138161234));
#2484 = CARTESIAN_POINT('',(-17.73598493273,-13.01578605001,
    5.606950734462));
#2485 = CARTESIAN_POINT('',(-17.73989397747,-13.10921664377,
    5.559759852506));
#2486 = CARTESIAN_POINT('',(-17.74421527909,-13.20182440664,
    5.510716979642));
#2487 = CARTESIAN_POINT('',(-17.74890792188,-13.29324596062,
    5.460030893346));
#2488 = CARTESIAN_POINT('',(-17.7578683716,-13.45388697385,5.366963867)
  );
#2489 = CARTESIAN_POINT('',(-17.76201639629,-13.52372428867,
    5.325089268032));
#2490 = CARTESIAN_POINT('',(-17.76633882336,-13.5924277434,
    5.282480994621));
#2491 = CARTESIAN_POINT('',(-17.77080883276,-13.65984576538,5.2392701359
    ));
#2492 = CARTESIAN_POINT('',(-17.77539880323,-13.72585504888,
    5.195587034875));
#2493 = CARTESIAN_POINT('',(-17.7800812339,-13.79035752674,
    5.151559323975));
#2494 = CARTESIAN_POINT('',(-17.78482966592,-13.85327734187,
    5.107309960596));
#2495 = CARTESIAN_POINT('',(-17.79220014922,-13.94757224126,
    5.039059483766));
#2496 = CARTESIAN_POINT('',(-17.79479297426,-13.98011403592,
    5.015130857195));
#2497 = CARTESIAN_POINT('',(-17.79739438045,-14.01217629496,
    4.99118611415));
#2498 = CARTESIAN_POINT('',(-17.80000088696,-14.04375442616,
    4.96724081264));
#2499 = CARTESIAN_POINT('',(-17.802609239,-14.07484592603,4.943309330305
    ));
#2500 = CARTESIAN_POINT('',(-17.80521641589,-14.10545015281,
    4.919404857248));
#2501 = CARTESIAN_POINT('',(-17.80781963919,-14.13556809953,
    4.895539388868));
#2502 = CARTESIAN_POINT('',(-17.81570750187,-14.22558454552,
    4.823196907079));
#2503 = CARTESIAN_POINT('',(-17.82097129022,-14.28395317263,
    4.774880699509));
#2504 = CARTESIAN_POINT('',(-17.82618688083,-14.34033569738,
    4.726861187604));
#2505 = CARTESIAN_POINT('',(-17.83133715714,-14.39477785205,
    4.679208284466));
#2506 = CARTESIAN_POINT('',(-17.83640852277,-14.44733824595,
    4.631976731634));
#2507 = CARTESIAN_POINT('',(-17.84139059755,-14.4980843955,
    4.585207070664));
#2508 = CARTESIAN_POINT('',(-17.84627583787,-14.54708999031,
    4.538926579335));
#2509 = CARTESIAN_POINT('',(-17.866332811,-14.74560913245,4.346978133891
    ));
#2510 = CARTESIAN_POINT('',(-17.88053157249,-14.87949057323,
    4.206280665377));
#2511 = CARTESIAN_POINT('',(-17.89354198749,-14.99921181911,
    4.071064191711));
#2512 = CARTESIAN_POINT('',(-17.90536597567,-15.10686155499,
    3.941278388763));
#2513 = CARTESIAN_POINT('',(-17.91605969968,-15.20422165832,
    3.816705352505));
#2514 = CARTESIAN_POINT('',(-17.9257070287,-15.29272901204,
    3.697007829455));
#2515 = CARTESIAN_POINT('',(-17.93440031805,-15.37363694485,
    3.581729924719));
#2516 = CARTESIAN_POINT('',(-17.95172401754,-15.53818645963,
    3.335259445855));
#2517 = CARTESIAN_POINT('',(-17.95992652856,-15.61854680756,
    3.206207632906));
#2518 = CARTESIAN_POINT('',(-17.96698725599,-15.69085301925,
    3.082485786169));
#2519 = CARTESIAN_POINT('',(-17.97303685595,-15.75631494427,
    2.963575705544));
#2520 = CARTESIAN_POINT('',(-17.9781914156,-15.81587664052,
    2.849020702033));
#2521 = CARTESIAN_POINT('',(-17.98255390927,-15.87031282664,
    2.738393572527));
#2522 = CARTESIAN_POINT('',(-17.98621506534,-15.92025131572,
    2.631288443137));
#2523 = CARTESIAN_POINT('',(-17.99100447507,-15.99268954488,
    2.467447767807));
#2524 = CARTESIAN_POINT('',(-17.99254790136,-16.0178332665,
    2.408641536818));
#2525 = CARTESIAN_POINT('',(-17.99390053281,-16.04176120168,
    2.350802559119));
#2526 = CARTESIAN_POINT('',(-17.99507641499,-16.06456191072,
    2.293860240253));
#2527 = CARTESIAN_POINT('',(-17.99608856672,-16.0863146539,
    2.237744963711));
#2528 = CARTESIAN_POINT('',(-17.99694910232,-16.10709119873,
    2.182386513793));
#2529 = CARTESIAN_POINT('',(-17.99766933447,-16.12695717892,
    2.127712201852));
#2530 = CARTESIAN_POINT('',(-17.9987274481,-16.16103019883,
    2.030832728733));
#2531 = CARTESIAN_POINT('',(-17.9991137076,-16.17555418263,
    1.988401716077));
#2532 = CARTESIAN_POINT('',(-17.99942390037,-16.18957500942,
    1.94631319537));
#2533 = CARTESIAN_POINT('',(-17.99966300492,-16.20312055906,
    1.904527138974));
#2534 = CARTESIAN_POINT('',(-17.99983574821,-16.21621689732,
    1.863001387506));
#2535 = CARTESIAN_POINT('',(-17.99994663894,-16.2288886261,1.82169049354
    ));
#2536 = CARTESIAN_POINT('',(-18.,-16.24115922463,1.780543975704));
#2537 = CARTESIAN_POINT('',(-18.,-16.2530513818,1.739503983151));
#2538 = ORIENTED_EDGE('',*,*,#2539,.T.);
#2539 = EDGE_CURVE('',#2442,#2407,#2540,.T.);
#2540 = CIRCLE('',#2541,6.25);
#2541 = AXIS2_PLACEMENT_3D('',#2542,#2543,#2544);
#2542 = CARTESIAN_POINT('',(-18.,-10.25,0.));
#2543 = DIRECTION('',(-1.,0.,0.));
#2544 = DIRECTION('',(0.,1.,0.));
#2545 = CYLINDRICAL_SURFACE('',#2546,6.25);
#2546 = AXIS2_PLACEMENT_3D('',#2547,#2548,#2549);
#2547 = CARTESIAN_POINT('',(-18.5,-10.25,0.));
#2548 = DIRECTION('',(-1.,-0.,-0.));
#2549 = DIRECTION('',(0.,1.,0.));
#2550 = ADVANCED_FACE('',(#2551),#2586,.T.);
#2551 = FACE_BOUND('',#2552,.T.);
#2552 = EDGE_LOOP('',(#2553,#2563,#2571,#2577,#2578,#2579,#2580));
#2553 = ORIENTED_EDGE('',*,*,#2554,.T.);
#2554 = EDGE_CURVE('',#2555,#2557,#2559,.T.);
#2555 = VERTEX_POINT('',#2556);
#2556 = CARTESIAN_POINT('',(-7.,-16.5,3.533778548736));
#2557 = VERTEX_POINT('',#2558);
#2558 = CARTESIAN_POINT('',(-7.,-16.5,6.25));
#2559 = LINE('',#2560,#2561);
#2560 = CARTESIAN_POINT('',(-7.,-16.5,3.125));
#2561 = VECTOR('',#2562,1.);
#2562 = DIRECTION('',(0.,0.,1.));
#2563 = ORIENTED_EDGE('',*,*,#2564,.T.);
#2564 = EDGE_CURVE('',#2557,#2565,#2567,.T.);
#2565 = VERTEX_POINT('',#2566);
#2566 = CARTESIAN_POINT('',(10.2,-16.5,6.25));
#2567 = LINE('',#2568,#2569);
#2568 = CARTESIAN_POINT('',(-14.3,-16.5,6.25));
#2569 = VECTOR('',#2570,1.);
#2570 = DIRECTION('',(1.,0.,0.));
#2571 = ORIENTED_EDGE('',*,*,#2572,.T.);
#2572 = EDGE_CURVE('',#2565,#1692,#2573,.T.);
#2573 = LINE('',#2574,#2575);
#2574 = CARTESIAN_POINT('',(10.2,-16.5,6.25));
#2575 = VECTOR('',#2576,1.);
#2576 = DIRECTION('',(0.,0.,-1.));
#2577 = ORIENTED_EDGE('',*,*,#1691,.T.);
#2578 = ORIENTED_EDGE('',*,*,#1674,.T.);
#2579 = ORIENTED_EDGE('',*,*,#1443,.T.);
#2580 = ORIENTED_EDGE('',*,*,#2581,.T.);
#2581 = EDGE_CURVE('',#1436,#2555,#2582,.T.);
#2582 = LINE('',#2583,#2584);
#2583 = CARTESIAN_POINT('',(-7.670720023019,-16.5,5.113895901771));
#2584 = VECTOR('',#2585,1.);
#2585 = DIRECTION('',(-0.390731128489,0.,0.920504853452));
#2586 = PLANE('',#2587);
#2587 = AXIS2_PLACEMENT_3D('',#2588,#2589,#2590);
#2588 = CARTESIAN_POINT('',(-14.3,-16.5,6.25));
#2589 = DIRECTION('',(0.,1.,0.));
#2590 = DIRECTION('',(0.,0.,-1.));
#2591 = ADVANCED_FACE('',(#2592),#2617,.T.);
#2592 = FACE_BOUND('',#2593,.T.);
#2593 = EDGE_LOOP('',(#2594,#2602,#2610,#2616));
#2594 = ORIENTED_EDGE('',*,*,#2595,.F.);
#2595 = EDGE_CURVE('',#2596,#1404,#2598,.T.);
#2596 = VERTEX_POINT('',#2597);
#2597 = CARTESIAN_POINT('',(-14.3,-16.5,6.25));
#2598 = LINE('',#2599,#2600);
#2599 = CARTESIAN_POINT('',(-14.3,-16.5,6.25));
#2600 = VECTOR('',#2601,1.);
#2601 = DIRECTION('',(0.,0.,-1.));
#2602 = ORIENTED_EDGE('',*,*,#2603,.T.);
#2603 = EDGE_CURVE('',#2596,#2604,#2606,.T.);
#2604 = VERTEX_POINT('',#2605);
#2605 = CARTESIAN_POINT('',(-10.,-16.5,6.25));
#2606 = LINE('',#2607,#2608);
#2607 = CARTESIAN_POINT('',(-14.3,-16.5,6.25));
#2608 = VECTOR('',#2609,1.);
#2609 = DIRECTION('',(1.,0.,0.));
#2610 = ORIENTED_EDGE('',*,*,#2611,.F.);
#2611 = EDGE_CURVE('',#1412,#2604,#2612,.T.);
#2612 = LINE('',#2613,#2614);
#2613 = CARTESIAN_POINT('',(-10.,-16.5,3.125));
#2614 = VECTOR('',#2615,1.);
#2615 = DIRECTION('',(0.,0.,1.));
#2616 = ORIENTED_EDGE('',*,*,#1411,.T.);
#2617 = PLANE('',#2618);
#2618 = AXIS2_PLACEMENT_3D('',#2619,#2620,#2621);
#2619 = CARTESIAN_POINT('',(-14.3,-16.5,6.25));
#2620 = DIRECTION('',(0.,1.,0.));
#2621 = DIRECTION('',(0.,0.,-1.));
#2622 = ADVANCED_FACE('',(#2623),#2641,.T.);
#2623 = FACE_BOUND('',#2624,.F.);
#2624 = EDGE_LOOP('',(#2625,#2633,#2634,#2635));
#2625 = ORIENTED_EDGE('',*,*,#2626,.F.);
#2626 = EDGE_CURVE('',#1428,#2627,#2629,.T.);
#2627 = VERTEX_POINT('',#2628);
#2628 = CARTESIAN_POINT('',(-7.,-21.,3.533778548736));
#2629 = LINE('',#2630,#2631);
#2630 = CARTESIAN_POINT('',(-7.342477771263,-21.,4.340605616407));
#2631 = VECTOR('',#2632,1.);
#2632 = DIRECTION('',(-0.390731128489,0.,0.920504853452));
#2633 = ORIENTED_EDGE('',*,*,#1435,.T.);
#2634 = ORIENTED_EDGE('',*,*,#2581,.T.);
#2635 = ORIENTED_EDGE('',*,*,#2636,.F.);
#2636 = EDGE_CURVE('',#2627,#2555,#2637,.T.);
#2637 = LINE('',#2638,#2639);
#2638 = CARTESIAN_POINT('',(-7.,-21.,3.533778548736));
#2639 = VECTOR('',#2640,1.);
#2640 = DIRECTION('',(0.,1.,0.));
#2641 = PLANE('',#2642);
#2642 = AXIS2_PLACEMENT_3D('',#2643,#2644,#2645);
#2643 = CARTESIAN_POINT('',(-6.25,-21.,1.766889274368));
#2644 = DIRECTION('',(-0.920504853452,0.,-0.390731128489));
#2645 = DIRECTION('',(-0.,-1.,-0.));
#2646 = ADVANCED_FACE('',(#2647),#2665,.T.);
#2647 = FACE_BOUND('',#2648,.T.);
#2648 = EDGE_LOOP('',(#2649,#2657,#2663,#2664));
#2649 = ORIENTED_EDGE('',*,*,#2650,.T.);
#2650 = EDGE_CURVE('',#2604,#2651,#2653,.T.);
#2651 = VERTEX_POINT('',#2652);
#2652 = CARTESIAN_POINT('',(-10.,-21.,6.25));
#2653 = LINE('',#2654,#2655);
#2654 = CARTESIAN_POINT('',(-10.,12.,6.25));
#2655 = VECTOR('',#2656,1.);
#2656 = DIRECTION('',(0.,-1.,0.));
#2657 = ORIENTED_EDGE('',*,*,#2658,.T.);
#2658 = EDGE_CURVE('',#2651,#1420,#2659,.T.);
#2659 = LINE('',#2660,#2661);
#2660 = CARTESIAN_POINT('',(-10.,-21.,6.25));
#2661 = VECTOR('',#2662,1.);
#2662 = DIRECTION('',(0.,0.,-1.));
#2663 = ORIENTED_EDGE('',*,*,#1419,.T.);
#2664 = ORIENTED_EDGE('',*,*,#2611,.T.);
#2665 = PLANE('',#2666);
#2666 = AXIS2_PLACEMENT_3D('',#2667,#2668,#2669);
#2667 = CARTESIAN_POINT('',(-10.,-4.5,0.));
#2668 = DIRECTION('',(1.,0.,0.));
#2669 = DIRECTION('',(0.,0.,1.));
#2670 = ADVANCED_FACE('',(#2671),#2690,.T.);
#2671 = FACE_BOUND('',#2672,.T.);
#2672 = EDGE_LOOP('',(#2673,#2681,#2682,#2683,#2684));
#2673 = ORIENTED_EDGE('',*,*,#2674,.T.);
#2674 = EDGE_CURVE('',#2675,#2627,#2677,.T.);
#2675 = VERTEX_POINT('',#2676);
#2676 = CARTESIAN_POINT('',(-7.,-21.,6.25));
#2677 = LINE('',#2678,#2679);
#2678 = CARTESIAN_POINT('',(-7.,-21.,6.25));
#2679 = VECTOR('',#2680,1.);
#2680 = DIRECTION('',(0.,0.,-1.));
#2681 = ORIENTED_EDGE('',*,*,#2626,.F.);
#2682 = ORIENTED_EDGE('',*,*,#1427,.T.);
#2683 = ORIENTED_EDGE('',*,*,#2658,.F.);
#2684 = ORIENTED_EDGE('',*,*,#2685,.T.);
#2685 = EDGE_CURVE('',#2651,#2675,#2686,.T.);
#2686 = LINE('',#2687,#2688);
#2687 = CARTESIAN_POINT('',(-10.,-21.,6.25));
#2688 = VECTOR('',#2689,1.);
#2689 = DIRECTION('',(1.,0.,0.));
#2690 = PLANE('',#2691);
#2691 = AXIS2_PLACEMENT_3D('',#2692,#2693,#2694);
#2692 = CARTESIAN_POINT('',(-10.,-21.,6.25));
#2693 = DIRECTION('',(0.,1.,0.));
#2694 = DIRECTION('',(0.,0.,-1.));
#2695 = ADVANCED_FACE('',(#2696),#2715,.F.);
#2696 = FACE_BOUND('',#2697,.T.);
#2697 = EDGE_LOOP('',(#2698,#2706,#2707,#2708));
#2698 = ORIENTED_EDGE('',*,*,#2699,.F.);
#2699 = EDGE_CURVE('',#1482,#2700,#2702,.T.);
#2700 = VERTEX_POINT('',#2701);
#2701 = CARTESIAN_POINT('',(-5.9,-24.,8.61));
#2702 = LINE('',#2703,#2704);
#2703 = CARTESIAN_POINT('',(-5.9,-24.,0.));
#2704 = VECTOR('',#2705,1.);
#2705 = DIRECTION('',(0.,0.,1.));
#2706 = ORIENTED_EDGE('',*,*,#1481,.F.);
#2707 = ORIENTED_EDGE('',*,*,#2699,.T.);
#2708 = ORIENTED_EDGE('',*,*,#2709,.F.);
#2709 = EDGE_CURVE('',#2700,#2700,#2710,.T.);
#2710 = CIRCLE('',#2711,1.6);
#2711 = AXIS2_PLACEMENT_3D('',#2712,#2713,#2714);
#2712 = CARTESIAN_POINT('',(-7.5,-24.,8.61));
#2713 = DIRECTION('',(0.,0.,-1.));
#2714 = DIRECTION('',(1.,0.,0.));
#2715 = CYLINDRICAL_SURFACE('',#2716,1.6);
#2716 = AXIS2_PLACEMENT_3D('',#2717,#2718,#2719);
#2717 = CARTESIAN_POINT('',(-7.5,-24.,0.));
#2718 = DIRECTION('',(-0.,-0.,-1.));
#2719 = DIRECTION('',(1.,0.,0.));
#2720 = ADVANCED_FACE('',(#2721),#2741,.F.);
#2721 = FACE_BOUND('',#2722,.F.);
#2722 = EDGE_LOOP('',(#2723,#2731,#2732,#2733,#2734,#2735));
#2723 = ORIENTED_EDGE('',*,*,#2724,.T.);
#2724 = EDGE_CURVE('',#2725,#2565,#2727,.T.);
#2725 = VERTEX_POINT('',#2726);
#2726 = CARTESIAN_POINT('',(10.2,7.,6.25));
#2727 = LINE('',#2728,#2729);
#2728 = CARTESIAN_POINT('',(10.2,7.,6.25));
#2729 = VECTOR('',#2730,1.);
#2730 = DIRECTION('',(0.,-1.,0.));
#2731 = ORIENTED_EDGE('',*,*,#2572,.T.);
#2732 = ORIENTED_EDGE('',*,*,#1699,.T.);
#2733 = ORIENTED_EDGE('',*,*,#1894,.F.);
#2734 = ORIENTED_EDGE('',*,*,#1818,.T.);
#2735 = ORIENTED_EDGE('',*,*,#2736,.T.);
#2736 = EDGE_CURVE('',#1819,#2725,#2737,.T.);
#2737 = LINE('',#2738,#2739);
#2738 = CARTESIAN_POINT('',(10.2,7.,-6.25));
#2739 = VECTOR('',#2740,1.);
#2740 = DIRECTION('',(0.,0.,1.));
#2741 = PLANE('',#2742);
#2742 = AXIS2_PLACEMENT_3D('',#2743,#2744,#2745);
#2743 = CARTESIAN_POINT('',(10.2,-4.75,0.));
#2744 = DIRECTION('',(1.,0.,0.));
#2745 = DIRECTION('',(0.,0.,1.));
#2746 = ADVANCED_FACE('',(#2747),#2774,.F.);
#2747 = FACE_BOUND('',#2748,.T.);
#2748 = EDGE_LOOP('',(#2749,#2758,#2759,#2768));
#2749 = ORIENTED_EDGE('',*,*,#2750,.T.);
#2750 = EDGE_CURVE('',#2751,#1723,#2753,.T.);
#2751 = VERTEX_POINT('',#2752);
#2752 = CARTESIAN_POINT('',(-18.,-4.25,3.));
#2753 = CIRCLE('',#2754,3.);
#2754 = AXIS2_PLACEMENT_3D('',#2755,#2756,#2757);
#2755 = CARTESIAN_POINT('',(-18.,-4.25,0.));
#2756 = DIRECTION('',(-1.,0.,0.));
#2757 = DIRECTION('',(0.,1.,0.));
#2758 = ORIENTED_EDGE('',*,*,#1722,.T.);
#2759 = ORIENTED_EDGE('',*,*,#2760,.F.);
#2760 = EDGE_CURVE('',#2761,#1725,#2763,.T.);
#2761 = VERTEX_POINT('',#2762);
#2762 = CARTESIAN_POINT('',(-14.3,-4.25,3.));
#2763 = CIRCLE('',#2764,3.);
#2764 = AXIS2_PLACEMENT_3D('',#2765,#2766,#2767);
#2765 = CARTESIAN_POINT('',(-14.3,-4.25,0.));
#2766 = DIRECTION('',(-1.,0.,0.));
#2767 = DIRECTION('',(0.,1.,0.));
#2768 = ORIENTED_EDGE('',*,*,#2769,.F.);
#2769 = EDGE_CURVE('',#2751,#2761,#2770,.T.);
#2770 = LINE('',#2771,#2772);
#2771 = CARTESIAN_POINT('',(-18.5,-4.25,3.));
#2772 = VECTOR('',#2773,1.);
#2773 = DIRECTION('',(1.,0.,0.));
#2774 = CYLINDRICAL_SURFACE('',#2775,3.);
#2775 = AXIS2_PLACEMENT_3D('',#2776,#2777,#2778);
#2776 = CARTESIAN_POINT('',(-18.5,-4.25,0.));
#2777 = DIRECTION('',(-1.,-0.,-0.));
#2778 = DIRECTION('',(0.,1.,0.));
#2779 = ADVANCED_FACE('',(#2780),#2817,.T.);
#2780 = FACE_BOUND('',#2781,.T.);
#2781 = EDGE_LOOP('',(#2782,#2802,#2808,#2809,#2810,#2816));
#2782 = ORIENTED_EDGE('',*,*,#2783,.T.);
#2783 = EDGE_CURVE('',#2442,#2784,#2786,.T.);
#2784 = VERTEX_POINT('',#2785);
#2785 = CARTESIAN_POINT('',(-18.,0.658628662252,6.310294108695));
#2786 = ( BOUNDED_CURVE() B_SPLINE_CURVE(14,(#2787,#2788,#2789,#2790,
    #2791,#2792,#2793,#2794,#2795,#2796,#2797,#2798,#2799,#2800,#2801),
.UNSPECIFIED.,.F.,.F.) B_SPLINE_CURVE_WITH_KNOTS((15,15),(0.5,
25.213468879201),.PIECEWISE_BEZIER_KNOTS.) CURVE() 
GEOMETRIC_REPRESENTATION_ITEM() RATIONAL_B_SPLINE_CURVE((1.,1.,1.,
    0.999999999999,1.000000000002,0.999999999998,1.000000000002,1.,
    0.999999999998,1.000000000002,0.999999999998,1.000000000001,1.,1.,1.
)) REPRESENTATION_ITEM('') );
#2787 = CARTESIAN_POINT('',(-18.,-16.74439765304,0.5));
#2788 = CARTESIAN_POINT('',(-18.,-16.74439765303,1.05977182153));
#2789 = CARTESIAN_POINT('',(-18.,-16.52963884613,1.640663978785));
#2790 = CARTESIAN_POINT('',(-17.99999999999,-16.08305845239,
    2.224993014281));
#2791 = CARTESIAN_POINT('',(-18.,-15.38035986491,2.756658754812));
#2792 = CARTESIAN_POINT('',(-17.99999999998,-14.58115188714,
    3.222045415199));
#2793 = CARTESIAN_POINT('',(-18.00000000001,-13.50237099154,
    3.763317808276));
#2794 = CARTESIAN_POINT('',(-17.99999999998,-12.32006980632,
    4.142445876809));
#2795 = CARTESIAN_POINT('',(-18.00000000001,-10.91342520041,
    4.623556681882));
#2796 = CARTESIAN_POINT('',(-17.99999999999,-9.366629186957,
    4.972732406324));
#2797 = CARTESIAN_POINT('',(-18.,-7.648495254068,5.342305670631));
#2798 = CARTESIAN_POINT('',(-17.99999999999,-5.789690166407,
    5.64216698879));
#2799 = CARTESIAN_POINT('',(-18.,-3.786564735415,5.91008109842));
#2800 = CARTESIAN_POINT('',(-18.,-1.646946915766,6.127243616904));
#2801 = CARTESIAN_POINT('',(-18.,0.658628662252,6.310294108695));
#2802 = ORIENTED_EDGE('',*,*,#2803,.F.);
#2803 = EDGE_CURVE('',#1733,#2784,#2804,.T.);
#2804 = LINE('',#2805,#2806);
#2805 = CARTESIAN_POINT('',(-18.,0.658628662252,0.));
#2806 = VECTOR('',#2807,1.);
#2807 = DIRECTION('',(0.,0.,1.));
#2808 = ORIENTED_EDGE('',*,*,#1732,.F.);
#2809 = ORIENTED_EDGE('',*,*,#2750,.F.);
#2810 = ORIENTED_EDGE('',*,*,#2811,.T.);
#2811 = EDGE_CURVE('',#2751,#2407,#2812,.T.);
#2812 = LINE('',#2813,#2814);
#2813 = CARTESIAN_POINT('',(-18.,-9.506674208145,5.034841628959));
#2814 = VECTOR('',#2815,1.);
#2815 = DIRECTION('',(0.,-0.932568098274,0.360994102558));
#2816 = ORIENTED_EDGE('',*,*,#2539,.F.);
#2817 = PLANE('',#2818);
#2818 = AXIS2_PLACEMENT_3D('',#2819,#2820,#2821);
#2819 = CARTESIAN_POINT('',(-18.,-17.5,0.));
#2820 = DIRECTION('',(-1.,0.,0.));
#2821 = DIRECTION('',(0.,1.,0.));
#2822 = ADVANCED_FACE('',(#2823),#2848,.T.);
#2823 = FACE_BOUND('',#2824,.T.);
#2824 = EDGE_LOOP('',(#2825,#2833,#2834,#2840,#2841,#2842));
#2825 = ORIENTED_EDGE('',*,*,#2826,.T.);
#2826 = EDGE_CURVE('',#2827,#2415,#2829,.T.);
#2827 = VERTEX_POINT('',#2828);
#2828 = CARTESIAN_POINT('',(-14.3,7.,6.25));
#2829 = LINE('',#2830,#2831);
#2830 = CARTESIAN_POINT('',(-14.3,7.,6.25));
#2831 = VECTOR('',#2832,1.);
#2832 = DIRECTION('',(0.,-1.,0.));
#2833 = ORIENTED_EDGE('',*,*,#2414,.T.);
#2834 = ORIENTED_EDGE('',*,*,#2835,.T.);
#2835 = EDGE_CURVE('',#2405,#2761,#2836,.T.);
#2836 = LINE('',#2837,#2838);
#2837 = CARTESIAN_POINT('',(-14.3,-3.962443438914,2.888687782806));
#2838 = VECTOR('',#2839,1.);
#2839 = DIRECTION('',(0.,0.932568098274,-0.360994102558));
#2840 = ORIENTED_EDGE('',*,*,#2760,.T.);
#2841 = ORIENTED_EDGE('',*,*,#1866,.T.);
#2842 = ORIENTED_EDGE('',*,*,#2843,.T.);
#2843 = EDGE_CURVE('',#1859,#2827,#2844,.T.);
#2844 = LINE('',#2845,#2846);
#2845 = CARTESIAN_POINT('',(-14.3,7.,-6.25));
#2846 = VECTOR('',#2847,1.);
#2847 = DIRECTION('',(0.,0.,1.));
#2848 = PLANE('',#2849);
#2849 = AXIS2_PLACEMENT_3D('',#2850,#2851,#2852);
#2850 = CARTESIAN_POINT('',(-14.3,-4.75,0.));
#2851 = DIRECTION('',(1.,0.,0.));
#2852 = DIRECTION('',(0.,0.,1.));
#2853 = ADVANCED_FACE('',(#2854),#2889,.T.);
#2854 = FACE_BOUND('',#2855,.F.);
#2855 = EDGE_LOOP('',(#2856,#2857,#2858,#2866));
#2856 = ORIENTED_EDGE('',*,*,#2803,.F.);
#2857 = ORIENTED_EDGE('',*,*,#1740,.T.);
#2858 = ORIENTED_EDGE('',*,*,#2859,.T.);
#2859 = EDGE_CURVE('',#1741,#2860,#2862,.T.);
#2860 = VERTEX_POINT('',#2861);
#2861 = CARTESIAN_POINT('',(-17.09393987104,4.103029458928,
    6.215516890268));
#2862 = LINE('',#2863,#2864);
#2863 = CARTESIAN_POINT('',(-17.09393987104,4.103029458928,0.));
#2864 = VECTOR('',#2865,1.);
#2865 = DIRECTION('',(0.,0.,1.));
#2866 = ORIENTED_EDGE('',*,*,#2867,.F.);
#2867 = EDGE_CURVE('',#2784,#2860,#2868,.T.);
#2868 = ( BOUNDED_CURVE() B_SPLINE_CURVE(10,(#2869,#2870,#2871,#2872,
    #2873,#2874,#2875,#2876,#2877,#2878,#2879,#2880,#2881,#2882,#2883,
    #2884,#2885,#2886,#2887,#2888),.UNSPECIFIED.,.F.,.F.) 
B_SPLINE_CURVE_WITH_KNOTS((11,9,11),(25.213468879201,25.792556651198,
27.348598174252),.UNSPECIFIED.) CURVE() GEOMETRIC_REPRESENTATION_ITEM() 
RATIONAL_B_SPLINE_CURVE((1.,1.,1.,1.,1.,1.,1.,1.,1.,1.,1.,1.,1.,1.,1.,1.
,1.,1.,1.,1.)) REPRESENTATION_ITEM('') );
#2869 = CARTESIAN_POINT('',(-18.,0.658628662252,6.310294108695));
#2870 = CARTESIAN_POINT('',(-18.,0.737003328771,6.303009849629));
#2871 = CARTESIAN_POINT('',(-17.9990295921,0.8154553785,6.296062391143)
  );
#2872 = CARTESIAN_POINT('',(-17.9970821175,0.89398924032,6.289430612031)
  );
#2873 = CARTESIAN_POINT('',(-17.99415091741,0.972609343115,
    6.283093391091));
#2874 = CARTESIAN_POINT('',(-17.99022933302,1.051320115768,
    6.277029607117));
#2875 = CARTESIAN_POINT('',(-17.98531070553,1.130125987162,
    6.271218138905));
#2876 = CARTESIAN_POINT('',(-17.97938837614,1.209031386178,6.26563786525
    ));
#2877 = CARTESIAN_POINT('',(-17.97245568605,1.288040741701,
    6.260267664949));
#2878 = CARTESIAN_POINT('',(-17.96450597646,1.367158482612,
    6.255086416797));
#2879 = CARTESIAN_POINT('',(-17.93142058891,1.659286010795,
    6.236601664629));
#2880 = CARTESIAN_POINT('',(-17.88981277971,1.962347646156,
    6.238481531386));
#2881 = CARTESIAN_POINT('',(-17.83008894704,2.26342556719,6.232297656516
    ));
#2882 = CARTESIAN_POINT('',(-17.75595562262,2.548004965764,
    6.237212772295));
#2883 = CARTESIAN_POINT('',(-17.67368888254,2.827635771318,
    6.228672317081));
#2884 = CARTESIAN_POINT('',(-17.57729598873,3.097829190301,6.22962074942
    ));
#2885 = CARTESIAN_POINT('',(-17.47141548485,3.36201794291,6.224554846698
    ));
#2886 = CARTESIAN_POINT('',(-17.35458386078,3.617704325815,
    6.221866899696));
#2887 = CARTESIAN_POINT('',(-17.22850605934,3.864950818075,
    6.218559016921));
#2888 = CARTESIAN_POINT('',(-17.09393987104,4.103029458928,
    6.215516890268));
#2889 = CYLINDRICAL_SURFACE('',#2890,7.);
#2890 = AXIS2_PLACEMENT_3D('',#2891,#2892,#2893);
#2891 = CARTESIAN_POINT('',(-11.,0.658628662252,0.));
#2892 = DIRECTION('',(0.,0.,1.));
#2893 = DIRECTION('',(-1.,0.,0.));
#2894 = ADVANCED_FACE('',(#2895),#2913,.T.);
#2895 = FACE_BOUND('',#2896,.T.);
#2896 = EDGE_LOOP('',(#2897,#2898,#2899,#2907));
#2897 = ORIENTED_EDGE('',*,*,#2843,.F.);
#2898 = ORIENTED_EDGE('',*,*,#1858,.T.);
#2899 = ORIENTED_EDGE('',*,*,#2900,.F.);
#2900 = EDGE_CURVE('',#2901,#1851,#2903,.T.);
#2901 = VERTEX_POINT('',#2902);
#2902 = CARTESIAN_POINT('',(-10.,7.,6.25));
#2903 = LINE('',#2904,#2905);
#2904 = CARTESIAN_POINT('',(-10.,7.,-3.125));
#2905 = VECTOR('',#2906,1.);
#2906 = DIRECTION('',(0.,0.,-1.));
#2907 = ORIENTED_EDGE('',*,*,#2908,.F.);
#2908 = EDGE_CURVE('',#2827,#2901,#2909,.T.);
#2909 = LINE('',#2910,#2911);
#2910 = CARTESIAN_POINT('',(-14.3,7.,6.25));
#2911 = VECTOR('',#2912,1.);
#2912 = DIRECTION('',(1.,0.,0.));
#2913 = PLANE('',#2914);
#2914 = AXIS2_PLACEMENT_3D('',#2915,#2916,#2917);
#2915 = CARTESIAN_POINT('',(-14.3,7.,-6.25));
#2916 = DIRECTION('',(0.,-1.,0.));
#2917 = DIRECTION('',(0.,0.,1.));
#2918 = ADVANCED_FACE('',(#2919),#2965,.T.);
#2919 = FACE_BOUND('',#2920,.T.);
#2920 = EDGE_LOOP('',(#2921,#2922,#2945,#2958,#2964));
#2921 = ORIENTED_EDGE('',*,*,#2859,.T.);
#2922 = ORIENTED_EDGE('',*,*,#2923,.T.);
#2923 = EDGE_CURVE('',#2860,#2924,#2926,.T.);
#2924 = VERTEX_POINT('',#2925);
#2925 = CARTESIAN_POINT('',(-15.39888990616,7.10196401217,6.657944169776
    ));
#2926 = ( BOUNDED_CURVE() B_SPLINE_CURVE(9,(#2927,#2928,#2929,#2930,
    #2931,#2932,#2933,#2934,#2935,#2936,#2937,#2938,#2939,#2940,#2941,
#2942,#2943,#2944),.UNSPECIFIED.,.F.,.F.) B_SPLINE_CURVE_WITH_KNOTS((10,
    8,10),(27.348598174252,28.448588496101,29.965314092565),
.UNSPECIFIED.) CURVE() GEOMETRIC_REPRESENTATION_ITEM() 
RATIONAL_B_SPLINE_CURVE((1.,1.,1.,1.,1.,1.,1.,1.,1.,1.,1.,1.,1.,1.,1.,1.
,1.,1.)) REPRESENTATION_ITEM('') );
#2927 = CARTESIAN_POINT('',(-17.09393987104,4.103029458928,
    6.215516890267));
#2928 = CARTESIAN_POINT('',(-16.9978144779,4.273097462176,6.27039703017)
  );
#2929 = CARTESIAN_POINT('',(-16.90387232233,4.43930281434,6.325075043328
    ));
#2930 = CARTESIAN_POINT('',(-16.81217121984,4.601543226427,
    6.379157595622));
#2931 = CARTESIAN_POINT('',(-16.72110450739,4.762661256147,
    6.433366033683));
#2932 = CARTESIAN_POINT('',(-16.63403615437,4.916705265333,
    6.483716593476));
#2933 = CARTESIAN_POINT('',(-16.54308250345,5.077623263117,
    6.541962397992));
#2934 = CARTESIAN_POINT('',(-16.46295487067,5.219387536507,
    6.576207026048));
#2935 = CARTESIAN_POINT('',(-16.36472226205,5.393183690208,
    6.657337980047));
#2936 = CARTESIAN_POINT('',(-16.19249623033,5.697891284801,
    6.689503427224));
#2937 = CARTESIAN_POINT('',(-16.09334651467,5.873310012496,
    6.701075706742));
#2938 = CARTESIAN_POINT('',(-15.99448239687,6.048223451692,
    6.707028900272));
#2939 = CARTESIAN_POINT('',(-15.89564529661,6.223089090612,
    6.708331842904));
#2940 = CARTESIAN_POINT('',(-15.79668413156,6.398174228776,
    6.705571204056));
#2941 = CARTESIAN_POINT('',(-15.69752942986,6.573601777937,6.69905316151
    ));
#2942 = CARTESIAN_POINT('',(-15.59816744263,6.749396063023,
    6.688905075451));
#2943 = CARTESIAN_POINT('',(-15.49861425652,6.925528623072,
    6.675177162504));
#2944 = CARTESIAN_POINT('',(-15.39888990616,7.10196401217,6.657944169776
    ));
#2945 = ORIENTED_EDGE('',*,*,#2946,.T.);
#2946 = EDGE_CURVE('',#2924,#2947,#2949,.T.);
#2947 = VERTEX_POINT('',#2948);
#2948 = CARTESIAN_POINT('',(-13.50968650622,10.444400796675,6.5));
#2949 = ( BOUNDED_CURVE() B_SPLINE_CURVE(7,(#2950,#2951,#2952,#2953,
    #2954,#2955,#2956,#2957),.UNSPECIFIED.,.F.,.F.) 
B_SPLINE_CURVE_WITH_KNOTS((8,8),(29.965314092565,33.198247283681),
.PIECEWISE_BEZIER_KNOTS.) CURVE() GEOMETRIC_REPRESENTATION_ITEM() 
RATIONAL_B_SPLINE_CURVE((1.,1.,1.,1.,1.,1.,1.,1.)) REPRESENTATION_ITEM(
  '') );
#2950 = CARTESIAN_POINT('',(-15.39888990616,7.10196401217,6.657944169776
    ));
#2951 = CARTESIAN_POINT('',(-15.12559256965,7.58549006908,6.610716677236
    ));
#2952 = CARTESIAN_POINT('',(-14.85520260585,8.063872312715,
    6.572638904448));
#2953 = CARTESIAN_POINT('',(-14.58580829783,8.540493011532,
    6.543804477302));
#2954 = CARTESIAN_POINT('',(-14.31744259562,9.015293869274,
    6.521515359588));
#2955 = CARTESIAN_POINT('',(-14.04897941342,9.490267191632,
    6.507248726688));
#2956 = CARTESIAN_POINT('',(-13.77995116541,9.966240245807,6.5));
#2957 = CARTESIAN_POINT('',(-13.50968650622,10.444400796675,6.5));
#2958 = ORIENTED_EDGE('',*,*,#2959,.F.);
#2959 = EDGE_CURVE('',#1750,#2947,#2960,.T.);
#2960 = LINE('',#2961,#2962);
#2961 = CARTESIAN_POINT('',(-13.50968650622,10.444400796675,0.));
#2962 = VECTOR('',#2963,1.);
#2963 = DIRECTION('',(0.,0.,1.));
#2964 = ORIENTED_EDGE('',*,*,#1749,.F.);
#2965 = PLANE('',#2966);
#2966 = AXIS2_PLACEMENT_3D('',#2967,#2968,#2969);
#2967 = CARTESIAN_POINT('',(-18.,2.5,0.));
#2968 = DIRECTION('',(-0.87056283872,0.492057256668,0.));
#2969 = DIRECTION('',(0.492057256668,0.87056283872,0.));
#2970 = ADVANCED_FACE('',(#2971),#2989,.T.);
#2971 = FACE_BOUND('',#2972,.T.);
#2972 = EDGE_LOOP('',(#2973,#2981,#2982,#2983));
#2973 = ORIENTED_EDGE('',*,*,#2974,.T.);
#2974 = EDGE_CURVE('',#2975,#2901,#2977,.T.);
#2975 = VERTEX_POINT('',#2976);
#2976 = CARTESIAN_POINT('',(-10.,12.,6.25));
#2977 = LINE('',#2978,#2979);
#2978 = CARTESIAN_POINT('',(-10.,12.,6.25));
#2979 = VECTOR('',#2980,1.);
#2980 = DIRECTION('',(0.,-1.,0.));
#2981 = ORIENTED_EDGE('',*,*,#2900,.T.);
#2982 = ORIENTED_EDGE('',*,*,#1850,.T.);
#2983 = ORIENTED_EDGE('',*,*,#2984,.T.);
#2984 = EDGE_CURVE('',#1843,#2975,#2985,.T.);
#2985 = LINE('',#2986,#2987);
#2986 = CARTESIAN_POINT('',(-10.,12.,-6.25));
#2987 = VECTOR('',#2988,1.);
#2988 = DIRECTION('',(0.,-2.84217094304E-16,1.));
#2989 = PLANE('',#2990);
#2990 = AXIS2_PLACEMENT_3D('',#2991,#2992,#2993);
#2991 = CARTESIAN_POINT('',(-10.,-4.5,0.));
#2992 = DIRECTION('',(1.,0.,0.));
#2993 = DIRECTION('',(0.,0.,1.));
#2994 = ADVANCED_FACE('',(#2995),#3014,.T.);
#2995 = FACE_BOUND('',#2996,.F.);
#2996 = EDGE_LOOP('',(#2997,#2998,#2999,#3007));
#2997 = ORIENTED_EDGE('',*,*,#2959,.F.);
#2998 = ORIENTED_EDGE('',*,*,#1757,.T.);
#2999 = ORIENTED_EDGE('',*,*,#3000,.T.);
#3000 = EDGE_CURVE('',#1758,#3001,#3003,.T.);
#3001 = VERTEX_POINT('',#3002);
#3002 = CARTESIAN_POINT('',(-7.415746635186,14.,6.5));
#3003 = LINE('',#3004,#3005);
#3004 = CARTESIAN_POINT('',(-7.415746635186,14.,0.));
#3005 = VECTOR('',#3006,1.);
#3006 = DIRECTION('',(0.,0.,1.));
#3007 = ORIENTED_EDGE('',*,*,#3008,.F.);
#3008 = EDGE_CURVE('',#2947,#3001,#3009,.T.);
#3009 = CIRCLE('',#3010,7.);
#3010 = AXIS2_PLACEMENT_3D('',#3011,#3012,#3013);
#3011 = CARTESIAN_POINT('',(-7.415746635186,7.,6.5));
#3012 = DIRECTION('',(0.,0.,-1.));
#3013 = DIRECTION('',(-0.793867723421,0.608090484805,0.));
#3014 = CYLINDRICAL_SURFACE('',#3015,7.);
#3015 = AXIS2_PLACEMENT_3D('',#3016,#3017,#3018);
#3016 = CARTESIAN_POINT('',(-7.415746635186,7.,0.));
#3017 = DIRECTION('',(0.,0.,1.));
#3018 = DIRECTION('',(-0.87056283872,0.492057256668,0.));
#3019 = ADVANCED_FACE('',(#3020),#3046,.T.);
#3020 = FACE_BOUND('',#3021,.T.);
#3021 = EDGE_LOOP('',(#3022,#3032,#3038,#3039,#3040));
#3022 = ORIENTED_EDGE('',*,*,#3023,.T.);
#3023 = EDGE_CURVE('',#3024,#3026,#3028,.T.);
#3024 = VERTEX_POINT('',#3025);
#3025 = CARTESIAN_POINT('',(-7.,12.,3.533778548736));
#3026 = VERTEX_POINT('',#3027);
#3027 = CARTESIAN_POINT('',(-7.,12.,6.25));
#3028 = LINE('',#3029,#3030);
#3029 = CARTESIAN_POINT('',(-7.,12.,-6.25));
#3030 = VECTOR('',#3031,1.);
#3031 = DIRECTION('',(0.,-2.84217094304E-16,1.));
#3032 = ORIENTED_EDGE('',*,*,#3033,.F.);
#3033 = EDGE_CURVE('',#2975,#3026,#3034,.T.);
#3034 = LINE('',#3035,#3036);
#3035 = CARTESIAN_POINT('',(-10.,12.,6.25));
#3036 = VECTOR('',#3037,1.);
#3037 = DIRECTION('',(1.,0.,0.));
#3038 = ORIENTED_EDGE('',*,*,#2984,.F.);
#3039 = ORIENTED_EDGE('',*,*,#1842,.T.);
#3040 = ORIENTED_EDGE('',*,*,#3041,.T.);
#3041 = EDGE_CURVE('',#1835,#3024,#3042,.T.);
#3042 = LINE('',#3043,#3044);
#3043 = CARTESIAN_POINT('',(-5.094540895204,12.,-0.955201791277));
#3044 = VECTOR('',#3045,1.);
#3045 = DIRECTION('',(-0.390731128489,-2.61623214741E-16,0.920504853452)
  );
#3046 = PLANE('',#3047);
#3047 = AXIS2_PLACEMENT_3D('',#3048,#3049,#3050);
#3048 = CARTESIAN_POINT('',(-10.,12.,-6.25));
#3049 = DIRECTION('',(0.,-1.,-2.84217094304E-16));
#3050 = DIRECTION('',(0.,-2.84217094304E-16,1.));
#3051 = ADVANCED_FACE('',(#3052),#3070,.T.);
#3052 = FACE_BOUND('',#3053,.T.);
#3053 = EDGE_LOOP('',(#3054,#3055,#3063,#3069));
#3054 = ORIENTED_EDGE('',*,*,#3000,.T.);
#3055 = ORIENTED_EDGE('',*,*,#3056,.T.);
#3056 = EDGE_CURVE('',#3001,#3057,#3059,.T.);
#3057 = VERTEX_POINT('',#3058);
#3058 = CARTESIAN_POINT('',(7.415746635186,14.,6.5));
#3059 = LINE('',#3060,#3061);
#3060 = CARTESIAN_POINT('',(-7.415746635186,14.,6.5));
#3061 = VECTOR('',#3062,1.);
#3062 = DIRECTION('',(1.,0.,0.));
#3063 = ORIENTED_EDGE('',*,*,#3064,.F.);
#3064 = EDGE_CURVE('',#1767,#3057,#3065,.T.);
#3065 = LINE('',#3066,#3067);
#3066 = CARTESIAN_POINT('',(7.415746635186,14.,0.));
#3067 = VECTOR('',#3068,1.);
#3068 = DIRECTION('',(0.,0.,1.));
#3069 = ORIENTED_EDGE('',*,*,#1766,.F.);
#3070 = PLANE('',#3071);
#3071 = AXIS2_PLACEMENT_3D('',#3072,#3073,#3074);
#3072 = CARTESIAN_POINT('',(-11.5,14.,0.));
#3073 = DIRECTION('',(0.,1.,0.));
#3074 = DIRECTION('',(1.,0.,0.));
#3075 = ADVANCED_FACE('',(#3076),#3094,.T.);
#3076 = FACE_BOUND('',#3077,.F.);
#3077 = EDGE_LOOP('',(#3078,#3086,#3087,#3088));
#3078 = ORIENTED_EDGE('',*,*,#3079,.T.);
#3079 = EDGE_CURVE('',#3080,#1827,#3082,.T.);
#3080 = VERTEX_POINT('',#3081);
#3081 = CARTESIAN_POINT('',(-7.,7.,3.533778548736));
#3082 = LINE('',#3083,#3084);
#3083 = CARTESIAN_POINT('',(-5.422783146961,7.,-0.181911505913));
#3084 = VECTOR('',#3085,1.);
#3085 = DIRECTION('',(0.390731128489,0.,-0.920504853452));
#3086 = ORIENTED_EDGE('',*,*,#1834,.T.);
#3087 = ORIENTED_EDGE('',*,*,#3041,.T.);
#3088 = ORIENTED_EDGE('',*,*,#3089,.F.);
#3089 = EDGE_CURVE('',#3080,#3024,#3090,.T.);
#3090 = LINE('',#3091,#3092);
#3091 = CARTESIAN_POINT('',(-7.,-21.,3.533778548736));
#3092 = VECTOR('',#3093,1.);
#3093 = DIRECTION('',(0.,1.,0.));
#3094 = PLANE('',#3095);
#3095 = AXIS2_PLACEMENT_3D('',#3096,#3097,#3098);
#3096 = CARTESIAN_POINT('',(-6.25,-21.,1.766889274368));
#3097 = DIRECTION('',(-0.920504853452,0.,-0.390731128489));
#3098 = DIRECTION('',(-0.,-1.,-0.));
#3099 = ADVANCED_FACE('',(#3100),#3119,.T.);
#3100 = FACE_BOUND('',#3101,.F.);
#3101 = EDGE_LOOP('',(#3102,#3110,#3117,#3118));
#3102 = ORIENTED_EDGE('',*,*,#3103,.T.);
#3103 = EDGE_CURVE('',#1775,#3104,#3106,.T.);
#3104 = VERTEX_POINT('',#3105);
#3105 = CARTESIAN_POINT('',(13.509686506227,10.444400796675,6.5));
#3106 = LINE('',#3107,#3108);
#3107 = CARTESIAN_POINT('',(13.509686506227,10.444400796675,0.));
#3108 = VECTOR('',#3109,1.);
#3109 = DIRECTION('',(0.,0.,1.));
#3110 = ORIENTED_EDGE('',*,*,#3111,.F.);
#3111 = EDGE_CURVE('',#3057,#3104,#3112,.T.);
#3112 = CIRCLE('',#3113,7.);
#3113 = AXIS2_PLACEMENT_3D('',#3114,#3115,#3116);
#3114 = CARTESIAN_POINT('',(7.415746635186,7.,6.5));
#3115 = DIRECTION('',(0.,0.,-1.));
#3116 = DIRECTION('',(0.,1.,0.));
#3117 = ORIENTED_EDGE('',*,*,#3064,.F.);
#3118 = ORIENTED_EDGE('',*,*,#1774,.T.);
#3119 = CYLINDRICAL_SURFACE('',#3120,7.);
#3120 = AXIS2_PLACEMENT_3D('',#3121,#3122,#3123);
#3121 = CARTESIAN_POINT('',(7.415746635186,7.,0.));
#3122 = DIRECTION('',(0.,0.,1.));
#3123 = DIRECTION('',(0.,1.,0.));
#3124 = ADVANCED_FACE('',(#3125),#3144,.T.);
#3125 = FACE_BOUND('',#3126,.T.);
#3126 = EDGE_LOOP('',(#3127,#3128,#3129,#3137,#3143));
#3127 = ORIENTED_EDGE('',*,*,#1826,.T.);
#3128 = ORIENTED_EDGE('',*,*,#2736,.T.);
#3129 = ORIENTED_EDGE('',*,*,#3130,.F.);
#3130 = EDGE_CURVE('',#3131,#2725,#3133,.T.);
#3131 = VERTEX_POINT('',#3132);
#3132 = CARTESIAN_POINT('',(-7.,7.,6.25));
#3133 = LINE('',#3134,#3135);
#3134 = CARTESIAN_POINT('',(-14.3,7.,6.25));
#3135 = VECTOR('',#3136,1.);
#3136 = DIRECTION('',(1.,0.,0.));
#3137 = ORIENTED_EDGE('',*,*,#3138,.T.);
#3138 = EDGE_CURVE('',#3131,#3080,#3139,.T.);
#3139 = LINE('',#3140,#3141);
#3140 = CARTESIAN_POINT('',(-7.,7.,-3.125));
#3141 = VECTOR('',#3142,1.);
#3142 = DIRECTION('',(0.,0.,-1.));
#3143 = ORIENTED_EDGE('',*,*,#3079,.T.);
#3144 = PLANE('',#3145);
#3145 = AXIS2_PLACEMENT_3D('',#3146,#3147,#3148);
#3146 = CARTESIAN_POINT('',(-14.3,7.,-6.25));
#3147 = DIRECTION('',(0.,-1.,0.));
#3148 = DIRECTION('',(0.,0.,1.));
#3149 = ADVANCED_FACE('',(#3150),#3196,.T.);
#3150 = FACE_BOUND('',#3151,.T.);
#3151 = EDGE_LOOP('',(#3152,#3153,#3166,#3189,#3195));
#3152 = ORIENTED_EDGE('',*,*,#3103,.T.);
#3153 = ORIENTED_EDGE('',*,*,#3154,.T.);
#3154 = EDGE_CURVE('',#3104,#3155,#3157,.T.);
#3155 = VERTEX_POINT('',#3156);
#3156 = CARTESIAN_POINT('',(15.397797413043,7.103896884615,
    6.658360678721));
#3157 = ( BOUNDED_CURVE() B_SPLINE_CURVE(7,(#3158,#3159,#3160,#3161,
    #3162,#3163,#3164,#3165),.UNSPECIFIED.,.F.,.F.) 
B_SPLINE_CURVE_WITH_KNOTS((8,8),(62.819196017146,66.05043781341),
.PIECEWISE_BEZIER_KNOTS.) CURVE() GEOMETRIC_REPRESENTATION_ITEM() 
RATIONAL_B_SPLINE_CURVE((1.,1.,1.,1.,1.,1.,1.,1.)) REPRESENTATION_ITEM(
  '') );
#3158 = CARTESIAN_POINT('',(13.509686506227,10.444400796675,6.5));
#3159 = CARTESIAN_POINT('',(13.779829761808,9.966455036801,6.5));
#3160 = CARTESIAN_POINT('',(14.048745883633,9.490680359727,
    6.507238157247));
#3161 = CARTESIAN_POINT('',(14.317048018366,9.015991967506,
    6.521504234458));
#3162 = CARTESIAN_POINT('',(14.585389544765,8.541233882339,
    6.543777875549));
#3163 = CARTESIAN_POINT('',(14.854541007626,8.065042832661,
    6.572452320518));
#3164 = CARTESIAN_POINT('',(15.124617813255,7.587214638088,
    6.611025583034));
#3165 = CARTESIAN_POINT('',(15.397797413043,7.103896884615,
    6.658360678721));
#3166 = ORIENTED_EDGE('',*,*,#3167,.T.);
#3167 = EDGE_CURVE('',#3155,#3168,#3170,.T.);
#3168 = VERTEX_POINT('',#3169);
#3169 = CARTESIAN_POINT('',(17.093939871041,4.103029458928,6.21552029329
    ));
#3170 = ( BOUNDED_CURVE() B_SPLINE_CURVE(9,(#3171,#3172,#3173,#3174,
    #3175,#3176,#3177,#3178,#3179,#3180,#3181,#3182,#3183,#3184,#3185,
#3186,#3187,#3188),.UNSPECIFIED.,.F.,.F.) B_SPLINE_CURVE_WITH_KNOTS((10,
    8,10),(66.05043781341,67.568512107427,68.668402684349),
.UNSPECIFIED.) CURVE() GEOMETRIC_REPRESENTATION_ITEM() 
RATIONAL_B_SPLINE_CURVE((1.,1.,1.,1.,1.,1.,1.,1.,1.,1.,1.,1.,1.,1.,1.,1.
,1.,1.)) REPRESENTATION_ITEM('') );
#3171 = CARTESIAN_POINT('',(15.397797413043,7.103896884615,
    6.658360678721));
#3172 = CARTESIAN_POINT('',(15.497619665074,6.927288284869,
    6.675657343096));
#3173 = CARTESIAN_POINT('',(15.597297005249,6.750936067637,
    6.689379579092));
#3174 = CARTESIAN_POINT('',(15.696811828257,6.574871380777,
    6.699457124802));
#3175 = CARTESIAN_POINT('',(15.7961602021,6.399101180901,6.705798094965)
  );
#3176 = CARTESIAN_POINT('',(15.895365215364,6.223584618972,
    6.708230334948));
#3177 = CARTESIAN_POINT('',(15.994490324483,6.048209425914,
    6.706442774725));
#3178 = CARTESIAN_POINT('',(16.093652701012,5.872768298209,
    6.699926782858));
#3179 = CARTESIAN_POINT('',(16.193036578889,5.696935283504,
    6.687917520475));
#3180 = CARTESIAN_POINT('',(16.365265443065,5.392222677655,
    6.655871913055));
#3181 = CARTESIAN_POINT('',(16.460632170678,5.223496928801,
    6.582376204607));
#3182 = CARTESIAN_POINT('',(16.544958589676,5.07430403365,6.536721053385
    ));
#3183 = CARTESIAN_POINT('',(16.632994901651,4.918547481694,
    6.486710970681));
#3184 = CARTESIAN_POINT('',(16.721585852603,4.761809645394,
    6.432057885156));
#3185 = CARTESIAN_POINT('',(16.812065698367,4.601729918273,
    6.379529229033));
#3186 = CARTESIAN_POINT('',(16.903919143541,4.439219976811,
    6.325001194126));
#3187 = CARTESIAN_POINT('',(16.997828531198,4.27307259865,6.270392355219
    ));
#3188 = CARTESIAN_POINT('',(17.093939871041,4.103029458928,6.21552029329
    ));
#3189 = ORIENTED_EDGE('',*,*,#3190,.F.);
#3190 = EDGE_CURVE('',#1784,#3168,#3191,.T.);
#3191 = LINE('',#3192,#3193);
#3192 = CARTESIAN_POINT('',(17.093939871041,4.103029458928,0.));
#3193 = VECTOR('',#3194,1.);
#3194 = DIRECTION('',(0.,0.,1.));
#3195 = ORIENTED_EDGE('',*,*,#1783,.F.);
#3196 = PLANE('',#3197);
#3197 = AXIS2_PLACEMENT_3D('',#3198,#3199,#3200);
#3198 = CARTESIAN_POINT('',(11.5,14.,0.));
#3199 = DIRECTION('',(0.87056283872,0.492057256668,0.));
#3200 = DIRECTION('',(0.492057256668,-0.87056283872,0.));
#3201 = ADVANCED_FACE('',(#3202),#3230,.T.);
#3202 = FACE_BOUND('',#3203,.F.);
#3203 = EDGE_LOOP('',(#3204,#3205,#3206,#3207));
#3204 = ORIENTED_EDGE('',*,*,#3190,.F.);
#3205 = ORIENTED_EDGE('',*,*,#1791,.T.);
#3206 = ORIENTED_EDGE('',*,*,#2246,.T.);
#3207 = ORIENTED_EDGE('',*,*,#3208,.F.);
#3208 = EDGE_CURVE('',#3168,#2247,#3209,.T.);
#3209 = ( BOUNDED_CURVE() B_SPLINE_CURVE(7,(#3210,#3211,#3212,#3213,
    #3214,#3215,#3216,#3217,#3218,#3219,#3220,#3221,#3222,#3223,#3224,
    #3225,#3226,#3227,#3228,#3229),.UNSPECIFIED.,.F.,.F.) 
B_SPLINE_CURVE_WITH_KNOTS((8,6,6,8),(68.668402684349,69.998618254215,
70.224555928259,70.783311358664),.UNSPECIFIED.) CURVE() 
GEOMETRIC_REPRESENTATION_ITEM() RATIONAL_B_SPLINE_CURVE((1.,1.,1.,1.,1.,
1.,1.,1.,1.,1.,1.,1.,1.,1.,1.,1.,1.,1.,1.,1.)) REPRESENTATION_ITEM('') 
  );
#3210 = CARTESIAN_POINT('',(17.093939871041,4.103029458928,6.21552029329
    ));
#3211 = CARTESIAN_POINT('',(17.258268698107,3.812293841811,
    6.219234334037));
#3212 = CARTESIAN_POINT('',(17.409348097713,3.507201102872,
    6.223221786001));
#3213 = CARTESIAN_POINT('',(17.545090577925,3.189067117783,
    6.227206541147));
#3214 = CARTESIAN_POINT('',(17.663704679983,2.859370065421,
    6.230980976159));
#3215 = CARTESIAN_POINT('',(17.763694978293,2.519750427868,
    6.234405952438));
#3216 = CARTESIAN_POINT('',(17.843862080434,2.172010990413,
    6.237410816105));
#3217 = CARTESIAN_POINT('',(17.913398629016,1.758007771513,6.24043205062
    ));
#3218 = CARTESIAN_POINT('',(17.922898050288,1.697594203333,
    6.240825712205));
#3219 = CARTESIAN_POINT('',(17.931785397803,1.637825891659,
    6.241398695866));
#3220 = CARTESIAN_POINT('',(17.940115790294,1.575214645712,
    6.241415152081));
#3221 = CARTESIAN_POINT('',(17.947596938683,1.519113756556,
    6.242512224532));
#3222 = CARTESIAN_POINT('',(17.955841072793,1.444853544341,6.24114798273
    ));
#3223 = CARTESIAN_POINT('',(17.971805627348,1.295332113629,
    6.250332166476));
#3224 = CARTESIAN_POINT('',(17.981246661656,1.188986367747,6.25728092425
    ));
#3225 = CARTESIAN_POINT('',(17.988773743048,1.082750531654,
    6.264697962606));
#3226 = CARTESIAN_POINT('',(17.994399744551,0.976610724203,
    6.272642574504));
#3227 = CARTESIAN_POINT('',(17.998137539193,0.870553064249,
    6.281174052904));
#3228 = CARTESIAN_POINT('',(18.,0.764563670647,6.290351690766));
#3229 = CARTESIAN_POINT('',(18.,0.658628662252,6.30023478105));
#3230 = CYLINDRICAL_SURFACE('',#3231,7.);
#3231 = AXIS2_PLACEMENT_3D('',#3232,#3233,#3234);
#3232 = CARTESIAN_POINT('',(11.,0.658628662252,0.));
#3233 = DIRECTION('',(0.,0.,1.));
#3234 = DIRECTION('',(0.87056283872,0.492057256668,0.));
#3235 = ADVANCED_FACE('',(#3236),#3255,.F.);
#3236 = FACE_BOUND('',#3237,.T.);
#3237 = EDGE_LOOP('',(#3238,#3246,#3247,#3248));
#3238 = ORIENTED_EDGE('',*,*,#3239,.F.);
#3239 = EDGE_CURVE('',#1875,#3240,#3242,.T.);
#3240 = VERTEX_POINT('',#3241);
#3241 = CARTESIAN_POINT('',(1.6,10.,8.61));
#3242 = LINE('',#3243,#3244);
#3243 = CARTESIAN_POINT('',(1.6,10.,0.));
#3244 = VECTOR('',#3245,1.);
#3245 = DIRECTION('',(0.,0.,1.));
#3246 = ORIENTED_EDGE('',*,*,#1874,.F.);
#3247 = ORIENTED_EDGE('',*,*,#3239,.T.);
#3248 = ORIENTED_EDGE('',*,*,#3249,.F.);
#3249 = EDGE_CURVE('',#3240,#3240,#3250,.T.);
#3250 = CIRCLE('',#3251,1.6);
#3251 = AXIS2_PLACEMENT_3D('',#3252,#3253,#3254);
#3252 = CARTESIAN_POINT('',(0.,10.,8.61));
#3253 = DIRECTION('',(0.,0.,-1.));
#3254 = DIRECTION('',(1.,0.,0.));
#3255 = CYLINDRICAL_SURFACE('',#3256,1.6);
#3256 = AXIS2_PLACEMENT_3D('',#3257,#3258,#3259);
#3257 = CARTESIAN_POINT('',(0.,10.,0.));
#3258 = DIRECTION('',(-0.,-0.,-1.));
#3259 = DIRECTION('',(1.,0.,0.));
#3260 = ADVANCED_FACE('',(#3261),#3274,.T.);
#3261 = FACE_BOUND('',#3262,.T.);
#3262 = EDGE_LOOP('',(#3263,#3264,#3265,#3266,#3272,#3273));
#3263 = ORIENTED_EDGE('',*,*,#2367,.F.);
#3264 = ORIENTED_EDGE('',*,*,#2344,.T.);
#3265 = ORIENTED_EDGE('',*,*,#1990,.T.);
#3266 = ORIENTED_EDGE('',*,*,#3267,.F.);
#3267 = EDGE_CURVE('',#2784,#1966,#3268,.T.);
#3268 = ( BOUNDED_CURVE() B_SPLINE_CURVE(2,(#3269,#3270,#3271),
.UNSPECIFIED.,.F.,.F.) B_SPLINE_CURVE_WITH_KNOTS((3,3),(0.,
24.713468879201),.PIECEWISE_BEZIER_KNOTS.) CURVE() 
GEOMETRIC_REPRESENTATION_ITEM() RATIONAL_B_SPLINE_CURVE((1.,
0.808612457388,1.)) REPRESENTATION_ITEM('') );
#3269 = CARTESIAN_POINT('',(-18.,0.658628662252,6.310294108695));
#3270 = CARTESIAN_POINT('',(-18.,-0.223081488491,10.585892440545));
#3271 = CARTESIAN_POINT('',(-13.84652098149,-0.540921117015,
    11.89193374871));
#3272 = ORIENTED_EDGE('',*,*,#2783,.F.);
#3273 = ORIENTED_EDGE('',*,*,#2441,.T.);
#3274 = ( BOUNDED_SURFACE() B_SPLINE_SURFACE(2,14,(
    (#3275,#3276,#3277,#3278,#3279,#3280,#3281,#3282,#3283,#3284,#3285
      ,#3286,#3287,#3288,#3289)
    ,(#3290,#3291,#3292,#3293,#3294,#3295,#3296,#3297,#3298,#3299,#3300
      ,#3301,#3302,#3303,#3304)
    ,(#3305,#3306,#3307,#3308,#3309,#3310,#3311,#3312,#3313,#3314,#3315
      ,#3316,#3317,#3318,#3319
)),.UNSPECIFIED.,.F.,.F.,.F.) B_SPLINE_SURFACE_WITH_KNOTS((3,3),(15,15),
  (0.,24.713468879201),(0.5,25.213468879201),.PIECEWISE_BEZIER_KNOTS.) 
GEOMETRIC_REPRESENTATION_ITEM() RATIONAL_B_SPLINE_SURFACE((
    (1.,1.,1.,0.999999999999,1.000000000002,0.999999999998
      ,1.000000000002,1.,0.999999999998,1.000000000002,0.999999999998
      ,1.000000000001,1.,1.,1.)
    ,(0.992163438102,0.992163438102,0.990630404124,0.987557034442
      ,0.982706106144,0.975420492224,0.966048538461,0.954308079576
      ,0.94037834422,0.924000435925,0.905502288437,0.884095628593
      ,0.86059304716,0.834551591251,0.808612457388)
    ,(1.,1.,1.,0.999999999999,1.000000000002,0.999999999998
      ,1.000000000002,1.,0.999999999998,1.000000000002,0.999999999998
,1.000000000001,1.,1.,1.))) REPRESENTATION_ITEM('') SURFACE() );
#3275 = CARTESIAN_POINT('',(-18.,-16.74439765304,0.5));
#3276 = CARTESIAN_POINT('',(-18.,-16.74439765303,1.05977182153));
#3277 = CARTESIAN_POINT('',(-18.,-16.52963884613,1.640663978785));
#3278 = CARTESIAN_POINT('',(-17.99999999999,-16.08305845239,
    2.224993014281));
#3279 = CARTESIAN_POINT('',(-18.,-15.38035986491,2.756658754812));
#3280 = CARTESIAN_POINT('',(-17.99999999998,-14.58115188714,
    3.222045415199));
#3281 = CARTESIAN_POINT('',(-18.00000000001,-13.50237099154,
    3.763317808276));
#3282 = CARTESIAN_POINT('',(-17.99999999998,-12.32006980632,
    4.142445876809));
#3283 = CARTESIAN_POINT('',(-18.00000000001,-10.91342520041,
    4.623556681882));
#3284 = CARTESIAN_POINT('',(-17.99999999999,-9.366629186957,
    4.972732406324));
#3285 = CARTESIAN_POINT('',(-18.,-7.648495254068,5.342305670631));
#3286 = CARTESIAN_POINT('',(-17.99999999999,-5.789690166407,
    5.64216698879));
#3287 = CARTESIAN_POINT('',(-18.,-3.786564735415,5.91008109842));
#3288 = CARTESIAN_POINT('',(-18.,-1.646946915766,6.127243616904));
#3289 = CARTESIAN_POINT('',(-18.,0.658628662252,6.310294108695));
#3290 = CARTESIAN_POINT('',(-18.,-17.5,0.5));
#3291 = CARTESIAN_POINT('',(-18.,-17.49999999999,1.250328993651));
#3292 = CARTESIAN_POINT('',(-18.,-17.30809976997,2.017077957616));
#3293 = CARTESIAN_POINT('',(-17.99999999999,-16.91041608705,
    2.805231639863));
#3294 = CARTESIAN_POINT('',(-18.00000000001,-16.27683518131,
    3.59750893534));
#3295 = CARTESIAN_POINT('',(-17.99999999997,-15.47409409015,
    4.359644390196));
#3296 = CARTESIAN_POINT('',(-18.00000000003,-14.43463956614,
    5.163736209353));
#3297 = CARTESIAN_POINT('',(-17.99999999995,-13.22901514213,
    5.886793515193));
#3298 = CARTESIAN_POINT('',(-18.00000000003,-11.81764221895,
    6.655939394752));
#3299 = CARTESIAN_POINT('',(-17.99999999996,-10.24733726612,
    7.35637123216));
#3300 = CARTESIAN_POINT('',(-18.00000000001,-8.49911367478,
    8.062628972556));
#3301 = CARTESIAN_POINT('',(-17.99999999999,-6.616214047367,
    8.734507342078));
#3302 = CARTESIAN_POINT('',(-18.,-4.587697552597,9.38524046477));
#3303 = CARTESIAN_POINT('',(-17.99999999999,-2.457242661324,
    10.008234600888));
#3304 = CARTESIAN_POINT('',(-18.,-0.223081488491,10.585892440545));
#3305 = CARTESIAN_POINT('',(-17.81265945488,-18.23200985436,0.5));
#3306 = CARTESIAN_POINT('',(-17.81265945488,-18.23200985436,
    1.434936318355));
#3307 = CARTESIAN_POINT('',(-17.77615464765,-18.05825228937,
    2.377129153542));
#3308 = CARTESIAN_POINT('',(-17.70297482722,-17.70341472985,
    3.350177098811));
#3309 = CARTESIAN_POINT('',(-17.58768365104,-17.13445262642,
    4.370536815866));
#3310 = CARTESIAN_POINT('',(-17.41518322156,-16.32359269323,
    5.375650770396));
#3311 = CARTESIAN_POINT('',(-17.19452830805,-15.32372395177,
    6.359299353571));
#3312 = CARTESIAN_POINT('',(-16.92173325747,-14.08596511558,
    7.308901932105));
#3313 = CARTESIAN_POINT('',(-16.60150269965,-12.66965857086,
    8.201505051952));
#3314 = CARTESIAN_POINT('',(-16.23282356576,-11.0483448653,
    9.036518325032));
#3315 = CARTESIAN_POINT('',(-15.82396957444,-9.247405556172,
    9.800292785842));
#3316 = CARTESIAN_POINT('',(-15.36285907986,-7.271690408365,
    10.483096067123));
#3317 = CARTESIAN_POINT('',(-14.87316041262,-5.122774990065,
    11.068924582998));
#3318 = CARTESIAN_POINT('',(-14.3491033377,-2.848393619825,
    11.541339663962));
#3319 = CARTESIAN_POINT('',(-13.84652098149,-0.540921117015,
    11.89193374871));
#3320 = ADVANCED_FACE('',(#3321),#3332,.T.);
#3321 = FACE_BOUND('',#3322,.T.);
#3322 = EDGE_LOOP('',(#3323,#3324,#3325,#3331));
#3323 = ORIENTED_EDGE('',*,*,#3267,.T.);
#3324 = ORIENTED_EDGE('',*,*,#1965,.T.);
#3325 = ORIENTED_EDGE('',*,*,#3326,.F.);
#3326 = EDGE_CURVE('',#2860,#1943,#3327,.T.);
#3327 = ( BOUNDED_CURVE() B_SPLINE_CURVE(2,(#3328,#3329,#3330),
.UNSPECIFIED.,.F.,.F.) B_SPLINE_CURVE_WITH_KNOTS((3,3),(0.,
2.135129295051),.PIECEWISE_BEZIER_KNOTS.) CURVE() 
GEOMETRIC_REPRESENTATION_ITEM() RATIONAL_B_SPLINE_CURVE((1.,
0.750674179199,1.)) REPRESENTATION_ITEM('') );
#3328 = CARTESIAN_POINT('',(-17.09393987104,4.103029458928,
    6.215516890268));
#3329 = CARTESIAN_POINT('',(-17.92958542936,2.624579624972,
    11.215614652203));
#3330 = CARTESIAN_POINT('',(-13.07417621221,0.793533661355,
    12.194066006522));
#3331 = ORIENTED_EDGE('',*,*,#2867,.F.);
#3332 = ( BOUNDED_SURFACE() B_SPLINE_SURFACE(2,10,(
    (#3333,#3334,#3335,#3336,#3337,#3338,#3339,#3340,#3341,#3342,#3343
      ,#3344,#3345,#3346,#3347,#3348,#3349,#3350,#3351,#3352)
    ,(#3353,#3354,#3355,#3356,#3357,#3358,#3359,#3360,#3361,#3362,#3363
      ,#3364,#3365,#3366,#3367,#3368,#3369,#3370,#3371,#3372)
    ,(#3373,#3374,#3375,#3376,#3377,#3378,#3379,#3380,#3381,#3382,#3383
      ,#3384,#3385,#3386,#3387,#3388,#3389,#3390,#3391,#3392
)),.UNSPECIFIED.,.F.,.F.,.F.) B_SPLINE_SURFACE_WITH_KNOTS((3,3),(11,9,11
    ),(0.,2.135129295051),(25.213468879201,25.792556651198,
27.348598174252),.UNSPECIFIED.) GEOMETRIC_REPRESENTATION_ITEM() 
RATIONAL_B_SPLINE_SURFACE((
    (1.,1.,1.,1.,1.,1.,1.,1.,1.,1.,1.,1.,1.,1.,1.,1.,1.,1.,1.,1.)
    ,(0.808612457388,0.80709626717,0.805539749765,0.803941816814
      ,0.802301379961,0.800617350848,0.798888641119,0.797114162416
      ,0.795292826382,0.793423544659,0.786350606169,0.783683817947
      ,0.779984385418,0.777194831386,0.772508974529,0.768790446845
      ,0.76418303026,0.759766794126,0.755213658614,0.750674179199)
    ,(1.,1.,1.,1.,1.,1.,1.,1.,1.,1.,1.,1.,1.,1.,1.,1.,1.,1.,1.,1.
))) REPRESENTATION_ITEM('') SURFACE() );
#3333 = CARTESIAN_POINT('',(-18.,0.658628662252,6.310294108695));
#3334 = CARTESIAN_POINT('',(-18.,0.737003328771,6.303009849629));
#3335 = CARTESIAN_POINT('',(-17.9990295921,0.8154553785,6.296062391143)
  );
#3336 = CARTESIAN_POINT('',(-17.9970821175,0.89398924032,6.289430612031)
  );
#3337 = CARTESIAN_POINT('',(-17.99415091741,0.972609343115,
    6.283093391091));
#3338 = CARTESIAN_POINT('',(-17.99022933302,1.051320115768,
    6.277029607117));
#3339 = CARTESIAN_POINT('',(-17.98531070553,1.130125987162,
    6.271218138905));
#3340 = CARTESIAN_POINT('',(-17.97938837614,1.209031386178,6.26563786525
    ));
#3341 = CARTESIAN_POINT('',(-17.97245568605,1.288040741701,
    6.260267664949));
#3342 = CARTESIAN_POINT('',(-17.96450597646,1.367158482612,
    6.255086416797));
#3343 = CARTESIAN_POINT('',(-17.93142058891,1.659286010795,
    6.236601664629));
#3344 = CARTESIAN_POINT('',(-17.88981277971,1.962347646156,
    6.238481531386));
#3345 = CARTESIAN_POINT('',(-17.83008894704,2.26342556719,6.232297656516
    ));
#3346 = CARTESIAN_POINT('',(-17.75595562262,2.548004965764,
    6.237212772295));
#3347 = CARTESIAN_POINT('',(-17.67368888254,2.827635771318,
    6.228672317081));
#3348 = CARTESIAN_POINT('',(-17.57729598873,3.097829190301,6.22962074942
    ));
#3349 = CARTESIAN_POINT('',(-17.47141548485,3.36201794291,6.224554846698
    ));
#3350 = CARTESIAN_POINT('',(-17.35458386078,3.617704325815,
    6.221866899696));
#3351 = CARTESIAN_POINT('',(-17.22850605934,3.864950818075,
    6.218559016921));
#3352 = CARTESIAN_POINT('',(-17.09393987104,4.103029458928,
    6.215516890268));
#3353 = CARTESIAN_POINT('',(-18.,-0.223081488491,10.585892440545));
#3354 = CARTESIAN_POINT('',(-18.00989050793,-0.146540011036,
    10.602377056319));
#3355 = CARTESIAN_POINT('',(-18.018858905,-7.008348406301E-02,
    10.619789869672));
#3356 = CARTESIAN_POINT('',(-18.02691382385,6.283632106127E-03,
    10.638125216672));
#3357 = CARTESIAN_POINT('',(-18.03406372825,8.255722899606E-02,
    10.657377771556));
#3358 = CARTESIAN_POINT('',(-18.04031690354,0.158733550093,
    10.677542559817));
#3359 = CARTESIAN_POINT('',(-18.04568144699,0.234809191138,
    10.698614971594));
#3360 = CARTESIAN_POINT('',(-18.05016525807,0.310781100613,
    10.720590775401));
#3361 = CARTESIAN_POINT('',(-18.05377602869,0.386646580445,
    10.743466132221));
#3362 = CARTESIAN_POINT('',(-18.05652123339,0.462403286942,
    10.767237610032));
#3363 = CARTESIAN_POINT('',(-18.06352389253,0.743142449531,
    10.858773461475));
#3364 = CARTESIAN_POINT('',(-18.07446290461,0.94377643771,
    10.881254885685));
#3365 = CARTESIAN_POINT('',(-18.08059400967,1.145110560074,
    10.912172956382));
#3366 = CARTESIAN_POINT('',(-18.08200823384,1.356542813995,
    10.935479115931));
#3367 = CARTESIAN_POINT('',(-18.07321048701,1.56284248132,
    10.982376557718));
#3368 = CARTESIAN_POINT('',(-18.06061368367,1.774671156626,
    11.018406195705));
#3369 = CARTESIAN_POINT('',(-18.03908322213,1.985587297953,
    11.066428366518));
#3370 = CARTESIAN_POINT('',(-18.01084013331,2.19819461762,
    11.113341066868));
#3371 = CARTESIAN_POINT('',(-17.97441627478,2.411235760153,
    11.163591647877));
#3372 = CARTESIAN_POINT('',(-17.92958542936,2.624579624972,
    11.215614652203));
#3373 = CARTESIAN_POINT('',(-13.84652098149,-0.540921117015,
    11.89193374871));
#3374 = CARTESIAN_POINT('',(-13.83003381744,-0.465224711788,
    11.903434952679));
#3375 = CARTESIAN_POINT('',(-13.81184747563,-0.389621918065,
    11.915348631004));
#3376 = CARTESIAN_POINT('',(-13.79195204585,-0.314116244463,
    11.927653228454));
#3377 = CARTESIAN_POINT('',(-13.77033761788,-0.238711199597,
    11.940327189806));
#3378 = CARTESIAN_POINT('',(-13.7469942815,-0.163410292085,
    11.953348959827));
#3379 = CARTESIAN_POINT('',(-13.7219121265,-8.821703054397E-02,
    11.966696983294));
#3380 = CARTESIAN_POINT('',(-13.69508124267,-1.313492358877E-02,
    11.980349704975));
#3381 = CARTESIAN_POINT('',(-13.66649171978,6.183252016263E-02,
    11.994285569646));
#3382 = CARTESIAN_POINT('',(-13.63613364763,0.136681792094,
    12.008483022077));
#3383 = CARTESIAN_POINT('',(-13.51764444193,0.412206639044,
    12.061714843891));
#3384 = CARTESIAN_POINT('',(-13.49373846109,0.436097023081,
    12.068368550791));
#3385 = CARTESIAN_POINT('',(-13.45011098984,0.455692512362,
    12.082761207638));
#3386 = CARTESIAN_POINT('',(-13.43809520674,0.502336637197,
    12.087428746873));
#3387 = CARTESIAN_POINT('',(-13.36989404666,0.546683309725,
    12.109806913989));
#3388 = CARTESIAN_POINT('',(-13.33256473698,0.598182706282,
    12.121295022319));
#3389 = CARTESIAN_POINT('',(-13.2681822039,0.647021024995,
    12.140872763905));
#3390 = CARTESIAN_POINT('',(-13.20870548022,0.696767783016,
    12.157881741079));
#3391 = CARTESIAN_POINT('',(-13.14289394981,0.745578350775,
    12.176001452977));
#3392 = CARTESIAN_POINT('',(-13.07417621221,0.793533661355,
    12.194066006522));
#3393 = ADVANCED_FACE('',(#3394),#3405,.T.);
#3394 = FACE_BOUND('',#3395,.T.);
#3395 = EDGE_LOOP('',(#3396,#3397,#3398,#3404));
#3396 = ORIENTED_EDGE('',*,*,#3326,.T.);
#3397 = ORIENTED_EDGE('',*,*,#1942,.T.);
#3398 = ORIENTED_EDGE('',*,*,#3399,.F.);
#3399 = EDGE_CURVE('',#2924,#1935,#3400,.T.);
#3400 = ( BOUNDED_CURVE() B_SPLINE_CURVE(2,(#3401,#3402,#3403),
.UNSPECIFIED.,.F.,.F.) B_SPLINE_CURVE_WITH_KNOTS((3,3),(0.,
2.616715918313),.PIECEWISE_BEZIER_KNOTS.) CURVE() 
GEOMETRIC_REPRESENTATION_ITEM() RATIONAL_B_SPLINE_CURVE((1.,
0.70716831765,1.)) REPRESENTATION_ITEM('') );
#3401 = CARTESIAN_POINT('',(-15.39888990616,7.10196401217,6.657944169776
    ));
#3402 = CARTESIAN_POINT('',(-16.06957921959,5.915359842251,12.5));
#3403 = CARTESIAN_POINT('',(-10.8493741134,2.959530249075,12.5));
#3404 = ORIENTED_EDGE('',*,*,#2923,.F.);
#3405 = ( BOUNDED_SURFACE() B_SPLINE_SURFACE(2,9,(
    (#3406,#3407,#3408,#3409,#3410,#3411,#3412,#3413,#3414,#3415,#3416
      ,#3417,#3418,#3419,#3420,#3421,#3422,#3423)
    ,(#3424,#3425,#3426,#3427,#3428,#3429,#3430,#3431,#3432,#3433,#3434
      ,#3435,#3436,#3437,#3438,#3439,#3440,#3441)
    ,(#3442,#3443,#3444,#3445,#3446,#3447,#3448,#3449,#3450,#3451,#3452
      ,#3453,#3454,#3455,#3456,#3457,#3458,#3459
)),.UNSPECIFIED.,.F.,.F.,.F.) B_SPLINE_SURFACE_WITH_KNOTS((3,3),(10,8,10
    ),(0.,2.616715918313),(27.348598174252,28.448588496101,
29.965314092565),.UNSPECIFIED.) GEOMETRIC_REPRESENTATION_ITEM() 
RATIONAL_B_SPLINE_SURFACE((
    (1.,1.,1.,1.,1.,1.,1.,1.,1.,1.,1.,1.,1.,1.,1.,1.,1.,1.)
    ,(0.750674179199,0.75043853426,0.75050949766,0.750772001037
      ,0.751408223886,0.751712883715,0.75324584417,0.752289120773
      ,0.756792701056,0.749688997136,0.74506722993,0.740104730474
      ,0.734913282975,0.729563694633,0.724096553431,0.718532985914
      ,0.712885414977,0.70716831765)
    ,(1.,1.,1.,1.,1.,1.,1.,1.,1.,1.,1.,1.,1.,1.,1.,1.,1.,1.
))) REPRESENTATION_ITEM('') SURFACE() );
#3406 = CARTESIAN_POINT('',(-17.09393987104,4.103029458928,
    6.215516890267));
#3407 = CARTESIAN_POINT('',(-16.9978144779,4.273097462176,6.27039703017)
  );
#3408 = CARTESIAN_POINT('',(-16.90387232233,4.43930281434,6.325075043328
    ));
#3409 = CARTESIAN_POINT('',(-16.81217121984,4.601543226427,
    6.379157595622));
#3410 = CARTESIAN_POINT('',(-16.72110450739,4.762661256147,
    6.433366033683));
#3411 = CARTESIAN_POINT('',(-16.63403615437,4.916705265333,
    6.483716593476));
#3412 = CARTESIAN_POINT('',(-16.54308250345,5.077623263117,
    6.541962397992));
#3413 = CARTESIAN_POINT('',(-16.46295487067,5.219387536507,
    6.576207026048));
#3414 = CARTESIAN_POINT('',(-16.36472226205,5.393183690208,
    6.657337980047));
#3415 = CARTESIAN_POINT('',(-16.19249623033,5.697891284801,
    6.689503427224));
#3416 = CARTESIAN_POINT('',(-16.09334651467,5.873310012496,
    6.701075706742));
#3417 = CARTESIAN_POINT('',(-15.99448239687,6.048223451692,
    6.707028900272));
#3418 = CARTESIAN_POINT('',(-15.89564529661,6.223089090612,
    6.708331842904));
#3419 = CARTESIAN_POINT('',(-15.79668413156,6.398174228776,
    6.705571204056));
#3420 = CARTESIAN_POINT('',(-15.69752942986,6.573601777937,6.69905316151
    ));
#3421 = CARTESIAN_POINT('',(-15.59816744263,6.749396063023,
    6.688905075451));
#3422 = CARTESIAN_POINT('',(-15.49861425652,6.925528623072,
    6.675177162504));
#3423 = CARTESIAN_POINT('',(-15.39888990616,7.10196401217,6.657944169776
    ));
#3424 = CARTESIAN_POINT('',(-17.92958542936,2.624579624972,
    11.215614652203));
#3425 = CARTESIAN_POINT('',(-17.84478845726,2.774605037148,
    11.266683669641));
#3426 = CARTESIAN_POINT('',(-17.75972567583,2.925100727371,
    11.313947336815));
#3427 = CARTESIAN_POINT('',(-17.67447162504,3.075934817226,
    11.358733961721));
#3428 = CARTESIAN_POINT('',(-17.58803858954,3.228854803121,
    11.399338387573));
#3429 = CARTESIAN_POINT('',(-17.50279281453,3.379674251204,
    11.442198744699));
#3430 = CARTESIAN_POINT('',(-17.4133243285,3.537964649564,
    11.474153965577));
#3431 = CARTESIAN_POINT('',(-17.32950802104,3.686255039683,
    11.526848278055));
#3432 = CARTESIAN_POINT('',(-17.23438880065,3.854542891152,
    11.52910308442));
#3433 = CARTESIAN_POINT('',(-17.03369351393,4.209619167649,
    11.702860165466));
#3434 = CARTESIAN_POINT('',(-16.91621226974,4.417470599677,
    11.806002648598));
#3435 = CARTESIAN_POINT('',(-16.7979173619,4.626761590478,
    11.909538471252));
#3436 = CARTESIAN_POINT('',(-16.67874903827,4.837597855361,
    12.012350034915));
#3437 = CARTESIAN_POINT('',(-16.55868387252,5.050020840919,
    12.113743784321));
#3438 = CARTESIAN_POINT('',(-16.43771777604,5.264037780848,
    12.213347506995));
#3439 = CARTESIAN_POINT('',(-16.31585855182,5.479634869852,
    12.310995266752));
#3440 = CARTESIAN_POINT('',(-16.19312868756,5.696772322008,
    12.406598170402));
#3441 = CARTESIAN_POINT('',(-16.06957921959,5.915359842251,12.5));
#3442 = CARTESIAN_POINT('',(-13.07417621221,0.793533661355,
    12.194066006522));
#3443 = CARTESIAN_POINT('',(-13.0202010414,0.831200734958,12.20825502667
    ));
#3444 = CARTESIAN_POINT('',(-12.97412527852,0.871817393299,
    12.220608811611));
#3445 = CARTESIAN_POINT('',(-12.93356678534,0.917034980138,
    12.230772414182));
#3446 = CARTESIAN_POINT('',(-12.90249470399,0.961838688024,
    12.241860940369));
#3447 = CARTESIAN_POINT('',(-12.86387484807,1.018706159145,
    12.248543723391));
#3448 = CARTESIAN_POINT('',(-12.86052436989,1.062908212808,
    12.256417276173));
#3449 = CARTESIAN_POINT('',(-12.78420420057,1.145269870681,
    12.271050763282));
#3450 = CARTESIAN_POINT('',(-12.87114477089,1.154619655509,
    12.257410117237));
#3451 = CARTESIAN_POINT('',(-12.55613044427,1.450100116218,
    12.329550726194));
#3452 = CARTESIAN_POINT('',(-12.35927238597,1.629401609211,
    12.369583761921));
#3453 = CARTESIAN_POINT('',(-12.15319601615,1.813888942161,
    12.40575043014));
#3454 = CARTESIAN_POINT('',(-11.94138363255,2.00162116192,
    12.436748922811));
#3455 = CARTESIAN_POINT('',(-11.72607565582,2.191365390009,
    12.461874097565));
#3456 = CARTESIAN_POINT('',(-11.50859462204,2.382399372971,
    12.480831369336));
#3457 = CARTESIAN_POINT('',(-11.28966917522,2.574314032712,
    12.493550601998));
#3458 = CARTESIAN_POINT('',(-11.06975805985,2.766816016852,12.5));
#3459 = CARTESIAN_POINT('',(-10.8493741134,2.959530249075,12.5));
#3460 = ADVANCED_FACE('',(#3461),#3480,.F.);
#3461 = FACE_BOUND('',#3462,.F.);
#3462 = EDGE_LOOP('',(#3463,#3464,#3472,#3479));
#3463 = ORIENTED_EDGE('',*,*,#2010,.F.);
#3464 = ORIENTED_EDGE('',*,*,#3465,.T.);
#3465 = EDGE_CURVE('',#2011,#3466,#3468,.T.);
#3466 = VERTEX_POINT('',#3467);
#3467 = CARTESIAN_POINT('',(-5.,-24.,9.5));
#3468 = LINE('',#3469,#3470);
#3469 = CARTESIAN_POINT('',(-5.,-24.,13.5));
#3470 = VECTOR('',#3471,1.);
#3471 = DIRECTION('',(-0.,-0.,-1.));
#3472 = ORIENTED_EDGE('',*,*,#3473,.T.);
#3473 = EDGE_CURVE('',#3466,#3466,#3474,.T.);
#3474 = CIRCLE('',#3475,2.5);
#3475 = AXIS2_PLACEMENT_3D('',#3476,#3477,#3478);
#3476 = CARTESIAN_POINT('',(-7.5,-24.,9.5));
#3477 = DIRECTION('',(0.,0.,1.));
#3478 = DIRECTION('',(1.,0.,0.));
#3479 = ORIENTED_EDGE('',*,*,#3465,.F.);
#3480 = CYLINDRICAL_SURFACE('',#3481,2.5);
#3481 = AXIS2_PLACEMENT_3D('',#3482,#3483,#3484);
#3482 = CARTESIAN_POINT('',(-7.5,-24.,13.5));
#3483 = DIRECTION('',(0.,0.,1.));
#3484 = DIRECTION('',(1.,0.,0.));
#3485 = ADVANCED_FACE('',(#3486),#3497,.T.);
#3486 = FACE_BOUND('',#3487,.T.);
#3487 = EDGE_LOOP('',(#3488,#3489,#3490,#3496));
#3488 = ORIENTED_EDGE('',*,*,#3399,.T.);
#3489 = ORIENTED_EDGE('',*,*,#2145,.T.);
#3490 = ORIENTED_EDGE('',*,*,#3491,.F.);
#3491 = EDGE_CURVE('',#2947,#2137,#3492,.T.);
#3492 = ( BOUNDED_CURVE() B_SPLINE_CURVE(2,(#3493,#3494,#3495),
.UNSPECIFIED.,.F.,.F.) B_SPLINE_CURVE_WITH_KNOTS((3,3),(0.,
3.232933191116),.PIECEWISE_BEZIER_KNOTS.) CURVE() 
GEOMETRIC_REPRESENTATION_ITEM() RATIONAL_B_SPLINE_CURVE((1.,
0.707106781187,1.)) REPRESENTATION_ITEM('') );
#3493 = CARTESIAN_POINT('',(-13.50968650622,10.444400796675,6.5));
#3494 = CARTESIAN_POINT('',(-13.50968650622,10.444400796675,12.5));
#3495 = CARTESIAN_POINT('',(-8.286309473906,7.492057256668,12.5));
#3496 = ORIENTED_EDGE('',*,*,#2946,.F.);
#3497 = ( BOUNDED_SURFACE() B_SPLINE_SURFACE(2,7,(
    (#3498,#3499,#3500,#3501,#3502,#3503,#3504,#3505)
    ,(#3506,#3507,#3508,#3509,#3510,#3511,#3512,#3513)
    ,(#3514,#3515,#3516,#3517,#3518,#3519,#3520,#3521
)),.UNSPECIFIED.,.F.,.F.,.F.) B_SPLINE_SURFACE_WITH_KNOTS((3,3),(8,8),(
    0.,3.232933191116),(29.965314092565,33.198247283681),
.PIECEWISE_BEZIER_KNOTS.) GEOMETRIC_REPRESENTATION_ITEM() 
RATIONAL_B_SPLINE_SURFACE((
    (1.,1.,1.,1.,1.,1.,1.,1.)
    ,(0.70716831765,0.707115311048,0.707091301131,0.707119550923
      ,0.707100140112,0.707108482941,0.707106781187,0.707106781187)
,(1.,1.,1.,1.,1.,1.,1.,1.))) REPRESENTATION_ITEM('') SURFACE() );
#3498 = CARTESIAN_POINT('',(-15.39888990616,7.10196401217,6.657944169776
    ));
#3499 = CARTESIAN_POINT('',(-15.12559256965,7.58549006908,6.610716677236
    ));
#3500 = CARTESIAN_POINT('',(-14.85520260585,8.063872312715,
    6.572638904448));
#3501 = CARTESIAN_POINT('',(-14.58580829783,8.540493011532,
    6.543804477302));
#3502 = CARTESIAN_POINT('',(-14.31744259562,9.015293869274,
    6.521515359588));
#3503 = CARTESIAN_POINT('',(-14.04897941342,9.490267191632,
    6.507248726688));
#3504 = CARTESIAN_POINT('',(-13.77995116541,9.966240245807,6.5));
#3505 = CARTESIAN_POINT('',(-13.50968650622,10.444400796675,6.5));
#3506 = CARTESIAN_POINT('',(-16.06957921959,5.915359842251,12.5));
#3507 = CARTESIAN_POINT('',(-15.69859945196,6.57170866191,12.5));
#3508 = CARTESIAN_POINT('',(-15.331256108,7.221623808917,12.5));
#3509 = CARTESIAN_POINT('',(-14.96618077735,7.867526316982,12.5));
#3510 = CARTESIAN_POINT('',(-14.602151105,8.511578814221,12.5));
#3511 = CARTESIAN_POINT('',(-14.23863037848,9.154730868831,12.5));
#3512 = CARTESIAN_POINT('',(-13.87470368828,9.798601166874,12.5));
#3513 = CARTESIAN_POINT('',(-13.50968650622,10.444400796675,12.5));
#3514 = CARTESIAN_POINT('',(-10.8493741134,2.959530249075,12.5));
#3515 = CARTESIAN_POINT('',(-10.47601890931,3.618248658456,12.5));
#3516 = CARTESIAN_POINT('',(-10.10714383739,4.270047079475,12.5));
#3517 = CARTESIAN_POINT('',(-9.743302608161,4.914741462665,12.5));
#3518 = CARTESIAN_POINT('',(-9.378537361832,5.559424325709,12.5));
#3519 = CARTESIAN_POINT('',(-9.015310854811,6.202344493262,12.5));
#3520 = CARTESIAN_POINT('',(-8.651326655973,6.846257626858,12.5));
#3521 = CARTESIAN_POINT('',(-8.286309473906,7.492057256668,12.5));
#3522 = ADVANCED_FACE('',(#3523),#3535,.T.);
#3523 = FACE_BOUND('',#3524,.F.);
#3524 = EDGE_LOOP('',(#3525,#3526,#3527,#3534));
#3525 = ORIENTED_EDGE('',*,*,#3491,.F.);
#3526 = ORIENTED_EDGE('',*,*,#3008,.T.);
#3527 = ORIENTED_EDGE('',*,*,#3528,.T.);
#3528 = EDGE_CURVE('',#3001,#2129,#3529,.T.);
#3529 = CIRCLE('',#3530,6.);
#3530 = AXIS2_PLACEMENT_3D('',#3531,#3532,#3533);
#3531 = CARTESIAN_POINT('',(-7.415746635186,8.,6.5));
#3532 = DIRECTION('',(1.,2.2E-16,-0.));
#3533 = DIRECTION('',(-2.2E-16,1.,0.));
#3534 = ORIENTED_EDGE('',*,*,#2136,.F.);
#3535 = SURFACE_OF_REVOLUTION('',#3536,#3549);
#3536 = B_SPLINE_CURVE_WITH_KNOTS('',6,(#3537,#3538,#3539,#3540,#3541,
    #3542,#3543,#3544,#3545,#3546,#3547,#3548),.UNSPECIFIED.,.F.,.F.,(7,
    5,7),(0.,0.785398163397,1.570796326795),.UNSPECIFIED.);
#3537 = CARTESIAN_POINT('',(-12.97282069913,11.256633393636,6.5));
#3538 = CARTESIAN_POINT('',(-12.97282069913,11.256633393636,
    7.285398163397));
#3539 = CARTESIAN_POINT('',(-12.87488157859,11.181613531343,
    8.070795014965));
#3540 = CARTESIAN_POINT('',(-12.67900078602,11.031571852357,
    8.831975994372));
#3541 = CARTESIAN_POINT('',(-12.39022105039,10.81037100962,
    9.544685419875));
#3542 = CARTESIAN_POINT('',(-12.01859253262,10.525709272064,
    10.18728031985));
#3543 = CARTESIAN_POINT('',(-11.13682719174,9.850290562115,
    11.298001054389));
#3544 = CARTESIAN_POINT('',(-10.62669184141,9.459534717856,
    11.766125033746));
#3545 = CARTESIAN_POINT('',(-10.06089483233,9.026142897777,
    12.12988807274));
#3546 = CARTESIAN_POINT('',(-9.456617821098,8.563275986985,
    12.376630428911));
#3547 = CARTESIAN_POINT('',(-8.833116610562,8.085683634751,12.5));
#3548 = CARTESIAN_POINT('',(-8.209614358607,7.608090484805,12.5));
#3549 = AXIS1_PLACEMENT('',#3550,#3551);
#3550 = CARTESIAN_POINT('',(-7.415746635186,7.,6.5));
#3551 = DIRECTION('',(0.,0.,1.));
#3552 = ADVANCED_FACE('',(#3553),#3674,.T.);
#3553 = FACE_BOUND('',#3554,.T.);
#3554 = EDGE_LOOP('',(#3555,#3556,#3557,#3558,#3645,#3666,#3667));
#3555 = ORIENTED_EDGE('',*,*,#3056,.F.);
#3556 = ORIENTED_EDGE('',*,*,#3528,.T.);
#3557 = ORIENTED_EDGE('',*,*,#2128,.T.);
#3558 = ORIENTED_EDGE('',*,*,#3559,.F.);
#3559 = EDGE_CURVE('',#3560,#2120,#3562,.T.);
#3560 = VERTEX_POINT('',#3561);
#3561 = CARTESIAN_POINT('',(2.5,10.,12.156854249492));
#3562 = B_SPLINE_CURVE_WITH_KNOTS('',6,(#3563,#3564,#3565,#3566,#3567,
    #3568,#3569,#3570,#3571,#3572,#3573,#3574,#3575,#3576,#3577,#3578,
    #3579,#3580,#3581,#3582,#3583,#3584,#3585,#3586,#3587,#3588,#3589,
    #3590,#3591,#3592,#3593,#3594,#3595,#3596,#3597,#3598,#3599,#3600,
    #3601,#3602,#3603,#3604,#3605,#3606,#3607,#3608,#3609,#3610,#3611,
    #3612,#3613,#3614,#3615,#3616,#3617,#3618,#3619,#3620,#3621,#3622,
    #3623,#3624,#3625,#3626,#3627,#3628,#3629,#3630,#3631,#3632,#3633,
    #3634,#3635,#3636,#3637,#3638,#3639,#3640,#3641,#3642,#3643,#3644),
  .UNSPECIFIED.,.F.,.F.,(7,5,5,5,5,5,5,5,5,5,5,5,5,5,5,5,7),(0.,
    6.637001035176E-02,0.105603309861,0.200983133987,0.279214652273,
    0.312885867291,0.343276042068,0.399770153532,0.457723754162,
    0.52321257044,0.597210677046,0.702284188385,0.744538638881,
    0.779659069313,0.840563017385,0.894977488343,1.),.UNSPECIFIED.);
#3563 = CARTESIAN_POINT('',(2.5,10.,12.156854249492));
#3564 = CARTESIAN_POINT('',(2.5,10.130837811336,12.110596097677));
#3565 = CARTESIAN_POINT('',(2.49178280845,10.259306501825,
    12.061090281149));
#3566 = CARTESIAN_POINT('',(2.475907766688,10.384725431236,
    12.008704351394));
#3567 = CARTESIAN_POINT('',(2.452995775737,10.506491137736,
    11.953907545885));
#3568 = CARTESIAN_POINT('',(2.423737068097,10.624070687466,
    11.89725445877));
#3569 = CARTESIAN_POINT('',(2.368305142721,10.803747979216,
    11.805150713921));
#3570 = CARTESIAN_POINT('',(2.345736170675,10.868957411177,
    11.770459118995));
#3571 = CARTESIAN_POINT('',(2.321314306581,10.932607246769,
    11.735375983512));
#3572 = CARTESIAN_POINT('',(2.295152827048,10.994687037175,
    11.699981561875));
#3573 = CARTESIAN_POINT('',(2.267356042119,11.05519195799,
    11.664354306168));
#3574 = CARTESIAN_POINT('',(2.166698917162,11.257389225649,
    11.541577973421));
#3575 = CARTESIAN_POINT('',(2.08626841925,11.391369685247,
    11.453650197894));
#3576 = CARTESIAN_POINT('',(1.997986710484,11.516284894094,
    11.365750270093));
#3577 = CARTESIAN_POINT('',(1.902708950675,11.632443408702,
    11.278737935263));
#3578 = CARTESIAN_POINT('',(1.800981405855,11.740103910129,
    11.193433523086));
#3579 = CARTESIAN_POINT('',(1.604630769058,11.920838666056,
    11.042934730449));
#3580 = CARTESIAN_POINT('',(1.51200389591,11.996664983876,
    10.976871065002));
#3581 = CARTESIAN_POINT('',(1.415428734984,12.066910726879,
    10.913091609222));
#3582 = CARTESIAN_POINT('',(1.315037439767,12.131544678582,
    10.852190458503));
#3583 = CARTESIAN_POINT('',(1.21091498402,12.190459753409,10.79484201048
    ));
#3584 = CARTESIAN_POINT('',(1.056724923375,12.26627566472,
    10.718996705764));
#3585 = CARTESIAN_POINT('',(1.009652937557,12.287991304893,
    10.696977877824));
#3586 = CARTESIAN_POINT('',(0.961924124607,12.30858766705,
    10.675830578051));
#3587 = CARTESIAN_POINT('',(0.913557064535,12.328042141261,
    10.655623686329));
#3588 = CARTESIAN_POINT('',(0.864569110535,12.346331633205,
    10.636426243352));
#3589 = CARTESIAN_POINT('',(0.770216154621,12.378867120981,
    10.601954216055));
#3590 = CARTESIAN_POINT('',(0.724961510505,12.393333823063,
    10.586478875423));
#3591 = CARTESIAN_POINT('',(0.679241793126,12.40680930147,
    10.571938890837));
#3592 = CARTESIAN_POINT('',(0.63308495742,12.419271849185,10.55838821701
    ));
#3593 = CARTESIAN_POINT('',(0.586517576766,12.430701421125,
    10.545877301266));
#3594 = CARTESIAN_POINT('',(0.452281601123,12.460372314327,
    10.513215922686));
#3595 = CARTESIAN_POINT('',(0.363601333246,12.47604557789,
    10.495717554986));
#3596 = CARTESIAN_POINT('',(0.273877645023,12.487925968671,
    10.48231803102));
#3597 = CARTESIAN_POINT('',(0.183449068698,12.495906943317,
    10.47326746968));
#3598 = CARTESIAN_POINT('',(9.263883612548E-02,12.499935596184,
    10.468699993637));
#3599 = CARTESIAN_POINT('',(-9.14774671728E-02,12.500064820218,
    10.468553467402));
#3600 = CARTESIAN_POINT('',(-0.184636319424,12.495957761665,
    10.473209756202));
#3601 = CARTESIAN_POINT('',(-0.277392537796,12.487691568707,
    10.482585342982));
#3602 = CARTESIAN_POINT('',(-0.369399605053,12.475323301143,
    10.496534589475));
#3603 = CARTESIAN_POINT('',(-0.460293975195,12.458968905311,
    10.514784334711));
#3604 = CARTESIAN_POINT('',(-0.650720497456,12.416047897251,
    10.561978130397));
#3605 = CARTESIAN_POINT('',(-0.749820752893,12.388434263527,
    10.592000290767));
#3606 = CARTESIAN_POINT('',(-0.846844061759,12.356167394366,
    10.626536193966));
#3607 = CARTESIAN_POINT('',(-0.941616437715,12.31942251145,
    10.665073830641));
#3608 = CARTESIAN_POINT('',(-1.033941855567,12.278384983277,
    10.707074263734));
#3609 = CARTESIAN_POINT('',(-1.224912774411,12.182303958944,
    10.802732492714));
#3610 = CARTESIAN_POINT('',(-1.322934984617,12.126076324989,
    10.85725314404));
#3611 = CARTESIAN_POINT('',(-1.417617836021,12.064748382795,
    10.914903609112));
#3612 = CARTESIAN_POINT('',(-1.508888528708,11.998407946524,
    10.97511757099));
#3613 = CARTESIAN_POINT('',(-1.59663646441,11.927082135628,
    11.03739293101));
#3614 = CARTESIAN_POINT('',(-1.800059016572,11.742350201501,
    11.191992481643));
#3615 = CARTESIAN_POINT('',(-1.912000069224,11.623838645377,
    11.285963058781));
#3616 = CARTESIAN_POINT('',(-2.016143030693,11.495038901637,
    11.381970466242));
#3617 = CARTESIAN_POINT('',(-2.111747322612,11.355592510332,
    11.478935426481));
#3618 = CARTESIAN_POINT('',(-2.197611023206,11.205079139502,
    11.575699591217));
#3619 = CARTESIAN_POINT('',(-2.301804118548,10.978174764012,
    11.709239582807));
#3620 = CARTESIAN_POINT('',(-2.32982115519,10.911262710873,
    11.74729608411));
#3621 = CARTESIAN_POINT('',(-2.355840665893,10.842527594559,
    11.785006518055));
#3622 = CARTESIAN_POINT('',(-2.379721775937,10.771988666287,
    11.822265986404));
#3623 = CARTESIAN_POINT('',(-2.401313499517,10.699673944645,
    11.858968486371));
#3624 = CARTESIAN_POINT('',(-2.436363065114,10.56407136816,
    11.924963014822));
#3625 = CARTESIAN_POINT('',(-2.450580002614,10.501315572011,
    11.95446270587));
#3626 = CARTESIAN_POINT('',(-2.463000439247,10.437418444899,
    11.983424740757));
#3627 = CARTESIAN_POINT('',(-2.473523444163,10.372450126832,
    12.011772046391));
#3628 = CARTESIAN_POINT('',(-2.482051608905,10.306486393008,
    12.039432931233));
#3629 = CARTESIAN_POINT('',(-2.499657972846,10.123632901079,
    12.113003748513));
#3630 = CARTESIAN_POINT('',(-2.504559754431,10.004738451081,
    12.157471687302));
#3631 = CARTESIAN_POINT('',(-2.50262390749,9.883827890428,
    12.199190872393));
#3632 = CARTESIAN_POINT('',(-2.493487241828,9.76184247269,
    12.237761432514));
#3633 = CARTESIAN_POINT('',(-2.476991371356,9.639745930036,
    12.272949182991));
#3634 = CARTESIAN_POINT('',(-2.431927687619,9.410155637512,
    12.333009578771));
#3635 = CARTESIAN_POINT('',(-2.40487952502,9.30272787119,12.358520345957
    ));
#3636 = CARTESIAN_POINT('',(-2.372142969301,9.196921961622,
    12.381152140605));
#3637 = CARTESIAN_POINT('',(-2.333961623696,9.093433390122,
    12.40096048102));
#3638 = CARTESIAN_POINT('',(-2.290734155311,8.992919910079,
    12.41808424837));
#3639 = CARTESIAN_POINT('',(-2.150934249224,8.708889707748,
    12.460979583839));
#3640 = CARTESIAN_POINT('',(-2.042526986782,8.535903225759,
    12.479863150432));
#3641 = CARTESIAN_POINT('',(-1.920588087421,8.378062148337,
    12.491419798156));
#3642 = CARTESIAN_POINT('',(-1.787782509043,8.236019115912,
    12.497578046418));
#3643 = CARTESIAN_POINT('',(-1.646722027702,8.110041520777,12.5));
#3644 = CARTESIAN_POINT('',(-1.5,8.,12.5));
#3645 = ORIENTED_EDGE('',*,*,#3646,.F.);
#3646 = EDGE_CURVE('',#2112,#3560,#3647,.T.);
#3647 = B_SPLINE_CURVE_WITH_KNOTS('',5,(#3648,#3649,#3650,#3651,#3652,
    #3653,#3654,#3655,#3656,#3657,#3658,#3659,#3660,#3661,#3662,#3663,
    #3664,#3665),.UNSPECIFIED.,.F.,.F.,(6,4,4,4,6),(0.,0.37335421859,
    0.52341597446,0.797844288411,1.),.UNSPECIFIED.);
#3648 = CARTESIAN_POINT('',(1.5,8.,12.5));
#3649 = CARTESIAN_POINT('',(1.625312635722,8.093984476792,12.5));
#3650 = CARTESIAN_POINT('',(1.745978642909,8.199818441746,12.49815968924
    ));
#3651 = CARTESIAN_POINT('',(1.860484582533,8.317699907559,
    12.493551624752));
#3652 = CARTESIAN_POINT('',(1.96712628593,8.447619596392,12.484974516922
    ));
#3653 = CARTESIAN_POINT('',(2.102926557535,8.646315844472,
    12.465362731926));
#3654 = CARTESIAN_POINT('',(2.140258939252,8.705157670749,
    12.458869173004));
#3655 = CARTESIAN_POINT('',(2.175824964291,8.765790955471,
    12.451418547045));
#3656 = CARTESIAN_POINT('',(2.20947456696,8.828118813929,12.442928275474
    ));
#3657 = CARTESIAN_POINT('',(2.298858766783,9.008915141184,
    12.415746837366));
#3658 = CARTESIAN_POINT('',(2.349854203968,9.131243924708,
    12.394412660068));
#3659 = CARTESIAN_POINT('',(2.392914904793,9.25780124802,12.368905900872
    ));
#3660 = CARTESIAN_POINT('',(2.427392928649,9.387196307384,
    12.339003379828));
#3661 = CARTESIAN_POINT('',(2.472021775479,9.61432100985,12.279609326794
    ));
#3662 = CARTESIAN_POINT('',(2.486165784996,9.711301751084,
    12.252113149015));
#3663 = CARTESIAN_POINT('',(2.495463560311,9.808315311263,
    12.222369673658));
#3664 = CARTESIAN_POINT('',(2.5,9.904749106955,12.190530525685));
#3665 = CARTESIAN_POINT('',(2.5,10.,12.156854249492));
#3666 = ORIENTED_EDGE('',*,*,#2111,.T.);
#3667 = ORIENTED_EDGE('',*,*,#3668,.F.);
#3668 = EDGE_CURVE('',#3057,#2103,#3669,.T.);
#3669 = CIRCLE('',#3670,6.);
#3670 = AXIS2_PLACEMENT_3D('',#3671,#3672,#3673);
#3671 = CARTESIAN_POINT('',(7.415746635186,8.,6.5));
#3672 = DIRECTION('',(1.,0.,0.));
#3673 = DIRECTION('',(0.,1.,0.));
#3674 = CYLINDRICAL_SURFACE('',#3675,6.);
#3675 = AXIS2_PLACEMENT_3D('',#3676,#3677,#3678);
#3676 = CARTESIAN_POINT('',(-7.415746635186,8.,6.5));
#3677 = DIRECTION('',(1.,0.,0.));
#3678 = DIRECTION('',(0.,1.,0.));
#3679 = ADVANCED_FACE('',(#3680),#3701,.F.);
#3680 = FACE_BOUND('',#3681,.F.);
#3681 = EDGE_LOOP('',(#3682,#3683,#3691,#3698,#3699,#3700));
#3682 = ORIENTED_EDGE('',*,*,#3559,.F.);
#3683 = ORIENTED_EDGE('',*,*,#3684,.T.);
#3684 = EDGE_CURVE('',#3560,#3685,#3687,.T.);
#3685 = VERTEX_POINT('',#3686);
#3686 = CARTESIAN_POINT('',(2.5,10.,9.5));
#3687 = LINE('',#3688,#3689);
#3688 = CARTESIAN_POINT('',(2.5,10.,13.5));
#3689 = VECTOR('',#3690,1.);
#3690 = DIRECTION('',(-0.,-0.,-1.));
#3691 = ORIENTED_EDGE('',*,*,#3692,.T.);
#3692 = EDGE_CURVE('',#3685,#3685,#3693,.T.);
#3693 = CIRCLE('',#3694,2.5);
#3694 = AXIS2_PLACEMENT_3D('',#3695,#3696,#3697);
#3695 = CARTESIAN_POINT('',(0.,10.,9.5));
#3696 = DIRECTION('',(0.,0.,1.));
#3697 = DIRECTION('',(1.,0.,0.));
#3698 = ORIENTED_EDGE('',*,*,#3684,.F.);
#3699 = ORIENTED_EDGE('',*,*,#3646,.F.);
#3700 = ORIENTED_EDGE('',*,*,#2119,.F.);
#3701 = CYLINDRICAL_SURFACE('',#3702,2.5);
#3702 = AXIS2_PLACEMENT_3D('',#3703,#3704,#3705);
#3703 = CARTESIAN_POINT('',(0.,10.,13.5));
#3704 = DIRECTION('',(0.,0.,1.));
#3705 = DIRECTION('',(1.,0.,0.));
#3706 = ADVANCED_FACE('',(#3707),#3719,.T.);
#3707 = FACE_BOUND('',#3708,.F.);
#3708 = EDGE_LOOP('',(#3709,#3710,#3711,#3718));
#3709 = ORIENTED_EDGE('',*,*,#3668,.F.);
#3710 = ORIENTED_EDGE('',*,*,#3111,.T.);
#3711 = ORIENTED_EDGE('',*,*,#3712,.T.);
#3712 = EDGE_CURVE('',#3104,#2090,#3713,.T.);
#3713 = CIRCLE('',#3714,6.);
#3714 = AXIS2_PLACEMENT_3D('',#3715,#3716,#3717);
#3715 = CARTESIAN_POINT('',(8.286309473906,7.492057256668,6.5));
#3716 = DIRECTION('',(0.492057256668,-0.87056283872,0.));
#3717 = DIRECTION('',(0.87056283872,0.492057256668,0.));
#3718 = ORIENTED_EDGE('',*,*,#2102,.F.);
#3719 = SURFACE_OF_REVOLUTION('',#3720,#3733);
#3720 = B_SPLINE_CURVE_WITH_KNOTS('',6,(#3721,#3722,#3723,#3724,#3725,
    #3726,#3727,#3728,#3729,#3730,#3731,#3732),.UNSPECIFIED.,.F.,.F.,(7,
    5,7),(0.,0.785398163397,1.570796326795),.UNSPECIFIED.);
#3721 = CARTESIAN_POINT('',(7.415746635186,14.,6.5));
#3722 = CARTESIAN_POINT('',(7.415746635186,14.,7.285398163397));
#3723 = CARTESIAN_POINT('',(7.415746635186,13.876630428911,
    8.070795014965));
#3724 = CARTESIAN_POINT('',(7.415746635186,13.62988807274,8.831975994372
    ));
#3725 = CARTESIAN_POINT('',(7.415746635186,13.266125033746,
    9.544685419875));
#3726 = CARTESIAN_POINT('',(7.415746635186,12.798001054389,
    10.18728031985));
#3727 = CARTESIAN_POINT('',(7.415746635186,11.687280319849,
    11.298001054389));
#3728 = CARTESIAN_POINT('',(7.415746635186,11.044685419875,
    11.766125033746));
#3729 = CARTESIAN_POINT('',(7.415746635186,10.331975994372,
    12.12988807274));
#3730 = CARTESIAN_POINT('',(7.415746635186,9.570795014965,
    12.376630428911));
#3731 = CARTESIAN_POINT('',(7.415746635186,8.785398163397,12.5));
#3732 = CARTESIAN_POINT('',(7.415746635186,8.,12.5));
#3733 = AXIS1_PLACEMENT('',#3734,#3735);
#3734 = CARTESIAN_POINT('',(7.415746635186,7.,6.5));
#3735 = DIRECTION('',(0.,0.,1.));
#3736 = ADVANCED_FACE('',(#3737),#3748,.T.);
#3737 = FACE_BOUND('',#3738,.T.);
#3738 = EDGE_LOOP('',(#3739,#3740,#3741,#3747));
#3739 = ORIENTED_EDGE('',*,*,#3712,.T.);
#3740 = ORIENTED_EDGE('',*,*,#2089,.T.);
#3741 = ORIENTED_EDGE('',*,*,#3742,.F.);
#3742 = EDGE_CURVE('',#3155,#2082,#3743,.T.);
#3743 = ( BOUNDED_CURVE() B_SPLINE_CURVE(2,(#3744,#3745,#3746),
.UNSPECIFIED.,.F.,.F.) B_SPLINE_CURVE_WITH_KNOTS((3,3),(0.,
3.231241796264),.PIECEWISE_BEZIER_KNOTS.) CURVE() 
GEOMETRIC_REPRESENTATION_ITEM() RATIONAL_B_SPLINE_CURVE((1.,
0.707192866502,1.)) REPRESENTATION_ITEM('') );
#3744 = CARTESIAN_POINT('',(15.397797413043,7.103896884615,
    6.658360678721));
#3745 = CARTESIAN_POINT('',(16.068463014477,5.917334666695,12.5));
#3746 = CARTESIAN_POINT('',(10.849523850729,2.960115329047,12.5));
#3747 = ORIENTED_EDGE('',*,*,#3154,.F.);
#3748 = ( BOUNDED_SURFACE() B_SPLINE_SURFACE(2,7,(
    (#3749,#3750,#3751,#3752,#3753,#3754,#3755,#3756)
    ,(#3757,#3758,#3759,#3760,#3761,#3762,#3763,#3764)
    ,(#3765,#3766,#3767,#3768,#3769,#3770,#3771,#3772
)),.UNSPECIFIED.,.F.,.F.,.F.) B_SPLINE_SURFACE_WITH_KNOTS((3,3),(8,8),(
    0.,3.231241796264),(62.819196017146,66.05043781341),
.PIECEWISE_BEZIER_KNOTS.) GEOMETRIC_REPRESENTATION_ITEM() 
RATIONAL_B_SPLINE_SURFACE((
    (1.,1.,1.,1.,1.,1.,1.,1.)
    ,(0.707106781187,0.707106781187,0.707108352812,0.707100349026
      ,0.707120433037,0.707085832946,0.707132974432,0.707192866502)
,(1.,1.,1.,1.,1.,1.,1.,1.))) REPRESENTATION_ITEM('') SURFACE() );
#3749 = CARTESIAN_POINT('',(13.509686506227,10.444400796675,6.5));
#3750 = CARTESIAN_POINT('',(13.779829761808,9.966455036801,6.5));
#3751 = CARTESIAN_POINT('',(14.048745883633,9.490680359727,
    6.507238157247));
#3752 = CARTESIAN_POINT('',(14.317048018366,9.015991967506,
    6.521504234458));
#3753 = CARTESIAN_POINT('',(14.585389544765,8.541233882339,
    6.543777875549));
#3754 = CARTESIAN_POINT('',(14.854541007626,8.065042832661,
    6.572452320518));
#3755 = CARTESIAN_POINT('',(15.124617813255,7.587214638088,
    6.611025583034));
#3756 = CARTESIAN_POINT('',(15.397797413043,7.103896884615,
    6.658360678721));
#3757 = CARTESIAN_POINT('',(13.509686506227,10.444400796675,12.5));
#3758 = CARTESIAN_POINT('',(13.874539044691,9.798892459394,12.5));
#3759 = CARTESIAN_POINT('',(14.238304375925,9.155307642594,12.5));
#3760 = CARTESIAN_POINT('',(14.60164840955,8.512468198488,12.5));
#3761 = CARTESIAN_POINT('',(14.96554953045,7.868643138434,12.5));
#3762 = CARTESIAN_POINT('',(15.330393552074,7.223149869408,12.5));
#3763 = CARTESIAN_POINT('',(15.697626920008,6.57342929537,12.5));
#3764 = CARTESIAN_POINT('',(16.068463014477,5.917334666695,12.5));
#3765 = CARTESIAN_POINT('',(8.286309473906,7.492057256668,12.5));
#3766 = CARTESIAN_POINT('',(8.651162012367,6.846548919392,12.5));
#3767 = CARTESIAN_POINT('',(9.014966004429,6.202950533637,12.5));
#3768 = CARTESIAN_POINT('',(9.37810274719,5.560198932919,12.5));
#3769 = CARTESIAN_POINT('',(9.742572042457,4.916067124523,12.5));
#3770 = CARTESIAN_POINT('',(10.106241233408,4.271452735187,12.5));
#3771 = CARTESIAN_POINT('',(10.47609182621,3.618729691236,12.5));
#3772 = CARTESIAN_POINT('',(10.849523850729,2.960115329047,12.5));
#3773 = ADVANCED_FACE('',(#3774),#3785,.T.);
#3774 = FACE_BOUND('',#3775,.T.);
#3775 = EDGE_LOOP('',(#3776,#3777,#3778,#3784));
#3776 = ORIENTED_EDGE('',*,*,#3742,.T.);
#3777 = ORIENTED_EDGE('',*,*,#2167,.T.);
#3778 = ORIENTED_EDGE('',*,*,#3779,.F.);
#3779 = EDGE_CURVE('',#3168,#2168,#3780,.T.);
#3780 = ( BOUNDED_CURVE() B_SPLINE_CURVE(2,(#3781,#3782,#3783),
.UNSPECIFIED.,.F.,.F.) B_SPLINE_CURVE_WITH_KNOTS((3,3),(0.,
2.617964870938),.PIECEWISE_BEZIER_KNOTS.) CURVE() 
GEOMETRIC_REPRESENTATION_ITEM() RATIONAL_B_SPLINE_CURVE((1.,
0.750674574691,1.)) REPRESENTATION_ITEM('') );
#3781 = CARTESIAN_POINT('',(17.093939871041,4.103029458928,6.21552029329
    ));
#3782 = CARTESIAN_POINT('',(17.929576130864,2.624596076164,
    11.215617742155));
#3783 = CARTESIAN_POINT('',(13.074177392133,0.793539082101,
    12.194066052781));
#3784 = ORIENTED_EDGE('',*,*,#3167,.F.);
#3785 = ( BOUNDED_SURFACE() B_SPLINE_SURFACE(2,9,(
    (#3786,#3787,#3788,#3789,#3790,#3791,#3792,#3793,#3794,#3795,#3796
      ,#3797,#3798,#3799,#3800,#3801,#3802,#3803)
    ,(#3804,#3805,#3806,#3807,#3808,#3809,#3810,#3811,#3812,#3813,#3814
      ,#3815,#3816,#3817,#3818,#3819,#3820,#3821)
    ,(#3822,#3823,#3824,#3825,#3826,#3827,#3828,#3829,#3830,#3831,#3832
      ,#3833,#3834,#3835,#3836,#3837,#3838,#3839
)),.UNSPECIFIED.,.F.,.F.,.F.) B_SPLINE_SURFACE_WITH_KNOTS((3,3),(10,8,10
    ),(0.,2.617964870938),(66.05043781341,67.568512107427,
68.668402684349),.UNSPECIFIED.) GEOMETRIC_REPRESENTATION_ITEM() 
RATIONAL_B_SPLINE_SURFACE((
    (1.,1.,1.,1.,1.,1.,1.,1.,1.,1.,1.,1.,1.,1.,1.,1.,1.,1.)
    ,(0.707192866502,0.712918007098,0.718565724221,0.724121589025
      ,0.729568692474,0.734881474941,0.740019555831,0.744921563183
      ,0.749498963281,0.756622871361,0.752989310779,0.752688505676
      ,0.752002026239,0.751296641594,0.750802503981,0.750505505481
      ,0.750439056077,0.750674574691)
    ,(1.,1.,1.,1.,1.,1.,1.,1.,1.,1.,1.,1.,1.,1.,1.,1.,1.,1.
))) REPRESENTATION_ITEM('') SURFACE() );
#3786 = CARTESIAN_POINT('',(15.397797413043,7.103896884615,
    6.658360678721));
#3787 = CARTESIAN_POINT('',(15.497619665074,6.927288284869,
    6.675657343096));
#3788 = CARTESIAN_POINT('',(15.597297005249,6.750936067637,
    6.689379579092));
#3789 = CARTESIAN_POINT('',(15.696811828257,6.574871380777,
    6.699457124802));
#3790 = CARTESIAN_POINT('',(15.7961602021,6.399101180901,6.705798094965)
  );
#3791 = CARTESIAN_POINT('',(15.895365215364,6.223584618972,
    6.708230334948));
#3792 = CARTESIAN_POINT('',(15.994490324483,6.048209425914,
    6.706442774725));
#3793 = CARTESIAN_POINT('',(16.093652701012,5.872768298209,
    6.699926782858));
#3794 = CARTESIAN_POINT('',(16.193036578889,5.696935283504,
    6.687917520475));
#3795 = CARTESIAN_POINT('',(16.365265443065,5.392222677655,
    6.655871913055));
#3796 = CARTESIAN_POINT('',(16.460632170678,5.223496928801,
    6.582376204607));
#3797 = CARTESIAN_POINT('',(16.544958589676,5.07430403365,6.536721053385
    ));
#3798 = CARTESIAN_POINT('',(16.632994901651,4.918547481694,
    6.486710970681));
#3799 = CARTESIAN_POINT('',(16.721585852603,4.761809645394,
    6.432057885156));
#3800 = CARTESIAN_POINT('',(16.812065698367,4.601729918273,
    6.379529229033));
#3801 = CARTESIAN_POINT('',(16.903919143541,4.439219976811,
    6.325001194126));
#3802 = CARTESIAN_POINT('',(16.997828531198,4.27307259865,6.270392355219
    ));
#3803 = CARTESIAN_POINT('',(17.093939871041,4.103029458928,6.21552029329
    ));
#3804 = CARTESIAN_POINT('',(16.068463014477,5.917334666695,12.5));
#3805 = CARTESIAN_POINT('',(16.192137139223,5.698526599837,
    12.406512457807));
#3806 = CARTESIAN_POINT('',(16.314995681355,5.481161486834,
    12.310905569702));
#3807 = CARTESIAN_POINT('',(16.436997892542,5.265311420886,
    12.213320679133));
#3808 = CARTESIAN_POINT('',(16.558122760995,5.051013576702,
    12.113892923294));
#3809 = CARTESIAN_POINT('',(16.678360891952,4.838284575777,
    12.012836761163));
#3810 = CARTESIAN_POINT('',(16.797712694116,4.627123695025,
    11.910522757052));
#3811 = CARTESIAN_POINT('',(16.916192402352,4.417505749686,
    11.807546344496));
#3812 = CARTESIAN_POINT('',(17.033837543983,4.209364345261,
    11.704789769092));
#3813 = CARTESIAN_POINT('',(17.234613669296,3.85414504663,
    11.530767798874));
#3814 = CARTESIAN_POINT('',(17.328330671694,3.688338042387,
    11.520152221434));
#3815 = CARTESIAN_POINT('',(17.414509107,3.535868503001,11.479039614528)
  );
#3816 = CARTESIAN_POINT('',(17.501989327136,3.381095805835,
    11.439993384423));
#3817 = CARTESIAN_POINT('',(17.588482647811,3.228069161567,
    11.400003619998));
#3818 = CARTESIAN_POINT('',(17.674350582967,3.076148968596,
    11.358584941877));
#3819 = CARTESIAN_POINT('',(17.759766635951,2.925028259472,
    11.313947072458));
#3820 = CARTESIAN_POINT('',(17.844792454379,2.774597965329,
    11.26667713626));
#3821 = CARTESIAN_POINT('',(17.929576130864,2.624596076164,
    11.215617742155));
#3822 = CARTESIAN_POINT('',(10.849523850729,2.960115329047,12.5));
#3823 = CARTESIAN_POINT('',(11.07019795934,2.767172841701,12.5));
#3824 = CARTESIAN_POINT('',(11.290181472872,2.574558914676,
    12.493557215998));
#3825 = CARTESIAN_POINT('',(11.508967604324,2.382637769751,
    12.480807701075));
#3826 = CARTESIAN_POINT('',(11.725957611783,2.191775469957,
    12.461833730405));
#3827 = CARTESIAN_POINT('',(11.940278142462,2.002461043899,
    12.436791613628));
#3828 = CARTESIAN_POINT('',(12.150598576737,1.815427610053,
    12.406039507225));
#3829 = CARTESIAN_POINT('',(12.354948372182,1.631773501088,
    12.370265226892));
#3830 = CARTESIAN_POINT('',(12.550534407605,1.453083388167,
    12.330614059918));
#3831 = CARTESIAN_POINT('',(12.866164672631,1.15726786505,
    12.258533041911));
#3832 = CARTESIAN_POINT('',(12.804856101739,1.134814105949,
    12.266644766879));
#3833 = CARTESIAN_POINT('',(12.843535055298,1.070145409935,
    12.259742493519));
#3834 = CARTESIAN_POINT('',(12.873118860224,1.015751209358,
    12.246988860272));
#3835 = CARTESIAN_POINT('',(12.898747974173,0.962568346821,
    12.242351753862));
#3836 = CARTESIAN_POINT('',(12.934661508031,0.916927992876,
    12.230670713955));
#3837 = CARTESIAN_POINT('',(12.973977442397,0.871804000418,
    12.220612173113));
#3838 = CARTESIAN_POINT('',(13.02021398391,0.83119693663,12.20825192198)
  );
#3839 = CARTESIAN_POINT('',(13.074177392133,0.793539082101,
    12.194066052781));
#3840 = ADVANCED_FACE('',(#3841),#3847,.T.);
#3841 = FACE_BOUND('',#3842,.T.);
#3842 = EDGE_LOOP('',(#3843,#3844,#3845,#3846));
#3843 = ORIENTED_EDGE('',*,*,#3779,.T.);
#3844 = ORIENTED_EDGE('',*,*,#2190,.T.);
#3845 = ORIENTED_EDGE('',*,*,#2283,.F.);
#3846 = ORIENTED_EDGE('',*,*,#3208,.F.);
#3847 = ( BOUNDED_SURFACE() B_SPLINE_SURFACE(2,7,(
    (#3848,#3849,#3850,#3851,#3852,#3853,#3854,#3855,#3856,#3857,#3858
      ,#3859,#3860,#3861,#3862,#3863,#3864,#3865,#3866,#3867)
    ,(#3868,#3869,#3870,#3871,#3872,#3873,#3874,#3875,#3876,#3877,#3878
      ,#3879,#3880,#3881,#3882,#3883,#3884,#3885,#3886,#3887)
    ,(#3888,#3889,#3890,#3891,#3892,#3893,#3894,#3895,#3896,#3897,#3898
      ,#3899,#3900,#3901,#3902,#3903,#3904,#3905,#3906,#3907
)),.UNSPECIFIED.,.F.,.F.,.F.) B_SPLINE_SURFACE_WITH_KNOTS((3,3),(8,6,6,8
    ),(0.,2.114908674315),(68.668402684349,69.998618254215,
    70.224555928259,70.783311358664),.UNSPECIFIED.) 
GEOMETRIC_REPRESENTATION_ITEM() RATIONAL_B_SPLINE_SURFACE((
    (1.,1.,1.,1.,1.,1.,1.,1.,1.,1.,1.,1.,1.,1.,1.,1.,1.,1.,1.,1.)
    ,(0.750674574691,0.756217871879,0.761768878078,0.767195987513
      ,0.772383955053,0.777233896215,0.781663287159,0.786275630126
      ,0.786926365947,0.787592992781,0.788154969522,0.788900790061
      ,0.789131411303,0.792865433152,0.795429917626,0.797903163494
      ,0.800288327912,0.802588568035,0.804807041018,0.806946904018)
    ,(1.,1.,1.,1.,1.,1.,1.,1.,1.,1.,1.,1.,1.,1.,1.,1.,1.,1.,1.,1.
))) REPRESENTATION_ITEM('') SURFACE() );
#3848 = CARTESIAN_POINT('',(17.093939871041,4.103029458928,6.21552029329
    ));
#3849 = CARTESIAN_POINT('',(17.258268698107,3.812293841811,
    6.219234334037));
#3850 = CARTESIAN_POINT('',(17.409348097713,3.507201102872,
    6.223221786001));
#3851 = CARTESIAN_POINT('',(17.545090577925,3.189067117783,
    6.227206541147));
#3852 = CARTESIAN_POINT('',(17.663704679983,2.859370065421,
    6.230980976159));
#3853 = CARTESIAN_POINT('',(17.763694978293,2.519750427868,
    6.234405952438));
#3854 = CARTESIAN_POINT('',(17.843862080434,2.172010990413,
    6.237410816105));
#3855 = CARTESIAN_POINT('',(17.913398629016,1.758007771513,6.24043205062
    ));
#3856 = CARTESIAN_POINT('',(17.922898050288,1.697594203333,
    6.240825712205));
#3857 = CARTESIAN_POINT('',(17.931785397803,1.637825891659,
    6.241398695866));
#3858 = CARTESIAN_POINT('',(17.940115790294,1.575214645712,
    6.241415152081));
#3859 = CARTESIAN_POINT('',(17.947596938683,1.519113756556,
    6.242512224532));
#3860 = CARTESIAN_POINT('',(17.955841072793,1.444853544341,6.24114798273
    ));
#3861 = CARTESIAN_POINT('',(17.971805627348,1.295332113629,
    6.250332166476));
#3862 = CARTESIAN_POINT('',(17.981246661656,1.188986367747,6.25728092425
    ));
#3863 = CARTESIAN_POINT('',(17.988773743048,1.082750531654,
    6.264697962606));
#3864 = CARTESIAN_POINT('',(17.994399744551,0.976610724203,
    6.272642574504));
#3865 = CARTESIAN_POINT('',(17.998137539193,0.870553064249,
    6.281174052904));
#3866 = CARTESIAN_POINT('',(18.,0.764563670647,6.290351690766));
#3867 = CARTESIAN_POINT('',(18.,0.658628662252,6.30023478105));
#3868 = CARTESIAN_POINT('',(17.929576130864,2.624596076164,
    11.215617742155));
#3869 = CARTESIAN_POINT('',(17.984249614053,2.364413841768,
    11.152175841397));
#3870 = CARTESIAN_POINT('',(18.025809199074,2.104438907313,
    11.091611237655));
#3871 = CARTESIAN_POINT('',(18.055189642068,1.845461063186,
    11.034890551211));
#3872 = CARTESIAN_POINT('',(18.073314078648,1.588164495325,
    10.982760989254));
#3873 = CARTESIAN_POINT('',(18.081076013153,1.333162162662,
    10.93577173338));
#3874 = CARTESIAN_POINT('',(18.079327917432,1.081029756029,
    10.894293966847));
#3875 = CARTESIAN_POINT('',(18.067110282821,0.790346336424,
    10.852501063081));
#3876 = CARTESIAN_POINT('',(18.065082238749,0.748444756353,
    10.846698657785));
#3877 = CARTESIAN_POINT('',(18.062905495171,0.706586756316,
    10.840590810962));
#3878 = CARTESIAN_POINT('',(18.060180340616,0.665000768243,
    10.836091458471));
#3879 = CARTESIAN_POINT('',(18.057984488676,0.622979026518,
    10.82836480075));
#3880 = CARTESIAN_POINT('',(18.053338874605,0.582276193638,
    10.829900019928));
#3881 = CARTESIAN_POINT('',(18.050331765047,0.435392717768,
    10.780417745408));
#3882 = CARTESIAN_POINT('',(18.046440986761,0.330747183931,
    10.747056048345));
#3883 = CARTESIAN_POINT('',(18.040778622401,0.225907256655,
    10.715527403606));
#3884 = CARTESIAN_POINT('',(18.033324613782,0.120876740347,
    10.68584138579));
#3885 = CARTESIAN_POINT('',(18.02405806915,1.566091896919E-02,
    10.658009148432));
#3886 = CARTESIAN_POINT('',(18.012957323785,-8.97334528638E-02,
    10.632043340072));
#3887 = CARTESIAN_POINT('',(18.,-0.195298156782,10.607958023196));
#3888 = CARTESIAN_POINT('',(13.074177392133,0.793539082101,
    12.194066052781));
#3889 = CARTESIAN_POINT('',(13.158087907019,0.734982922156,
    12.172007705694));
#3890 = CARTESIAN_POINT('',(13.236982302952,0.674966548355,
    12.149996263183));
#3891 = CARTESIAN_POINT('',(13.30949625016,0.614167140385,
    12.128588975185));
#3892 = CARTESIAN_POINT('',(13.374615562577,0.55329949764,
    12.108272794576));
#3893 = CARTESIAN_POINT('',(13.431676197849,0.493116039227,
    12.08946437716));
#3894 = CARTESIAN_POINT('',(13.480364257325,0.43440680396,12.07251008168
    ));
#3895 = CARTESIAN_POINT('',(13.527569744165,0.368418637628,
    12.055168088176));
#3896 = CARTESIAN_POINT('',(13.534065354536,0.359138036299,
    12.052766782431));
#3897 = CARTESIAN_POINT('',(13.541035985899,0.348384643943,
    12.050082688531));
#3898 = CARTESIAN_POINT('',(13.545653029695,0.342813436088,
    12.048505442946));
#3899 = CARTESIAN_POINT('',(13.55472472898,0.324508582062,
    12.044633263493));
#3900 = CARTESIAN_POINT('',(13.551014124743,0.34107727641,
    12.046900693972));
#3901 = CARTESIAN_POINT('',(13.614822497363,0.188587513109,
    12.01845057516));
#3902 = CARTESIAN_POINT('',(13.656704041125,8.011853009606E-02,
    11.998645063044));
#3903 = CARTESIAN_POINT('',(13.695064637312,-2.824934022138E-02,
    11.979360979374));
#3904 = CARTESIAN_POINT('',(13.7299377421,-0.136529195797,
    11.960666824446));
#3905 = CARTESIAN_POINT('',(13.761356811665,-0.244734134584,
    11.942631098556));
#3906 = CARTESIAN_POINT('',(13.789355302182,-0.352877254536,
    11.925322302004));
#3907 = CARTESIAN_POINT('',(13.813966669828,-0.460971653607,
    11.908808935084));
#3908 = ADVANCED_FACE('',(#3909),#3915,.T.);
#3909 = FACE_BOUND('',#3910,.T.);
#3910 = EDGE_LOOP('',(#3911,#3912,#3913,#3914));
#3911 = ORIENTED_EDGE('',*,*,#2811,.F.);
#3912 = ORIENTED_EDGE('',*,*,#2769,.T.);
#3913 = ORIENTED_EDGE('',*,*,#2835,.F.);
#3914 = ORIENTED_EDGE('',*,*,#2404,.T.);
#3915 = PLANE('',#3916);
#3916 = AXIS2_PLACEMENT_3D('',#3917,#3918,#3919);
#3917 = CARTESIAN_POINT('',(-18.5,-4.25,3.));
#3918 = DIRECTION('',(0.,-0.360994102558,-0.932568098274));
#3919 = DIRECTION('',(0.,-0.932568098274,0.360994102558));
#3920 = ADVANCED_FACE('',(#3921),#3932,.T.);
#3921 = FACE_BOUND('',#3922,.T.);
#3922 = EDGE_LOOP('',(#3923,#3929,#3930,#3931));
#3923 = ORIENTED_EDGE('',*,*,#3924,.T.);
#3924 = EDGE_CURVE('',#2415,#2596,#3925,.T.);
#3925 = LINE('',#3926,#3927);
#3926 = CARTESIAN_POINT('',(-14.3,7.,6.25));
#3927 = VECTOR('',#3928,1.);
#3928 = DIRECTION('',(0.,-1.,0.));
#3929 = ORIENTED_EDGE('',*,*,#2595,.T.);
#3930 = ORIENTED_EDGE('',*,*,#2432,.T.);
#3931 = ORIENTED_EDGE('',*,*,#2423,.T.);
#3932 = PLANE('',#3933);
#3933 = AXIS2_PLACEMENT_3D('',#3934,#3935,#3936);
#3934 = CARTESIAN_POINT('',(-14.3,-4.75,0.));
#3935 = DIRECTION('',(1.,0.,0.));
#3936 = DIRECTION('',(0.,0.,1.));
#3937 = ADVANCED_FACE('',(#3938),#3949,.F.);
#3938 = FACE_BOUND('',#3939,.F.);
#3939 = EDGE_LOOP('',(#3940,#3941,#3942,#3943));
#3940 = ORIENTED_EDGE('',*,*,#2674,.T.);
#3941 = ORIENTED_EDGE('',*,*,#2636,.T.);
#3942 = ORIENTED_EDGE('',*,*,#2554,.T.);
#3943 = ORIENTED_EDGE('',*,*,#3944,.T.);
#3944 = EDGE_CURVE('',#2557,#2675,#3945,.T.);
#3945 = LINE('',#3946,#3947);
#3946 = CARTESIAN_POINT('',(-7.,12.,6.25));
#3947 = VECTOR('',#3948,1.);
#3948 = DIRECTION('',(0.,-1.,0.));
#3949 = PLANE('',#3950);
#3950 = AXIS2_PLACEMENT_3D('',#3951,#3952,#3953);
#3951 = CARTESIAN_POINT('',(-7.,-4.5,0.));
#3952 = DIRECTION('',(1.,0.,0.));
#3953 = DIRECTION('',(0.,0.,1.));
#3954 = ADVANCED_FACE('',(#3955),#3975,.T.);
#3955 = FACE_BOUND('',#3956,.T.);
#3956 = EDGE_LOOP('',(#3957,#3958,#3959,#3960,#3961,#3962,#3963,#3964,
    #3970,#3971,#3972,#3973,#3974));
#3957 = ORIENTED_EDGE('',*,*,#2650,.F.);
#3958 = ORIENTED_EDGE('',*,*,#2603,.F.);
#3959 = ORIENTED_EDGE('',*,*,#3924,.F.);
#3960 = ORIENTED_EDGE('',*,*,#2826,.F.);
#3961 = ORIENTED_EDGE('',*,*,#2908,.T.);
#3962 = ORIENTED_EDGE('',*,*,#2974,.F.);
#3963 = ORIENTED_EDGE('',*,*,#3033,.T.);
#3964 = ORIENTED_EDGE('',*,*,#3965,.T.);
#3965 = EDGE_CURVE('',#3026,#3131,#3966,.T.);
#3966 = LINE('',#3967,#3968);
#3967 = CARTESIAN_POINT('',(-7.,12.,6.25));
#3968 = VECTOR('',#3969,1.);
#3969 = DIRECTION('',(0.,-1.,0.));
#3970 = ORIENTED_EDGE('',*,*,#3130,.T.);
#3971 = ORIENTED_EDGE('',*,*,#2724,.T.);
#3972 = ORIENTED_EDGE('',*,*,#2564,.F.);
#3973 = ORIENTED_EDGE('',*,*,#3944,.T.);
#3974 = ORIENTED_EDGE('',*,*,#2685,.F.);
#3975 = PLANE('',#3976);
#3976 = AXIS2_PLACEMENT_3D('',#3977,#3978,#3979);
#3977 = CARTESIAN_POINT('',(-3.115652173913,-4.59347826087,6.25));
#3978 = DIRECTION('',(-0.,-0.,-1.));
#3979 = DIRECTION('',(-1.,0.,0.));
#3980 = ADVANCED_FACE('',(#3981),#4000,.F.);
#3981 = FACE_BOUND('',#3982,.T.);
#3982 = EDGE_LOOP('',(#3983,#3991,#3992,#3993));
#3983 = ORIENTED_EDGE('',*,*,#3984,.F.);
#3984 = EDGE_CURVE('',#2700,#3985,#3987,.T.);
#3985 = VERTEX_POINT('',#3986);
#3986 = CARTESIAN_POINT('',(-5.01,-24.,9.5));
#3987 = LINE('',#3988,#3989);
#3988 = CARTESIAN_POINT('',(-5.9,-24.,8.61));
#3989 = VECTOR('',#3990,1.);
#3990 = DIRECTION('',(0.707106781187,0.,0.707106781187));
#3991 = ORIENTED_EDGE('',*,*,#2709,.T.);
#3992 = ORIENTED_EDGE('',*,*,#3984,.T.);
#3993 = ORIENTED_EDGE('',*,*,#3994,.F.);
#3994 = EDGE_CURVE('',#3985,#3985,#3995,.T.);
#3995 = CIRCLE('',#3996,2.49);
#3996 = AXIS2_PLACEMENT_3D('',#3997,#3998,#3999);
#3997 = CARTESIAN_POINT('',(-7.5,-24.,9.5));
#3998 = DIRECTION('',(0.,0.,-1.));
#3999 = DIRECTION('',(1.,0.,0.));
#4000 = CONICAL_SURFACE('',#4001,1.6,0.785398163397);
#4001 = AXIS2_PLACEMENT_3D('',#4002,#4003,#4004);
#4002 = CARTESIAN_POINT('',(-7.5,-24.,8.61));
#4003 = DIRECTION('',(0.,0.,1.));
#4004 = DIRECTION('',(1.,0.,0.));
#4005 = ADVANCED_FACE('',(#4006),#4012,.F.);
#4006 = FACE_BOUND('',#4007,.F.);
#4007 = EDGE_LOOP('',(#4008,#4009,#4010,#4011));
#4008 = ORIENTED_EDGE('',*,*,#3138,.T.);
#4009 = ORIENTED_EDGE('',*,*,#3089,.T.);
#4010 = ORIENTED_EDGE('',*,*,#3023,.T.);
#4011 = ORIENTED_EDGE('',*,*,#3965,.T.);
#4012 = PLANE('',#4013);
#4013 = AXIS2_PLACEMENT_3D('',#4014,#4015,#4016);
#4014 = CARTESIAN_POINT('',(-7.,-4.5,0.));
#4015 = DIRECTION('',(1.,0.,0.));
#4016 = DIRECTION('',(0.,0.,1.));
#4017 = ADVANCED_FACE('',(#4018),#4037,.F.);
#4018 = FACE_BOUND('',#4019,.T.);
#4019 = EDGE_LOOP('',(#4020,#4028,#4029,#4030));
#4020 = ORIENTED_EDGE('',*,*,#4021,.F.);
#4021 = EDGE_CURVE('',#3240,#4022,#4024,.T.);
#4022 = VERTEX_POINT('',#4023);
#4023 = CARTESIAN_POINT('',(2.49,10.,9.5));
#4024 = LINE('',#4025,#4026);
#4025 = CARTESIAN_POINT('',(1.6,10.,8.61));
#4026 = VECTOR('',#4027,1.);
#4027 = DIRECTION('',(0.707106781187,0.,0.707106781187));
#4028 = ORIENTED_EDGE('',*,*,#3249,.T.);
#4029 = ORIENTED_EDGE('',*,*,#4021,.T.);
#4030 = ORIENTED_EDGE('',*,*,#4031,.F.);
#4031 = EDGE_CURVE('',#4022,#4022,#4032,.T.);
#4032 = CIRCLE('',#4033,2.49);
#4033 = AXIS2_PLACEMENT_3D('',#4034,#4035,#4036);
#4034 = CARTESIAN_POINT('',(0.,10.,9.5));
#4035 = DIRECTION('',(0.,0.,-1.));
#4036 = DIRECTION('',(1.,0.,0.));
#4037 = CONICAL_SURFACE('',#4038,1.6,0.785398163397);
#4038 = AXIS2_PLACEMENT_3D('',#4039,#4040,#4041);
#4039 = CARTESIAN_POINT('',(0.,10.,8.61));
#4040 = DIRECTION('',(0.,0.,1.));
#4041 = DIRECTION('',(1.,0.,0.));
#4042 = ADVANCED_FACE('',(#4043,#4046),#4049,.T.);
#4043 = FACE_BOUND('',#4044,.T.);
#4044 = EDGE_LOOP('',(#4045));
#4045 = ORIENTED_EDGE('',*,*,#3994,.T.);
#4046 = FACE_BOUND('',#4047,.T.);
#4047 = EDGE_LOOP('',(#4048));
#4048 = ORIENTED_EDGE('',*,*,#3473,.T.);
#4049 = PLANE('',#4050);
#4050 = AXIS2_PLACEMENT_3D('',#4051,#4052,#4053);
#4051 = CARTESIAN_POINT('',(-1.367440132539E-16,-12.66666666666,9.5));
#4052 = DIRECTION('',(0.,0.,1.));
#4053 = DIRECTION('',(1.,0.,0.));
#4054 = ADVANCED_FACE('',(#4055,#4058),#4061,.T.);
#4055 = FACE_BOUND('',#4056,.T.);
#4056 = EDGE_LOOP('',(#4057));
#4057 = ORIENTED_EDGE('',*,*,#4031,.T.);
#4058 = FACE_BOUND('',#4059,.T.);
#4059 = EDGE_LOOP('',(#4060));
#4060 = ORIENTED_EDGE('',*,*,#3692,.T.);
#4061 = PLANE('',#4062);
#4062 = AXIS2_PLACEMENT_3D('',#4063,#4064,#4065);
#4063 = CARTESIAN_POINT('',(-1.367440132539E-16,-12.66666666666,9.5));
#4064 = DIRECTION('',(0.,0.,1.));
#4065 = DIRECTION('',(1.,0.,0.));
#4066 = ( GEOMETRIC_REPRESENTATION_CONTEXT(3) 
GLOBAL_UNCERTAINTY_ASSIGNED_CONTEXT((#4070)) 
GLOBAL_UNIT_ASSIGNED_CONTEXT((#4067,#4068,#4069)) REPRESENTATION_CONTEXT
('Context #1','3D Context with UNIT and UNCERTAINTY') );
#4067 = ( LENGTH_UNIT() NAMED_UNIT(*) SI_UNIT(.MILLI.,.METRE.) );
#4068 = ( NAMED_UNIT(*) PLANE_ANGLE_UNIT() SI_UNIT($,.RADIAN.) );
#4069 = ( NAMED_UNIT(*) SI_UNIT($,.STERADIAN.) SOLID_ANGLE_UNIT() );
#4070 = UNCERTAINTY_MEASURE_WITH_UNIT(LENGTH_MEASURE(1.E-03),#4067,
  'distance_accuracy_value','confusion accuracy');
#4071 = PRODUCT_RELATED_PRODUCT_CATEGORY('part',$,(#7));
#4072 = MECHANICAL_DESIGN_GEOMETRIC_PRESENTATION_REPRESENTATION('',(
    #4073),#4066);
#4073 = STYLED_ITEM('color',(#4074),#15);
#4074 = PRESENTATION_STYLE_ASSIGNMENT((#4075,#4081));
#4075 = SURFACE_STYLE_USAGE(.BOTH.,#4076);
#4076 = SURFACE_SIDE_STYLE('',(#4077));
#4077 = SURFACE_STYLE_FILL_AREA(#4078);
#4078 = FILL_AREA_STYLE('',(#4079));
#4079 = FILL_AREA_STYLE_COLOUR('',#4080);
#4080 = COLOUR_RGB('',0.447058818107,0.474509808674,0.501960817233);
#4081 = CURVE_STYLE('',#4082,POSITIVE_LENGTH_MEASURE(0.1),#4083);
#4082 = DRAUGHTING_PRE_DEFINED_CURVE_FONT('continuous');
#4083 = COLOUR_RGB('',9.803921802644E-02,9.803921802644E-02,
  9.803921802644E-02);
ENDSEC;
END-ISO-10303-21;
