ISO-10303-21;
HEADER;
FILE_DESCRIPTION(('FreeCAD Model'),'2;1');
FILE_NAME('Open CASCADE Shape Model','2026-06-07T20:33:02',(''),(''),
  'Open CASCADE STEP processor 7.8','FreeCAD','Unknown');
FILE_SCHEMA(('AUTOMOTIVE_DESIGN { 1 0 10303 214 1 1 1 1 }'));
ENDSEC;
DATA;
#1 = APPLICATION_PROTOCOL_DEFINITION('international standard',
  'automotive_design',2000,#2);
#2 = APPLICATION_CONTEXT(
  'core data for automotive mechanical design processes');
#3 = SHAPE_DEFINITION_REPRESENTATION(#4,#10);
#4 = PRODUCT_DEFINITION_SHAPE('','',#5);
#5 = PRODUCT_DEFINITION('design','',#6,#9);
#6 = PRODUCT_DEFINITION_FORMATION('','',#7);
#7 = PRODUCT('Bottom','Bottom','',(#8));
#8 = PRODUCT_CONTEXT('',#2,'mechanical');
#9 = PRODUCT_DEFINITION_CONTEXT('part definition',#2,'design');
#10 = ADVANCED_BREP_SHAPE_REPRESENTATION('',(#11,#15),#3649);
#11 = AXIS2_PLACEMENT_3D('',#12,#13,#14);
#12 = CARTESIAN_POINT('',(0.,0.,0.));
#13 = DIRECTION('',(0.,0.,1.));
#14 = DIRECTION('',(1.,0.,-0.));
#15 = MANIFOLD_SOLID_BREP('',#16);
#16 = CLOSED_SHELL('',(#17,#57,#159,#183,#252,#271,#468,#503,#535,#754,
    #768,#786,#810,#843,#861,#893,#905,#922,#974,#992,#1010,#1043,#1084,
    #1110,#1135,#1153,#1178,#1229,#1333,#1357,#1393,#1410,#1435,#1465,
    #1476,#1500,#1525,#1562,#1586,#1736,#1784,#1815,#1839,#1863,#1888,
    #1913,#1942,#1953,#1963,#1974,#2000,#2169,#2186,#2270,#2338,#2415,
    #2451,#2511,#2520,#2599,#2630,#2662,#2679,#2704,#2721,#2747,#2801,
    #2810,#2822,#2863,#2880,#2932,#2949,#2974,#2999,#3023,#3047,#3072,
    #3090,#3142,#3176,#3201,#3274,#3341,#3384,#3414,#3432,#3469,#3493,
    #3560,#3628,#3640));
#17 = ADVANCED_FACE('',(#18),#52,.F.);
#18 = FACE_BOUND('',#19,.T.);
#19 = EDGE_LOOP('',(#20,#30,#38,#46));
#20 = ORIENTED_EDGE('',*,*,#21,.F.);
#21 = EDGE_CURVE('',#22,#24,#26,.T.);
#22 = VERTEX_POINT('',#23);
#23 = CARTESIAN_POINT('',(2.861016889719,-36.4,-10.10270173551));
#24 = VERTEX_POINT('',#25);
#25 = CARTESIAN_POINT('',(0.,-36.4,-11.1478824721));
#26 = LINE('',#27,#28);
#27 = CARTESIAN_POINT('',(4.325,-36.4,-9.567882472104));
#28 = VECTOR('',#29,1.);
#29 = DIRECTION('',(-0.939285116321,7.619187150367E-17,-0.343137684113)
  );
#30 = ORIENTED_EDGE('',*,*,#31,.F.);
#31 = EDGE_CURVE('',#32,#22,#34,.T.);
#32 = VERTEX_POINT('',#33);
#33 = CARTESIAN_POINT('',(2.861016889719,-34.8,-10.10270173551));
#34 = LINE('',#35,#36);
#35 = CARTESIAN_POINT('',(2.861016889719,-36.4,-10.10270173551));
#36 = VECTOR('',#37,1.);
#37 = DIRECTION('',(-0.,-1.,-2.22044604925E-16));
#38 = ORIENTED_EDGE('',*,*,#39,.T.);
#39 = EDGE_CURVE('',#32,#40,#42,.T.);
#40 = VERTEX_POINT('',#41);
#41 = CARTESIAN_POINT('',(0.,-34.8,-11.1478824721));
#42 = LINE('',#43,#44);
#43 = CARTESIAN_POINT('',(4.325,-34.8,-9.567882472104));
#44 = VECTOR('',#45,1.);
#45 = DIRECTION('',(-0.939285116321,7.619187150367E-17,-0.343137684113)
  );
#46 = ORIENTED_EDGE('',*,*,#47,.F.);
#47 = EDGE_CURVE('',#24,#40,#48,.T.);
#48 = LINE('',#49,#50);
#49 = CARTESIAN_POINT('',(0.,-36.4,-11.1478824721));
#50 = VECTOR('',#51,1.);
#51 = DIRECTION('',(0.,1.,2.22044604925E-16));
#52 = PLANE('',#53);
#53 = AXIS2_PLACEMENT_3D('',#54,#55,#56);
#54 = CARTESIAN_POINT('',(4.325,-36.4,-9.567882472104));
#55 = DIRECTION('',(0.343137684113,2.085631925654E-16,-0.939285116321));
#56 = DIRECTION('',(0.939285116321,-7.619187150367E-17,0.343137684113));
#57 = ADVANCED_FACE('',(#58),#154,.T.);
#58 = FACE_BOUND('',#59,.F.);
#59 = EDGE_LOOP('',(#60,#71,#79,#88,#97,#105,#114,#122,#131,#140,#146,
    #147));
#60 = ORIENTED_EDGE('',*,*,#61,.F.);
#61 = EDGE_CURVE('',#62,#64,#66,.T.);
#62 = VERTEX_POINT('',#63);
#63 = CARTESIAN_POINT('',(10.5,-36.4,-8.082423619271E-15));
#64 = VERTEX_POINT('',#65);
#65 = CARTESIAN_POINT('',(4.325,-36.4,-9.567882472104));
#66 = CIRCLE('',#67,10.5);
#67 = AXIS2_PLACEMENT_3D('',#68,#69,#70);
#68 = CARTESIAN_POINT('',(0.,-36.4,-8.082423619271E-15));
#69 = DIRECTION('',(-0.,1.,2.22044604925E-16));
#70 = DIRECTION('',(1.,0.,0.));
#71 = ORIENTED_EDGE('',*,*,#72,.F.);
#72 = EDGE_CURVE('',#73,#62,#75,.T.);
#73 = VERTEX_POINT('',#74);
#74 = CARTESIAN_POINT('',(9.2,-36.4,-8.082423619271E-15));
#75 = LINE('',#76,#77);
#76 = CARTESIAN_POINT('',(0.839537255973,-36.4,-7.886505930168E-17));
#77 = VECTOR('',#78,1.);
#78 = DIRECTION('',(1.,0.,0.));
#79 = ORIENTED_EDGE('',*,*,#80,.T.);
#80 = EDGE_CURVE('',#73,#81,#83,.T.);
#81 = VERTEX_POINT('',#82);
#82 = CARTESIAN_POINT('',(4.365767901E-06,-36.4,-9.199999999999));
#83 = CIRCLE('',#84,9.2);
#84 = AXIS2_PLACEMENT_3D('',#85,#86,#87);
#85 = CARTESIAN_POINT('',(0.,-36.4,-8.082423619271E-15));
#86 = DIRECTION('',(-0.,1.,2.22044604925E-16));
#87 = DIRECTION('',(1.,0.,0.));
#88 = ORIENTED_EDGE('',*,*,#89,.T.);
#89 = EDGE_CURVE('',#81,#90,#92,.T.);
#90 = VERTEX_POINT('',#91);
#91 = CARTESIAN_POINT('',(0.,-36.4,-9.2));
#92 = CIRCLE('',#93,9.2);
#93 = AXIS2_PLACEMENT_3D('',#94,#95,#96);
#94 = CARTESIAN_POINT('',(0.,-36.4,-8.082423619271E-15));
#95 = DIRECTION('',(-0.,1.,2.22044604925E-16));
#96 = DIRECTION('',(1.,0.,0.));
#97 = ORIENTED_EDGE('',*,*,#98,.F.);
#98 = EDGE_CURVE('',#99,#90,#101,.T.);
#99 = VERTEX_POINT('',#100);
#100 = CARTESIAN_POINT('',(-4.366086008E-06,-36.4,-9.199999999999));
#101 = LINE('',#102,#103);
#102 = CARTESIAN_POINT('',(-4.36608600839E-06,-36.4,-9.199999999999));
#103 = VECTOR('',#104,1.);
#104 = DIRECTION('',(1.,0.,0.));
#105 = ORIENTED_EDGE('',*,*,#106,.T.);
#106 = EDGE_CURVE('',#99,#107,#109,.T.);
#107 = VERTEX_POINT('',#108);
#108 = CARTESIAN_POINT('',(-9.2,-36.4,-9.082423619271E-15));
#109 = CIRCLE('',#110,9.2);
#110 = AXIS2_PLACEMENT_3D('',#111,#112,#113);
#111 = CARTESIAN_POINT('',(0.,-36.4,-8.082423619271E-15));
#112 = DIRECTION('',(-0.,1.,2.22044604925E-16));
#113 = DIRECTION('',(1.,0.,0.));
#114 = ORIENTED_EDGE('',*,*,#115,.F.);
#115 = EDGE_CURVE('',#116,#107,#118,.T.);
#116 = VERTEX_POINT('',#117);
#117 = CARTESIAN_POINT('',(-10.5,-36.4,-4.242935152454E-17));
#118 = LINE('',#119,#120);
#119 = CARTESIAN_POINT('',(0.839537255973,-36.4,-7.886505930168E-17));
#120 = VECTOR('',#121,1.);
#121 = DIRECTION('',(1.,0.,0.));
#122 = ORIENTED_EDGE('',*,*,#123,.F.);
#123 = EDGE_CURVE('',#124,#116,#126,.T.);
#124 = VERTEX_POINT('',#125);
#125 = CARTESIAN_POINT('',(-4.325,-36.4,-9.567882472104));
#126 = CIRCLE('',#127,10.5);
#127 = AXIS2_PLACEMENT_3D('',#128,#129,#130);
#128 = CARTESIAN_POINT('',(0.,-36.4,-8.082423619271E-15));
#129 = DIRECTION('',(-0.,1.,2.22044604925E-16));
#130 = DIRECTION('',(1.,0.,0.));
#131 = ORIENTED_EDGE('',*,*,#132,.F.);
#132 = EDGE_CURVE('',#133,#124,#135,.T.);
#133 = VERTEX_POINT('',#134);
#134 = CARTESIAN_POINT('',(-2.861016889719,-36.4,-10.10270173551));
#135 = CIRCLE('',#136,10.5);
#136 = AXIS2_PLACEMENT_3D('',#137,#138,#139);
#137 = CARTESIAN_POINT('',(0.,-36.4,-8.082423619271E-15));
#138 = DIRECTION('',(-0.,1.,2.22044604925E-16));
#139 = DIRECTION('',(1.,0.,0.));
#140 = ORIENTED_EDGE('',*,*,#141,.F.);
#141 = EDGE_CURVE('',#24,#133,#142,.T.);
#142 = LINE('',#143,#144);
#143 = CARTESIAN_POINT('',(0.,-36.4,-11.1478824721));
#144 = VECTOR('',#145,1.);
#145 = DIRECTION('',(-0.939285116321,-7.619187150367E-17,0.343137684113)
  );
#146 = ORIENTED_EDGE('',*,*,#21,.F.);
#147 = ORIENTED_EDGE('',*,*,#148,.F.);
#148 = EDGE_CURVE('',#64,#22,#149,.T.);
#149 = CIRCLE('',#150,10.5);
#150 = AXIS2_PLACEMENT_3D('',#151,#152,#153);
#151 = CARTESIAN_POINT('',(0.,-36.4,-8.082423619271E-15));
#152 = DIRECTION('',(-0.,1.,2.22044604925E-16));
#153 = DIRECTION('',(1.,0.,0.));
#154 = PLANE('',#155);
#155 = AXIS2_PLACEMENT_3D('',#156,#157,#158);
#156 = CARTESIAN_POINT('',(-1.961914556985E-12,-36.4,-6.006646548478));
#157 = DIRECTION('',(0.,1.,0.));
#158 = DIRECTION('',(0.,0.,1.));
#159 = ADVANCED_FACE('',(#160),#178,.F.);
#160 = FACE_BOUND('',#161,.T.);
#161 = EDGE_LOOP('',(#162,#163,#164,#172));
#162 = ORIENTED_EDGE('',*,*,#141,.F.);
#163 = ORIENTED_EDGE('',*,*,#47,.T.);
#164 = ORIENTED_EDGE('',*,*,#165,.T.);
#165 = EDGE_CURVE('',#40,#166,#168,.T.);
#166 = VERTEX_POINT('',#167);
#167 = CARTESIAN_POINT('',(-2.861016889719,-34.8,-10.10270173551));
#168 = LINE('',#169,#170);
#169 = CARTESIAN_POINT('',(0.,-34.8,-11.1478824721));
#170 = VECTOR('',#171,1.);
#171 = DIRECTION('',(-0.939285116321,-7.619187150367E-17,0.343137684113)
  );
#172 = ORIENTED_EDGE('',*,*,#173,.T.);
#173 = EDGE_CURVE('',#166,#133,#174,.T.);
#174 = LINE('',#175,#176);
#175 = CARTESIAN_POINT('',(-2.861016889719,-36.4,-10.10270173551));
#176 = VECTOR('',#177,1.);
#177 = DIRECTION('',(-0.,-1.,-2.22044604925E-16));
#178 = PLANE('',#179);
#179 = AXIS2_PLACEMENT_3D('',#180,#181,#182);
#180 = CARTESIAN_POINT('',(0.,-36.4,-11.1478824721));
#181 = DIRECTION('',(-0.343137684113,2.085631925654E-16,-0.939285116321)
  );
#182 = DIRECTION('',(0.939285116321,7.619187150367E-17,-0.343137684113)
  );
#183 = ADVANCED_FACE('',(#184),#247,.T.);
#184 = FACE_BOUND('',#185,.F.);
#185 = EDGE_LOOP('',(#186,#197,#204,#205,#206,#215,#224,#232,#241));
#186 = ORIENTED_EDGE('',*,*,#187,.T.);
#187 = EDGE_CURVE('',#188,#190,#192,.T.);
#188 = VERTEX_POINT('',#189);
#189 = CARTESIAN_POINT('',(10.5,-34.8,-7.727152251391E-15));
#190 = VERTEX_POINT('',#191);
#191 = CARTESIAN_POINT('',(4.325,-34.8,-9.567882472104));
#192 = CIRCLE('',#193,10.5);
#193 = AXIS2_PLACEMENT_3D('',#194,#195,#196);
#194 = CARTESIAN_POINT('',(0.,-34.8,-7.727152251391E-15));
#195 = DIRECTION('',(-0.,1.,2.22044604925E-16));
#196 = DIRECTION('',(1.,0.,0.));
#197 = ORIENTED_EDGE('',*,*,#198,.T.);
#198 = EDGE_CURVE('',#190,#32,#199,.T.);
#199 = CIRCLE('',#200,10.5);
#200 = AXIS2_PLACEMENT_3D('',#201,#202,#203);
#201 = CARTESIAN_POINT('',(0.,-34.8,-7.727152251391E-15));
#202 = DIRECTION('',(-0.,1.,2.22044604925E-16));
#203 = DIRECTION('',(1.,0.,0.));
#204 = ORIENTED_EDGE('',*,*,#39,.T.);
#205 = ORIENTED_EDGE('',*,*,#165,.T.);
#206 = ORIENTED_EDGE('',*,*,#207,.T.);
#207 = EDGE_CURVE('',#166,#208,#210,.T.);
#208 = VERTEX_POINT('',#209);
#209 = CARTESIAN_POINT('',(-4.325,-34.8,-9.567882472104));
#210 = CIRCLE('',#211,10.5);
#211 = AXIS2_PLACEMENT_3D('',#212,#213,#214);
#212 = CARTESIAN_POINT('',(0.,-34.8,-7.727152251391E-15));
#213 = DIRECTION('',(-0.,1.,2.22044604925E-16));
#214 = DIRECTION('',(1.,0.,0.));
#215 = ORIENTED_EDGE('',*,*,#216,.T.);
#216 = EDGE_CURVE('',#208,#217,#219,.T.);
#217 = VERTEX_POINT('',#218);
#218 = CARTESIAN_POINT('',(-10.5,-34.8,3.128420163555E-16));
#219 = CIRCLE('',#220,10.5);
#220 = AXIS2_PLACEMENT_3D('',#221,#222,#223);
#221 = CARTESIAN_POINT('',(0.,-34.8,-7.727152251391E-15));
#222 = DIRECTION('',(-0.,1.,2.22044604925E-16));
#223 = DIRECTION('',(1.,0.,0.));
#224 = ORIENTED_EDGE('',*,*,#225,.T.);
#225 = EDGE_CURVE('',#217,#226,#228,.T.);
#226 = VERTEX_POINT('',#227);
#227 = CARTESIAN_POINT('',(-8.6,-34.8,-1.142014089237E-15));
#228 = LINE('',#229,#230);
#229 = CARTESIAN_POINT('',(0.839537255973,-34.8,-7.886505930168E-17));
#230 = VECTOR('',#231,1.);
#231 = DIRECTION('',(1.,0.,0.));
#232 = ORIENTED_EDGE('',*,*,#233,.F.);
#233 = EDGE_CURVE('',#234,#226,#236,.T.);
#234 = VERTEX_POINT('',#235);
#235 = CARTESIAN_POINT('',(8.6,-34.8,-7.727152251391E-15));
#236 = CIRCLE('',#237,8.6);
#237 = AXIS2_PLACEMENT_3D('',#238,#239,#240);
#238 = CARTESIAN_POINT('',(0.,-34.8,-7.727152251391E-15));
#239 = DIRECTION('',(-0.,1.,2.22044604925E-16));
#240 = DIRECTION('',(1.,0.,0.));
#241 = ORIENTED_EDGE('',*,*,#242,.T.);
#242 = EDGE_CURVE('',#234,#188,#243,.T.);
#243 = LINE('',#244,#245);
#244 = CARTESIAN_POINT('',(0.839537255973,-34.8,-7.886505930168E-17));
#245 = VECTOR('',#246,1.);
#246 = DIRECTION('',(1.,0.,0.));
#247 = PLANE('',#248);
#248 = AXIS2_PLACEMENT_3D('',#249,#250,#251);
#249 = CARTESIAN_POINT('',(6.229171236911E-16,-34.8,-5.592898312291));
#250 = DIRECTION('',(0.,-1.,0.));
#251 = DIRECTION('',(0.,0.,-1.));
#252 = ADVANCED_FACE('',(#253),#266,.F.);
#253 = FACE_BOUND('',#254,.T.);
#254 = EDGE_LOOP('',(#255,#256,#257,#258,#264,#265));
#255 = ORIENTED_EDGE('',*,*,#31,.T.);
#256 = ORIENTED_EDGE('',*,*,#148,.F.);
#257 = ORIENTED_EDGE('',*,*,#61,.F.);
#258 = ORIENTED_EDGE('',*,*,#259,.T.);
#259 = EDGE_CURVE('',#62,#188,#260,.T.);
#260 = LINE('',#261,#262);
#261 = CARTESIAN_POINT('',(10.5,-36.4,-8.082423619271E-15));
#262 = VECTOR('',#263,1.);
#263 = DIRECTION('',(0.,1.,2.22044604925E-16));
#264 = ORIENTED_EDGE('',*,*,#187,.T.);
#265 = ORIENTED_EDGE('',*,*,#198,.T.);
#266 = CYLINDRICAL_SURFACE('',#267,10.5);
#267 = AXIS2_PLACEMENT_3D('',#268,#269,#270);
#268 = CARTESIAN_POINT('',(0.,-36.4,-8.082423619271E-15));
#269 = DIRECTION('',(-0.,-1.,-2.22044604925E-16));
#270 = DIRECTION('',(1.,0.,0.));
#271 = ADVANCED_FACE('',(#272,#452),#463,.T.);
#272 = FACE_BOUND('',#273,.F.);
#273 = EDGE_LOOP('',(#274,#284,#292,#300,#308,#316,#324,#332,#340,#348,
    #356,#364,#372,#380,#389,#397,#405,#413,#421,#427,#428,#429,#430,
    #438,#446));
#274 = ORIENTED_EDGE('',*,*,#275,.F.);
#275 = EDGE_CURVE('',#276,#278,#280,.T.);
#276 = VERTEX_POINT('',#277);
#277 = CARTESIAN_POINT('',(5.,-25.6,-6.315935428979E-15));
#278 = VERTEX_POINT('',#279);
#279 = CARTESIAN_POINT('',(9.,-31.75945985525,-5.684341886081E-15));
#280 = LINE('',#281,#282);
#281 = CARTESIAN_POINT('',(0.,-17.90067518092,-7.105427357601E-15));
#282 = VECTOR('',#283,1.);
#283 = DIRECTION('',(0.544639035015,-0.838670567945,0.));
#284 = ORIENTED_EDGE('',*,*,#285,.T.);
#285 = EDGE_CURVE('',#276,#286,#288,.T.);
#286 = VERTEX_POINT('',#287);
#287 = CARTESIAN_POINT('',(2.6,-25.6,0.));
#288 = LINE('',#289,#290);
#289 = CARTESIAN_POINT('',(9.,-25.6,-5.834341886081E-15));
#290 = VECTOR('',#291,1.);
#291 = DIRECTION('',(-1.,-2.22044604925E-33,1.E-17));
#292 = ORIENTED_EDGE('',*,*,#293,.T.);
#293 = EDGE_CURVE('',#286,#294,#296,.T.);
#294 = VERTEX_POINT('',#295);
#295 = CARTESIAN_POINT('',(2.6,-23.6,0.));
#296 = LINE('',#297,#298);
#297 = CARTESIAN_POINT('',(2.6,-19.05981539869,0.));
#298 = VECTOR('',#299,1.);
#299 = DIRECTION('',(0.,1.,0.));
#300 = ORIENTED_EDGE('',*,*,#301,.F.);
#301 = EDGE_CURVE('',#302,#294,#304,.T.);
#302 = VERTEX_POINT('',#303);
#303 = CARTESIAN_POINT('',(4.6,-23.6,-5.240252676231E-15));
#304 = LINE('',#305,#306);
#305 = CARTESIAN_POINT('',(-4.029521955227E-16,-23.6,0.));
#306 = VECTOR('',#307,1.);
#307 = DIRECTION('',(-1.,-0.,-0.));
#308 = ORIENTED_EDGE('',*,*,#309,.T.);
#309 = EDGE_CURVE('',#302,#310,#312,.T.);
#310 = VERTEX_POINT('',#311);
#311 = CARTESIAN_POINT('',(4.6,-21.6,-4.796163466381E-15));
#312 = LINE('',#313,#314);
#313 = CARTESIAN_POINT('',(4.6,-23.6,-5.240252676231E-15));
#314 = VECTOR('',#315,1.);
#315 = DIRECTION('',(0.,1.,2.22044604925E-16));
#316 = ORIENTED_EDGE('',*,*,#317,.T.);
#317 = EDGE_CURVE('',#310,#318,#320,.T.);
#318 = VERTEX_POINT('',#319);
#319 = CARTESIAN_POINT('',(3.5,-21.6,-4.796163466381E-15));
#320 = LINE('',#321,#322);
#321 = CARTESIAN_POINT('',(-4.029521955227E-16,-21.6,0.));
#322 = VECTOR('',#323,1.);
#323 = DIRECTION('',(-1.,-0.,-0.));
#324 = ORIENTED_EDGE('',*,*,#325,.T.);
#325 = EDGE_CURVE('',#318,#326,#328,.T.);
#326 = VERTEX_POINT('',#327);
#327 = CARTESIAN_POINT('',(3.5,-20.,-4.440892098501E-15));
#328 = LINE('',#329,#330);
#329 = CARTESIAN_POINT('',(3.5,-21.6,-4.796163466381E-15));
#330 = VECTOR('',#331,1.);
#331 = DIRECTION('',(0.,1.,2.22044604925E-16));
#332 = ORIENTED_EDGE('',*,*,#333,.F.);
#333 = EDGE_CURVE('',#334,#326,#336,.T.);
#334 = VERTEX_POINT('',#335);
#335 = CARTESIAN_POINT('',(16.,-20.,0.));
#336 = LINE('',#337,#338);
#337 = CARTESIAN_POINT('',(2.75,-20.,0.));
#338 = VECTOR('',#339,1.);
#339 = DIRECTION('',(-1.,-0.,-0.));
#340 = ORIENTED_EDGE('',*,*,#341,.T.);
#341 = EDGE_CURVE('',#334,#342,#344,.T.);
#342 = VERTEX_POINT('',#343);
#343 = CARTESIAN_POINT('',(16.,-13.5,0.));
#344 = LINE('',#345,#346);
#345 = CARTESIAN_POINT('',(16.,-16.25981539869,0.));
#346 = VECTOR('',#347,1.);
#347 = DIRECTION('',(0.,1.,0.));
#348 = ORIENTED_EDGE('',*,*,#349,.F.);
#349 = EDGE_CURVE('',#350,#342,#352,.T.);
#350 = VERTEX_POINT('',#351);
#351 = CARTESIAN_POINT('',(21.,-13.5,-4.9E-16));
#352 = LINE('',#353,#354);
#353 = CARTESIAN_POINT('',(12.,-13.5,-7.886505930168E-17));
#354 = VECTOR('',#355,1.);
#355 = DIRECTION('',(-1.,0.,0.));
#356 = ORIENTED_EDGE('',*,*,#357,.F.);
#357 = EDGE_CURVE('',#358,#350,#360,.T.);
#358 = VERTEX_POINT('',#359);
#359 = CARTESIAN_POINT('',(21.,-15.5,-1.E-15));
#360 = LINE('',#361,#362);
#361 = CARTESIAN_POINT('',(21.,-15.5,-6.1E-16));
#362 = VECTOR('',#363,1.);
#363 = DIRECTION('',(0.,1.,6.E-17));
#364 = ORIENTED_EDGE('',*,*,#365,.F.);
#365 = EDGE_CURVE('',#366,#358,#368,.T.);
#366 = VERTEX_POINT('',#367);
#367 = CARTESIAN_POINT('',(18.,-15.5,-5.E-16));
#368 = LINE('',#369,#370);
#369 = CARTESIAN_POINT('',(16.,-15.5,-1.E-15));
#370 = VECTOR('',#371,1.);
#371 = DIRECTION('',(1.,0.,0.));
#372 = ORIENTED_EDGE('',*,*,#373,.T.);
#373 = EDGE_CURVE('',#366,#374,#376,.T.);
#374 = VERTEX_POINT('',#375);
#375 = CARTESIAN_POINT('',(18.,-16.74439765304,0.));
#376 = LINE('',#377,#378);
#377 = CARTESIAN_POINT('',(18.,2.5,0.));
#378 = VECTOR('',#379,1.);
#379 = DIRECTION('',(-0.,-1.,-0.));
#380 = ORIENTED_EDGE('',*,*,#381,.T.);
#381 = EDGE_CURVE('',#374,#382,#384,.T.);
#382 = VERTEX_POINT('',#383);
#383 = CARTESIAN_POINT('',(17.812659454885,-18.23200985436,0.));
#384 = CIRCLE('',#385,6.);
#385 = AXIS2_PLACEMENT_3D('',#386,#387,#388);
#386 = CARTESIAN_POINT('',(12.,-16.74439765304,0.));
#387 = DIRECTION('',(0.,0.,-1.));
#388 = DIRECTION('',(0.,1.,0.));
#389 = ORIENTED_EDGE('',*,*,#390,.T.);
#390 = EDGE_CURVE('',#382,#391,#393,.T.);
#391 = VERTEX_POINT('',#392);
#392 = CARTESIAN_POINT('',(12.5,-38.99056519796,0.));
#393 = LINE('',#394,#395);
#394 = CARTESIAN_POINT('',(18.,-17.5,0.));
#395 = VECTOR('',#396,1.);
#396 = DIRECTION('',(-0.247935366888,-0.968776575814,-0.));
#397 = ORIENTED_EDGE('',*,*,#398,.T.);
#398 = EDGE_CURVE('',#391,#399,#401,.T.);
#399 = VERTEX_POINT('',#400);
#400 = CARTESIAN_POINT('',(8.,-38.99056519796,-4.328822322593E-15));
#401 = LINE('',#402,#403);
#402 = CARTESIAN_POINT('',(12.5,-38.99056519796,0.));
#403 = VECTOR('',#404,1.);
#404 = DIRECTION('',(-1.,-0.,-0.));
#405 = ORIENTED_EDGE('',*,*,#406,.T.);
#406 = EDGE_CURVE('',#399,#407,#409,.T.);
#407 = VERTEX_POINT('',#408);
#408 = CARTESIAN_POINT('',(8.,-38.,-8.437694987151E-15));
#409 = LINE('',#410,#411);
#410 = CARTESIAN_POINT('',(8.,-40.,-8.881784197001E-15));
#411 = VECTOR('',#412,1.);
#412 = DIRECTION('',(0.,1.,2.22044604925E-16));
#413 = ORIENTED_EDGE('',*,*,#414,.F.);
#414 = EDGE_CURVE('',#415,#407,#417,.T.);
#415 = VERTEX_POINT('',#416);
#416 = CARTESIAN_POINT('',(9.2,-38.,-8.437694987151E-15));
#417 = LINE('',#418,#419);
#418 = CARTESIAN_POINT('',(9.2,-38.,-8.447694987151E-15));
#419 = VECTOR('',#420,1.);
#420 = DIRECTION('',(-1.,0.,-0.));
#421 = ORIENTED_EDGE('',*,*,#422,.T.);
#422 = EDGE_CURVE('',#415,#73,#423,.T.);
#423 = LINE('',#424,#425);
#424 = CARTESIAN_POINT('',(9.2,-38.,-8.437694987151E-15));
#425 = VECTOR('',#426,1.);
#426 = DIRECTION('',(0.,1.,2.22044604925E-16));
#427 = ORIENTED_EDGE('',*,*,#72,.T.);
#428 = ORIENTED_EDGE('',*,*,#259,.T.);
#429 = ORIENTED_EDGE('',*,*,#242,.F.);
#430 = ORIENTED_EDGE('',*,*,#431,.T.);
#431 = EDGE_CURVE('',#234,#432,#434,.T.);
#432 = VERTEX_POINT('',#433);
#433 = CARTESIAN_POINT('',(8.6,-32.6,-7.311654120556E-15));
#434 = LINE('',#435,#436);
#435 = CARTESIAN_POINT('',(8.6,-34.8,-7.727152251391E-15));
#436 = VECTOR('',#437,1.);
#437 = DIRECTION('',(0.,1.,2.22044604925E-16));
#438 = ORIENTED_EDGE('',*,*,#439,.F.);
#439 = EDGE_CURVE('',#440,#432,#442,.T.);
#440 = VERTEX_POINT('',#441);
#441 = CARTESIAN_POINT('',(9.,-32.6,-7.238654120556E-15));
#442 = LINE('',#443,#444);
#443 = CARTESIAN_POINT('',(9.,-32.6,-7.388654120556E-15));
#444 = VECTOR('',#445,1.);
#445 = DIRECTION('',(-1.,-2.22044604925E-33,1.E-17));
#446 = ORIENTED_EDGE('',*,*,#447,.T.);
#447 = EDGE_CURVE('',#440,#278,#448,.T.);
#448 = LINE('',#449,#450);
#449 = CARTESIAN_POINT('',(9.,-32.6,-7.238654120556E-15));
#450 = VECTOR('',#451,1.);
#451 = DIRECTION('',(0.,1.,2.22044604925E-16));
#452 = FACE_BOUND('',#453,.F.);
#453 = EDGE_LOOP('',(#454));
#454 = ORIENTED_EDGE('',*,*,#455,.T.);
#455 = EDGE_CURVE('',#456,#456,#458,.T.);
#456 = VERTEX_POINT('',#457);
#457 = CARTESIAN_POINT('',(9.5,-24.,0.));
#458 = CIRCLE('',#459,2.);
#459 = AXIS2_PLACEMENT_3D('',#460,#461,#462);
#460 = CARTESIAN_POINT('',(7.5,-24.,0.));
#461 = DIRECTION('',(0.,0.,1.));
#462 = DIRECTION('',(1.,0.,0.));
#463 = PLANE('',#464);
#464 = AXIS2_PLACEMENT_3D('',#465,#466,#467);
#465 = CARTESIAN_POINT('',(1.679074511946,-10.60317897163,
    -7.886505930168E-17));
#466 = DIRECTION('',(0.,0.,1.));
#467 = DIRECTION('',(1.,0.,0.));
#468 = ADVANCED_FACE('',(#469),#498,.F.);
#469 = FACE_BOUND('',#470,.T.);
#470 = EDGE_LOOP('',(#471,#479,#488,#495,#496,#497));
#471 = ORIENTED_EDGE('',*,*,#472,.F.);
#472 = EDGE_CURVE('',#473,#90,#475,.T.);
#473 = VERTEX_POINT('',#474);
#474 = CARTESIAN_POINT('',(0.,-38.,-9.2));
#475 = LINE('',#476,#477);
#476 = CARTESIAN_POINT('',(0.,-38.,-9.200000000001));
#477 = VECTOR('',#478,1.);
#478 = DIRECTION('',(0.,1.,2.22044604925E-16));
#479 = ORIENTED_EDGE('',*,*,#480,.F.);
#480 = EDGE_CURVE('',#481,#473,#483,.T.);
#481 = VERTEX_POINT('',#482);
#482 = CARTESIAN_POINT('',(4.365767901E-06,-38.,-9.199999999999));
#483 = CIRCLE('',#484,9.2);
#484 = AXIS2_PLACEMENT_3D('',#485,#486,#487);
#485 = CARTESIAN_POINT('',(0.,-38.,-8.437694987151E-15));
#486 = DIRECTION('',(-0.,1.,2.22044604925E-16));
#487 = DIRECTION('',(1.,0.,0.));
#488 = ORIENTED_EDGE('',*,*,#489,.F.);
#489 = EDGE_CURVE('',#415,#481,#490,.T.);
#490 = CIRCLE('',#491,9.2);
#491 = AXIS2_PLACEMENT_3D('',#492,#493,#494);
#492 = CARTESIAN_POINT('',(0.,-38.,-8.437694987151E-15));
#493 = DIRECTION('',(-0.,1.,2.22044604925E-16));
#494 = DIRECTION('',(1.,0.,0.));
#495 = ORIENTED_EDGE('',*,*,#422,.T.);
#496 = ORIENTED_EDGE('',*,*,#80,.T.);
#497 = ORIENTED_EDGE('',*,*,#89,.T.);
#498 = CYLINDRICAL_SURFACE('',#499,9.2);
#499 = AXIS2_PLACEMENT_3D('',#500,#501,#502);
#500 = CARTESIAN_POINT('',(0.,-38.,-8.437694987151E-15));
#501 = DIRECTION('',(-0.,-1.,-2.22044604925E-16));
#502 = DIRECTION('',(1.,0.,0.));
#503 = ADVANCED_FACE('',(#504),#530,.F.);
#504 = FACE_BOUND('',#505,.T.);
#505 = EDGE_LOOP('',(#506,#517,#523,#524));
#506 = ORIENTED_EDGE('',*,*,#507,.F.);
#507 = EDGE_CURVE('',#508,#510,#512,.T.);
#508 = VERTEX_POINT('',#509);
#509 = CARTESIAN_POINT('',(-4.366086008E-06,-38.,-9.199999999999));
#510 = VERTEX_POINT('',#511);
#511 = CARTESIAN_POINT('',(-9.2,-38.,-9.437694987151E-15));
#512 = CIRCLE('',#513,9.2);
#513 = AXIS2_PLACEMENT_3D('',#514,#515,#516);
#514 = CARTESIAN_POINT('',(0.,-38.,-8.437694987151E-15));
#515 = DIRECTION('',(-0.,1.,2.22044604925E-16));
#516 = DIRECTION('',(1.,0.,0.));
#517 = ORIENTED_EDGE('',*,*,#518,.T.);
#518 = EDGE_CURVE('',#508,#99,#519,.T.);
#519 = LINE('',#520,#521);
#520 = CARTESIAN_POINT('',(-4.366086008E-06,-38.,-9.199999999999));
#521 = VECTOR('',#522,1.);
#522 = DIRECTION('',(0.,1.,2.22044604925E-16));
#523 = ORIENTED_EDGE('',*,*,#106,.T.);
#524 = ORIENTED_EDGE('',*,*,#525,.F.);
#525 = EDGE_CURVE('',#510,#107,#526,.T.);
#526 = LINE('',#527,#528);
#527 = CARTESIAN_POINT('',(-9.2,-38.,-9.437694987151E-15));
#528 = VECTOR('',#529,1.);
#529 = DIRECTION('',(0.,1.,2.22044604925E-16));
#530 = CYLINDRICAL_SURFACE('',#531,9.2);
#531 = AXIS2_PLACEMENT_3D('',#532,#533,#534);
#532 = CARTESIAN_POINT('',(0.,-38.,-8.437694987151E-15));
#533 = DIRECTION('',(-0.,-1.,-2.22044604925E-16));
#534 = DIRECTION('',(1.,0.,0.));
#535 = ADVANCED_FACE('',(#536,#738),#749,.T.);
#536 = FACE_BOUND('',#537,.F.);
#537 = EDGE_LOOP('',(#538,#546,#547,#553,#554,#555,#563,#571,#579,#587,
    #596,#604,#612,#620,#628,#636,#644,#652,#660,#668,#676,#684,#692,
    #700,#708,#716,#724,#732));
#538 = ORIENTED_EDGE('',*,*,#539,.T.);
#539 = EDGE_CURVE('',#540,#226,#542,.T.);
#540 = VERTEX_POINT('',#541);
#541 = CARTESIAN_POINT('',(-8.6,-32.6,-7.212654120556E-15));
#542 = LINE('',#543,#544);
#543 = CARTESIAN_POINT('',(-8.6,-34.8,-7.886505930168E-17));
#544 = VECTOR('',#545,1.);
#545 = DIRECTION('',(-0.,-1.,-2.22044604925E-16));
#546 = ORIENTED_EDGE('',*,*,#225,.F.);
#547 = ORIENTED_EDGE('',*,*,#548,.T.);
#548 = EDGE_CURVE('',#217,#116,#549,.T.);
#549 = LINE('',#550,#551);
#550 = CARTESIAN_POINT('',(-10.5,-36.4,-7.886505930168E-17));
#551 = VECTOR('',#552,1.);
#552 = DIRECTION('',(-0.,-1.,-2.22044604925E-16));
#553 = ORIENTED_EDGE('',*,*,#115,.T.);
#554 = ORIENTED_EDGE('',*,*,#525,.F.);
#555 = ORIENTED_EDGE('',*,*,#556,.F.);
#556 = EDGE_CURVE('',#557,#510,#559,.T.);
#557 = VERTEX_POINT('',#558);
#558 = CARTESIAN_POINT('',(-8.,-38.,8.656230501285E-14));
#559 = LINE('',#560,#561);
#560 = CARTESIAN_POINT('',(9.2,-38.,-8.447694987151E-15));
#561 = VECTOR('',#562,1.);
#562 = DIRECTION('',(-1.,0.,-0.));
#563 = ORIENTED_EDGE('',*,*,#564,.F.);
#564 = EDGE_CURVE('',#565,#557,#567,.T.);
#565 = VERTEX_POINT('',#566);
#566 = CARTESIAN_POINT('',(-8.,-38.99056519796,4.317117767741E-14));
#567 = LINE('',#568,#569);
#568 = CARTESIAN_POINT('',(-8.,-40.,8.6118215803E-14));
#569 = VECTOR('',#570,1.);
#570 = DIRECTION('',(0.,1.,2.22044604925E-16));
#571 = ORIENTED_EDGE('',*,*,#572,.T.);
#572 = EDGE_CURVE('',#565,#573,#575,.T.);
#573 = VERTEX_POINT('',#574);
#574 = CARTESIAN_POINT('',(-12.5,-38.99056519796,0.));
#575 = LINE('',#576,#577);
#576 = CARTESIAN_POINT('',(12.5,-38.99056519796,0.));
#577 = VECTOR('',#578,1.);
#578 = DIRECTION('',(-1.,-0.,-0.));
#579 = ORIENTED_EDGE('',*,*,#580,.T.);
#580 = EDGE_CURVE('',#573,#581,#583,.T.);
#581 = VERTEX_POINT('',#582);
#582 = CARTESIAN_POINT('',(-17.81265945488,-18.23200985436,0.));
#583 = LINE('',#584,#585);
#584 = CARTESIAN_POINT('',(-12.5,-38.99056519796,0.));
#585 = VECTOR('',#586,1.);
#586 = DIRECTION('',(-0.247935366888,0.968776575814,0.));
#587 = ORIENTED_EDGE('',*,*,#588,.F.);
#588 = EDGE_CURVE('',#589,#581,#591,.T.);
#589 = VERTEX_POINT('',#590);
#590 = CARTESIAN_POINT('',(-18.,-16.74439765304,0.));
#591 = CIRCLE('',#592,6.);
#592 = AXIS2_PLACEMENT_3D('',#593,#594,#595);
#593 = CARTESIAN_POINT('',(-12.,-16.74439765304,0.));
#594 = DIRECTION('',(0.,0.,1.));
#595 = DIRECTION('',(-0.,-1.,-0.));
#596 = ORIENTED_EDGE('',*,*,#597,.T.);
#597 = EDGE_CURVE('',#589,#598,#600,.T.);
#598 = VERTEX_POINT('',#599);
#599 = CARTESIAN_POINT('',(-18.,-16.5,0.));
#600 = LINE('',#601,#602);
#601 = CARTESIAN_POINT('',(-18.,-17.5,0.));
#602 = VECTOR('',#603,1.);
#603 = DIRECTION('',(0.,1.,0.));
#604 = ORIENTED_EDGE('',*,*,#605,.F.);
#605 = EDGE_CURVE('',#606,#598,#608,.T.);
#606 = VERTEX_POINT('',#607);
#607 = CARTESIAN_POINT('',(-14.3,-16.5,0.));
#608 = LINE('',#609,#610);
#609 = CARTESIAN_POINT('',(-18.5,-16.5,0.));
#610 = VECTOR('',#611,1.);
#611 = DIRECTION('',(-1.,0.,0.));
#612 = ORIENTED_EDGE('',*,*,#613,.F.);
#613 = EDGE_CURVE('',#614,#606,#616,.T.);
#614 = VERTEX_POINT('',#615);
#615 = CARTESIAN_POINT('',(-10.,-16.5,0.));
#616 = LINE('',#617,#618);
#617 = CARTESIAN_POINT('',(-7.15,-16.5,0.));
#618 = VECTOR('',#619,1.);
#619 = DIRECTION('',(-1.,-0.,-0.));
#620 = ORIENTED_EDGE('',*,*,#621,.F.);
#621 = EDGE_CURVE('',#622,#614,#624,.T.);
#622 = VERTEX_POINT('',#623);
#623 = CARTESIAN_POINT('',(-10.,-21.,0.));
#624 = LINE('',#625,#626);
#625 = CARTESIAN_POINT('',(-10.,-8.509815398698,0.));
#626 = VECTOR('',#627,1.);
#627 = DIRECTION('',(0.,1.,0.));
#628 = ORIENTED_EDGE('',*,*,#629,.F.);
#629 = EDGE_CURVE('',#630,#622,#632,.T.);
#630 = VERTEX_POINT('',#631);
#631 = CARTESIAN_POINT('',(-5.5,-21.,0.));
#632 = LINE('',#633,#634);
#633 = CARTESIAN_POINT('',(-5.,-21.,0.));
#634 = VECTOR('',#635,1.);
#635 = DIRECTION('',(-1.,-0.,-0.));
#636 = ORIENTED_EDGE('',*,*,#637,.T.);
#637 = EDGE_CURVE('',#630,#638,#640,.T.);
#638 = VERTEX_POINT('',#639);
#639 = CARTESIAN_POINT('',(-5.5,-16.5,0.));
#640 = LINE('',#641,#642);
#641 = CARTESIAN_POINT('',(-5.5,-21.,0.));
#642 = VECTOR('',#643,1.);
#643 = DIRECTION('',(0.,1.,0.));
#644 = ORIENTED_EDGE('',*,*,#645,.F.);
#645 = EDGE_CURVE('',#646,#638,#648,.T.);
#646 = VERTEX_POINT('',#647);
#647 = CARTESIAN_POINT('',(-5.,-16.5,0.));
#648 = LINE('',#649,#650);
#649 = CARTESIAN_POINT('',(-7.15,-16.5,0.));
#650 = VECTOR('',#651,1.);
#651 = DIRECTION('',(-1.,-0.,-0.));
#652 = ORIENTED_EDGE('',*,*,#653,.T.);
#653 = EDGE_CURVE('',#646,#654,#656,.T.);
#654 = VERTEX_POINT('',#655);
#655 = CARTESIAN_POINT('',(-5.,-20.,0.));
#656 = LINE('',#657,#658);
#657 = CARTESIAN_POINT('',(-5.,-16.25981539869,0.));
#658 = VECTOR('',#659,1.);
#659 = DIRECTION('',(-0.,-1.,-0.));
#660 = ORIENTED_EDGE('',*,*,#661,.F.);
#661 = EDGE_CURVE('',#662,#654,#664,.T.);
#662 = VERTEX_POINT('',#663);
#663 = CARTESIAN_POINT('',(-3.5,-20.,3.552713678801E-16));
#664 = LINE('',#665,#666);
#665 = CARTESIAN_POINT('',(2.75,-20.,0.));
#666 = VECTOR('',#667,1.);
#667 = DIRECTION('',(-1.,-0.,-0.));
#668 = ORIENTED_EDGE('',*,*,#669,.T.);
#669 = EDGE_CURVE('',#662,#670,#672,.T.);
#670 = VERTEX_POINT('',#671);
#671 = CARTESIAN_POINT('',(-3.5,-21.6,9.142349526271E-14));
#672 = LINE('',#673,#674);
#673 = CARTESIAN_POINT('',(-3.5,-21.6,0.));
#674 = VECTOR('',#675,1.);
#675 = DIRECTION('',(-0.,-1.,-2.22044604925E-16));
#676 = ORIENTED_EDGE('',*,*,#677,.T.);
#677 = EDGE_CURVE('',#670,#678,#680,.T.);
#678 = VERTEX_POINT('',#679);
#679 = CARTESIAN_POINT('',(-4.6,-21.6,-1.273880263368E-15));
#680 = LINE('',#681,#682);
#681 = CARTESIAN_POINT('',(-4.029521955227E-16,-21.6,0.));
#682 = VECTOR('',#683,1.);
#683 = DIRECTION('',(-1.,-0.,-0.));
#684 = ORIENTED_EDGE('',*,*,#685,.T.);
#685 = EDGE_CURVE('',#678,#686,#688,.T.);
#686 = VERTEX_POINT('',#687);
#687 = CARTESIAN_POINT('',(-4.6,-23.6,3.248408920923E-16));
#688 = LINE('',#689,#690);
#689 = CARTESIAN_POINT('',(-4.6,-23.6,0.));
#690 = VECTOR('',#691,1.);
#691 = DIRECTION('',(-0.,-1.,-2.22044604925E-16));
#692 = ORIENTED_EDGE('',*,*,#693,.F.);
#693 = EDGE_CURVE('',#694,#686,#696,.T.);
#694 = VERTEX_POINT('',#695);
#695 = CARTESIAN_POINT('',(-2.6,-23.6,0.));
#696 = LINE('',#697,#698);
#697 = CARTESIAN_POINT('',(-4.029521955227E-16,-23.6,0.));
#698 = VECTOR('',#699,1.);
#699 = DIRECTION('',(-1.,-0.,-0.));
#700 = ORIENTED_EDGE('',*,*,#701,.T.);
#701 = EDGE_CURVE('',#694,#702,#704,.T.);
#702 = VERTEX_POINT('',#703);
#703 = CARTESIAN_POINT('',(-2.6,-25.6,0.));
#704 = LINE('',#705,#706);
#705 = CARTESIAN_POINT('',(-2.6,-19.05981539869,0.));
#706 = VECTOR('',#707,1.);
#707 = DIRECTION('',(-0.,-1.,-0.));
#708 = ORIENTED_EDGE('',*,*,#709,.T.);
#709 = EDGE_CURVE('',#702,#710,#712,.T.);
#710 = VERTEX_POINT('',#711);
#711 = CARTESIAN_POINT('',(-5.,-25.6,-8.507242685797E-15));
#712 = LINE('',#713,#714);
#713 = CARTESIAN_POINT('',(9.,-25.6,-5.834341886081E-15));
#714 = VECTOR('',#715,1.);
#715 = DIRECTION('',(-1.,-2.22044604925E-33,1.E-17));
#716 = ORIENTED_EDGE('',*,*,#717,.T.);
#717 = EDGE_CURVE('',#710,#718,#720,.T.);
#718 = VERTEX_POINT('',#719);
#719 = CARTESIAN_POINT('',(-9.,-31.75945985525,-1.635089171053E-15));
#720 = LINE('',#721,#722);
#721 = CARTESIAN_POINT('',(0.,-17.90067518092,-7.105427357601E-15));
#722 = VECTOR('',#723,1.);
#723 = DIRECTION('',(-0.544639035015,-0.838670567945,-0.));
#724 = ORIENTED_EDGE('',*,*,#725,.F.);
#725 = EDGE_CURVE('',#726,#718,#728,.T.);
#726 = VERTEX_POINT('',#727);
#727 = CARTESIAN_POINT('',(-9.,-32.6,-6.238654120556E-15));
#728 = LINE('',#729,#730);
#729 = CARTESIAN_POINT('',(-9.,-32.6,-6.238654120556E-15));
#730 = VECTOR('',#731,1.);
#731 = DIRECTION('',(0.,1.,2.22044604925E-16));
#732 = ORIENTED_EDGE('',*,*,#733,.F.);
#733 = EDGE_CURVE('',#540,#726,#734,.T.);
#734 = LINE('',#735,#736);
#735 = CARTESIAN_POINT('',(9.,-32.6,-7.388654120556E-15));
#736 = VECTOR('',#737,1.);
#737 = DIRECTION('',(-1.,-2.22044604925E-33,1.E-17));
#738 = FACE_BOUND('',#739,.F.);
#739 = EDGE_LOOP('',(#740));
#740 = ORIENTED_EDGE('',*,*,#741,.T.);
#741 = EDGE_CURVE('',#742,#742,#744,.T.);
#742 = VERTEX_POINT('',#743);
#743 = CARTESIAN_POINT('',(-5.5,-24.,0.));
#744 = CIRCLE('',#745,2.);
#745 = AXIS2_PLACEMENT_3D('',#746,#747,#748);
#746 = CARTESIAN_POINT('',(-7.5,-24.,0.));
#747 = DIRECTION('',(0.,0.,1.));
#748 = DIRECTION('',(1.,0.,0.));
#749 = PLANE('',#750);
#750 = AXIS2_PLACEMENT_3D('',#751,#752,#753);
#751 = CARTESIAN_POINT('',(1.679074511946,-10.60317897163,
    -7.886505930168E-17));
#752 = DIRECTION('',(0.,0.,1.));
#753 = DIRECTION('',(1.,0.,0.));
#754 = ADVANCED_FACE('',(#755),#763,.F.);
#755 = FACE_BOUND('',#756,.T.);
#756 = EDGE_LOOP('',(#757,#758,#759,#760,#761,#762));
#757 = ORIENTED_EDGE('',*,*,#207,.T.);
#758 = ORIENTED_EDGE('',*,*,#216,.T.);
#759 = ORIENTED_EDGE('',*,*,#548,.T.);
#760 = ORIENTED_EDGE('',*,*,#123,.F.);
#761 = ORIENTED_EDGE('',*,*,#132,.F.);
#762 = ORIENTED_EDGE('',*,*,#173,.F.);
#763 = CYLINDRICAL_SURFACE('',#764,10.5);
#764 = AXIS2_PLACEMENT_3D('',#765,#766,#767);
#765 = CARTESIAN_POINT('',(0.,-36.4,-8.082423619271E-15));
#766 = DIRECTION('',(-0.,-1.,-2.22044604925E-16));
#767 = DIRECTION('',(1.,0.,0.));
#768 = ADVANCED_FACE('',(#769),#781,.F.);
#769 = FACE_BOUND('',#770,.T.);
#770 = EDGE_LOOP('',(#771,#772,#773,#780));
#771 = ORIENTED_EDGE('',*,*,#233,.F.);
#772 = ORIENTED_EDGE('',*,*,#431,.T.);
#773 = ORIENTED_EDGE('',*,*,#774,.T.);
#774 = EDGE_CURVE('',#432,#540,#775,.T.);
#775 = CIRCLE('',#776,8.6);
#776 = AXIS2_PLACEMENT_3D('',#777,#778,#779);
#777 = CARTESIAN_POINT('',(0.,-32.6,-7.238654120556E-15));
#778 = DIRECTION('',(-0.,1.,2.22044604925E-16));
#779 = DIRECTION('',(1.,0.,0.));
#780 = ORIENTED_EDGE('',*,*,#539,.T.);
#781 = CYLINDRICAL_SURFACE('',#782,8.6);
#782 = AXIS2_PLACEMENT_3D('',#783,#784,#785);
#783 = CARTESIAN_POINT('',(0.,-34.8,-7.727152251391E-15));
#784 = DIRECTION('',(-0.,-1.,-2.22044604925E-16));
#785 = DIRECTION('',(1.,0.,0.));
#786 = ADVANCED_FACE('',(#787),#805,.F.);
#787 = FACE_BOUND('',#788,.T.);
#788 = EDGE_LOOP('',(#789,#790,#797,#798));
#789 = ORIENTED_EDGE('',*,*,#275,.F.);
#790 = ORIENTED_EDGE('',*,*,#791,.T.);
#791 = EDGE_CURVE('',#276,#710,#792,.T.);
#792 = CIRCLE('',#793,5.);
#793 = AXIS2_PLACEMENT_3D('',#794,#795,#796);
#794 = CARTESIAN_POINT('',(0.,-25.6,-7.105427357601E-15));
#795 = DIRECTION('',(-0.,1.,0.));
#796 = DIRECTION('',(1.,0.,1.578983857245E-16));
#797 = ORIENTED_EDGE('',*,*,#717,.T.);
#798 = ORIENTED_EDGE('',*,*,#799,.F.);
#799 = EDGE_CURVE('',#278,#718,#800,.T.);
#800 = CIRCLE('',#801,9.);
#801 = AXIS2_PLACEMENT_3D('',#802,#803,#804);
#802 = CARTESIAN_POINT('',(0.,-31.75945985525,-7.105427357601E-15));
#803 = DIRECTION('',(-0.,1.,0.));
#804 = DIRECTION('',(1.,0.,1.578983857245E-16));
#805 = CONICAL_SURFACE('',#806,9.,0.575958653158);
#806 = AXIS2_PLACEMENT_3D('',#807,#808,#809);
#807 = CARTESIAN_POINT('',(0.,-31.75945985525,-7.105427357601E-15));
#808 = DIRECTION('',(0.,-1.,0.));
#809 = DIRECTION('',(1.,0.,1.578983857245E-16));
#810 = ADVANCED_FACE('',(#811),#838,.F.);
#811 = FACE_BOUND('',#812,.T.);
#812 = EDGE_LOOP('',(#813,#814,#815,#816,#824,#832));
#813 = ORIENTED_EDGE('',*,*,#709,.T.);
#814 = ORIENTED_EDGE('',*,*,#791,.F.);
#815 = ORIENTED_EDGE('',*,*,#285,.T.);
#816 = ORIENTED_EDGE('',*,*,#817,.T.);
#817 = EDGE_CURVE('',#286,#818,#820,.T.);
#818 = VERTEX_POINT('',#819);
#819 = CARTESIAN_POINT('',(2.6,-25.6,-4.));
#820 = LINE('',#821,#822);
#821 = CARTESIAN_POINT('',(2.6,-25.6,4.));
#822 = VECTOR('',#823,1.);
#823 = DIRECTION('',(-0.,0.,-1.));
#824 = ORIENTED_EDGE('',*,*,#825,.T.);
#825 = EDGE_CURVE('',#818,#826,#828,.T.);
#826 = VERTEX_POINT('',#827);
#827 = CARTESIAN_POINT('',(-2.6,-25.6,-4.));
#828 = LINE('',#829,#830);
#829 = CARTESIAN_POINT('',(2.6,-25.6,-4.));
#830 = VECTOR('',#831,1.);
#831 = DIRECTION('',(-1.,0.,-0.));
#832 = ORIENTED_EDGE('',*,*,#833,.T.);
#833 = EDGE_CURVE('',#826,#702,#834,.T.);
#834 = LINE('',#835,#836);
#835 = CARTESIAN_POINT('',(-2.6,-25.6,-4.));
#836 = VECTOR('',#837,1.);
#837 = DIRECTION('',(0.,0.,1.));
#838 = PLANE('',#839);
#839 = AXIS2_PLACEMENT_3D('',#840,#841,#842);
#840 = CARTESIAN_POINT('',(-1.578983857245E-15,-25.6,-3.117691453624));
#841 = DIRECTION('',(0.,1.,0.));
#842 = DIRECTION('',(0.,0.,1.));
#843 = ADVANCED_FACE('',(#844),#856,.F.);
#844 = FACE_BOUND('',#845,.T.);
#845 = EDGE_LOOP('',(#846,#847,#848,#849));
#846 = ORIENTED_EDGE('',*,*,#447,.T.);
#847 = ORIENTED_EDGE('',*,*,#799,.T.);
#848 = ORIENTED_EDGE('',*,*,#725,.F.);
#849 = ORIENTED_EDGE('',*,*,#850,.F.);
#850 = EDGE_CURVE('',#440,#726,#851,.T.);
#851 = CIRCLE('',#852,9.);
#852 = AXIS2_PLACEMENT_3D('',#853,#854,#855);
#853 = CARTESIAN_POINT('',(0.,-32.6,-7.238654120556E-15));
#854 = DIRECTION('',(-0.,1.,2.22044604925E-16));
#855 = DIRECTION('',(1.,0.,0.));
#856 = CYLINDRICAL_SURFACE('',#857,9.);
#857 = AXIS2_PLACEMENT_3D('',#858,#859,#860);
#858 = CARTESIAN_POINT('',(0.,-32.6,-7.238654120556E-15));
#859 = DIRECTION('',(-0.,-1.,-2.22044604925E-16));
#860 = DIRECTION('',(1.,0.,0.));
#861 = ADVANCED_FACE('',(#862),#888,.F.);
#862 = FACE_BOUND('',#863,.T.);
#863 = EDGE_LOOP('',(#864,#865,#866,#874,#882));
#864 = ORIENTED_EDGE('',*,*,#817,.F.);
#865 = ORIENTED_EDGE('',*,*,#293,.T.);
#866 = ORIENTED_EDGE('',*,*,#867,.T.);
#867 = EDGE_CURVE('',#294,#868,#870,.T.);
#868 = VERTEX_POINT('',#869);
#869 = CARTESIAN_POINT('',(2.6,-23.6,-3.794733192202));
#870 = LINE('',#871,#872);
#871 = CARTESIAN_POINT('',(2.6,-23.6,4.));
#872 = VECTOR('',#873,1.);
#873 = DIRECTION('',(-0.,0.,-1.));
#874 = ORIENTED_EDGE('',*,*,#875,.T.);
#875 = EDGE_CURVE('',#868,#876,#878,.T.);
#876 = VERTEX_POINT('',#877);
#877 = CARTESIAN_POINT('',(2.6,-23.6,-4.));
#878 = LINE('',#879,#880);
#879 = CARTESIAN_POINT('',(2.6,-23.6,4.));
#880 = VECTOR('',#881,1.);
#881 = DIRECTION('',(-0.,0.,-1.));
#882 = ORIENTED_EDGE('',*,*,#883,.F.);
#883 = EDGE_CURVE('',#818,#876,#884,.T.);
#884 = LINE('',#885,#886);
#885 = CARTESIAN_POINT('',(2.6,-25.6,-4.));
#886 = VECTOR('',#887,1.);
#887 = DIRECTION('',(0.,1.,2.2E-16));
#888 = PLANE('',#889);
#889 = AXIS2_PLACEMENT_3D('',#890,#891,#892);
#890 = CARTESIAN_POINT('',(2.6,-25.6,4.));
#891 = DIRECTION('',(1.,0.,0.));
#892 = DIRECTION('',(0.,-2.2E-16,1.));
#893 = ADVANCED_FACE('',(#894),#900,.T.);
#894 = FACE_BOUND('',#895,.F.);
#895 = EDGE_LOOP('',(#896,#897,#898,#899));
#896 = ORIENTED_EDGE('',*,*,#850,.F.);
#897 = ORIENTED_EDGE('',*,*,#439,.T.);
#898 = ORIENTED_EDGE('',*,*,#774,.T.);
#899 = ORIENTED_EDGE('',*,*,#733,.T.);
#900 = PLANE('',#901);
#901 = AXIS2_PLACEMENT_3D('',#902,#903,#904);
#902 = CARTESIAN_POINT('',(-1.578983857245E-15,-32.6,-3.117691453624));
#903 = DIRECTION('',(0.,1.,0.));
#904 = DIRECTION('',(0.,0.,1.));
#905 = ADVANCED_FACE('',(#906),#917,.T.);
#906 = FACE_BOUND('',#907,.F.);
#907 = EDGE_LOOP('',(#908,#915,#916));
#908 = ORIENTED_EDGE('',*,*,#909,.F.);
#909 = EDGE_CURVE('',#302,#868,#910,.T.);
#910 = CIRCLE('',#911,4.6);
#911 = AXIS2_PLACEMENT_3D('',#912,#913,#914);
#912 = CARTESIAN_POINT('',(0.,-23.6,-5.240252676231E-15));
#913 = DIRECTION('',(-0.,1.,2.22044604925E-16));
#914 = DIRECTION('',(1.,0.,0.));
#915 = ORIENTED_EDGE('',*,*,#301,.T.);
#916 = ORIENTED_EDGE('',*,*,#867,.T.);
#917 = PLANE('',#918);
#918 = AXIS2_PLACEMENT_3D('',#919,#920,#921);
#919 = CARTESIAN_POINT('',(-4.459043910455E-16,-23.6,-5.8878141657E-15)
  );
#920 = DIRECTION('',(0.,1.,0.));
#921 = DIRECTION('',(0.,0.,1.));
#922 = ADVANCED_FACE('',(#923),#969,.F.);
#923 = FACE_BOUND('',#924,.T.);
#924 = EDGE_LOOP('',(#925,#926,#927,#934,#935,#944,#953,#962));
#925 = ORIENTED_EDGE('',*,*,#909,.F.);
#926 = ORIENTED_EDGE('',*,*,#309,.T.);
#927 = ORIENTED_EDGE('',*,*,#928,.T.);
#928 = EDGE_CURVE('',#310,#678,#929,.T.);
#929 = CIRCLE('',#930,4.6);
#930 = AXIS2_PLACEMENT_3D('',#931,#932,#933);
#931 = CARTESIAN_POINT('',(0.,-21.6,-4.796163466381E-15));
#932 = DIRECTION('',(-0.,1.,2.22044604925E-16));
#933 = DIRECTION('',(1.,0.,0.));
#934 = ORIENTED_EDGE('',*,*,#685,.T.);
#935 = ORIENTED_EDGE('',*,*,#936,.F.);
#936 = EDGE_CURVE('',#937,#686,#939,.T.);
#937 = VERTEX_POINT('',#938);
#938 = CARTESIAN_POINT('',(-2.6,-23.6,-3.794733192202));
#939 = CIRCLE('',#940,4.6);
#940 = AXIS2_PLACEMENT_3D('',#941,#942,#943);
#941 = CARTESIAN_POINT('',(0.,-23.6,-5.240252676231E-15));
#942 = DIRECTION('',(-0.,1.,2.22044604925E-16));
#943 = DIRECTION('',(1.,0.,0.));
#944 = ORIENTED_EDGE('',*,*,#945,.F.);
#945 = EDGE_CURVE('',#946,#937,#948,.T.);
#946 = VERTEX_POINT('',#947);
#947 = CARTESIAN_POINT('',(-2.27156333832,-23.6,-4.));
#948 = CIRCLE('',#949,4.6);
#949 = AXIS2_PLACEMENT_3D('',#950,#951,#952);
#950 = CARTESIAN_POINT('',(0.,-23.6,-5.240252676231E-15));
#951 = DIRECTION('',(-0.,1.,2.22044604925E-16));
#952 = DIRECTION('',(1.,0.,0.));
#953 = ORIENTED_EDGE('',*,*,#954,.F.);
#954 = EDGE_CURVE('',#955,#946,#957,.T.);
#955 = VERTEX_POINT('',#956);
#956 = CARTESIAN_POINT('',(2.27156333832,-23.6,-4.));
#957 = CIRCLE('',#958,4.6);
#958 = AXIS2_PLACEMENT_3D('',#959,#960,#961);
#959 = CARTESIAN_POINT('',(0.,-23.6,-5.240252676231E-15));
#960 = DIRECTION('',(-0.,1.,2.22044604925E-16));
#961 = DIRECTION('',(1.,0.,0.));
#962 = ORIENTED_EDGE('',*,*,#963,.F.);
#963 = EDGE_CURVE('',#868,#955,#964,.T.);
#964 = CIRCLE('',#965,4.6);
#965 = AXIS2_PLACEMENT_3D('',#966,#967,#968);
#966 = CARTESIAN_POINT('',(0.,-23.6,-5.240252676231E-15));
#967 = DIRECTION('',(-0.,1.,2.22044604925E-16));
#968 = DIRECTION('',(1.,0.,0.));
#969 = CYLINDRICAL_SURFACE('',#970,4.6);
#970 = AXIS2_PLACEMENT_3D('',#971,#972,#973);
#971 = CARTESIAN_POINT('',(0.,-23.6,-5.240252676231E-15));
#972 = DIRECTION('',(-0.,-1.,-2.22044604925E-16));
#973 = DIRECTION('',(1.,0.,0.));
#974 = ADVANCED_FACE('',(#975),#987,.F.);
#975 = FACE_BOUND('',#976,.T.);
#976 = EDGE_LOOP('',(#977,#978,#979,#986));
#977 = ORIENTED_EDGE('',*,*,#928,.F.);
#978 = ORIENTED_EDGE('',*,*,#317,.T.);
#979 = ORIENTED_EDGE('',*,*,#980,.T.);
#980 = EDGE_CURVE('',#318,#670,#981,.T.);
#981 = CIRCLE('',#982,3.5);
#982 = AXIS2_PLACEMENT_3D('',#983,#984,#985);
#983 = CARTESIAN_POINT('',(0.,-21.6,-4.796163466381E-15));
#984 = DIRECTION('',(-0.,1.,2.22044604925E-16));
#985 = DIRECTION('',(1.,0.,0.));
#986 = ORIENTED_EDGE('',*,*,#677,.T.);
#987 = PLANE('',#988);
#988 = AXIS2_PLACEMENT_3D('',#989,#990,#991);
#989 = CARTESIAN_POINT('',(-4.459043910455E-16,-21.6,-5.44372495585E-15)
  );
#990 = DIRECTION('',(0.,1.,0.));
#991 = DIRECTION('',(0.,0.,1.));
#992 = ADVANCED_FACE('',(#993),#1005,.F.);
#993 = FACE_BOUND('',#994,.T.);
#994 = EDGE_LOOP('',(#995,#996,#997,#1004));
#995 = ORIENTED_EDGE('',*,*,#980,.F.);
#996 = ORIENTED_EDGE('',*,*,#325,.T.);
#997 = ORIENTED_EDGE('',*,*,#998,.T.);
#998 = EDGE_CURVE('',#326,#662,#999,.T.);
#999 = CIRCLE('',#1000,3.5);
#1000 = AXIS2_PLACEMENT_3D('',#1001,#1002,#1003);
#1001 = CARTESIAN_POINT('',(0.,-20.,-4.440892098501E-15));
#1002 = DIRECTION('',(-0.,1.,2.22044604925E-16));
#1003 = DIRECTION('',(1.,0.,0.));
#1004 = ORIENTED_EDGE('',*,*,#669,.T.);
#1005 = CYLINDRICAL_SURFACE('',#1006,3.5);
#1006 = AXIS2_PLACEMENT_3D('',#1007,#1008,#1009);
#1007 = CARTESIAN_POINT('',(0.,-21.6,-4.796163466381E-15));
#1008 = DIRECTION('',(-0.,-1.,-2.22044604925E-16));
#1009 = DIRECTION('',(1.,0.,0.));
#1010 = ADVANCED_FACE('',(#1011),#1038,.T.);
#1011 = FACE_BOUND('',#1012,.F.);
#1012 = EDGE_LOOP('',(#1013,#1021,#1029,#1035,#1036,#1037));
#1013 = ORIENTED_EDGE('',*,*,#1014,.F.);
#1014 = EDGE_CURVE('',#1015,#654,#1017,.T.);
#1015 = VERTEX_POINT('',#1016);
#1016 = CARTESIAN_POINT('',(-5.,-20.,-5.));
#1017 = LINE('',#1018,#1019);
#1018 = CARTESIAN_POINT('',(-5.,-20.,-5.));
#1019 = VECTOR('',#1020,1.);
#1020 = DIRECTION('',(0.,-2.22044604925E-16,1.));
#1021 = ORIENTED_EDGE('',*,*,#1022,.F.);
#1022 = EDGE_CURVE('',#1023,#1015,#1025,.T.);
#1023 = VERTEX_POINT('',#1024);
#1024 = CARTESIAN_POINT('',(16.,-20.,-5.));
#1025 = LINE('',#1026,#1027);
#1026 = CARTESIAN_POINT('',(16.,-20.,-5.));
#1027 = VECTOR('',#1028,1.);
#1028 = DIRECTION('',(-1.,-0.,-0.));
#1029 = ORIENTED_EDGE('',*,*,#1030,.F.);
#1030 = EDGE_CURVE('',#334,#1023,#1031,.T.);
#1031 = LINE('',#1032,#1033);
#1032 = CARTESIAN_POINT('',(16.,-20.,5.));
#1033 = VECTOR('',#1034,1.);
#1034 = DIRECTION('',(-0.,2.22044604925E-16,-1.));
#1035 = ORIENTED_EDGE('',*,*,#333,.T.);
#1036 = ORIENTED_EDGE('',*,*,#998,.T.);
#1037 = ORIENTED_EDGE('',*,*,#661,.T.);
#1038 = PLANE('',#1039);
#1039 = AXIS2_PLACEMENT_3D('',#1040,#1041,#1042);
#1040 = CARTESIAN_POINT('',(5.153153153153,-20.,-2.724641844914));
#1041 = DIRECTION('',(0.,1.,0.));
#1042 = DIRECTION('',(0.,0.,1.));
#1043 = ADVANCED_FACE('',(#1044),#1079,.T.);
#1044 = FACE_BOUND('',#1045,.F.);
#1045 = EDGE_LOOP('',(#1046,#1056,#1063,#1064,#1065,#1073));
#1046 = ORIENTED_EDGE('',*,*,#1047,.F.);
#1047 = EDGE_CURVE('',#1048,#1050,#1052,.T.);
#1048 = VERTEX_POINT('',#1049);
#1049 = CARTESIAN_POINT('',(16.,-7.5,0.));
#1050 = VERTEX_POINT('',#1051);
#1051 = CARTESIAN_POINT('',(16.,4.,0.));
#1052 = LINE('',#1053,#1054);
#1053 = CARTESIAN_POINT('',(16.,-16.25981539869,0.));
#1054 = VECTOR('',#1055,1.);
#1055 = DIRECTION('',(0.,1.,0.));
#1056 = ORIENTED_EDGE('',*,*,#1057,.F.);
#1057 = EDGE_CURVE('',#342,#1048,#1058,.T.);
#1058 = CIRCLE('',#1059,3.);
#1059 = AXIS2_PLACEMENT_3D('',#1060,#1061,#1062);
#1060 = CARTESIAN_POINT('',(16.,-10.5,0.));
#1061 = DIRECTION('',(1.,0.,0.));
#1062 = DIRECTION('',(0.,1.,0.));
#1063 = ORIENTED_EDGE('',*,*,#341,.F.);
#1064 = ORIENTED_EDGE('',*,*,#1030,.T.);
#1065 = ORIENTED_EDGE('',*,*,#1066,.T.);
#1066 = EDGE_CURVE('',#1023,#1067,#1069,.T.);
#1067 = VERTEX_POINT('',#1068);
#1068 = CARTESIAN_POINT('',(16.,4.,-5.));
#1069 = LINE('',#1070,#1071);
#1070 = CARTESIAN_POINT('',(16.,-20.,-5.));
#1071 = VECTOR('',#1072,1.);
#1072 = DIRECTION('',(0.,1.,2.22044604925E-16));
#1073 = ORIENTED_EDGE('',*,*,#1074,.T.);
#1074 = EDGE_CURVE('',#1067,#1050,#1075,.T.);
#1075 = LINE('',#1076,#1077);
#1076 = CARTESIAN_POINT('',(16.,4.,-5.));
#1077 = VECTOR('',#1078,1.);
#1078 = DIRECTION('',(8.659560562355E-17,-2.22044604925E-16,1.));
#1079 = PLANE('',#1080);
#1080 = AXIS2_PLACEMENT_3D('',#1081,#1082,#1083);
#1081 = CARTESIAN_POINT('',(16.,-8.,-2.5));
#1082 = DIRECTION('',(-1.,0.,0.));
#1083 = DIRECTION('',(0.,0.,-1.));
#1084 = ADVANCED_FACE('',(#1085),#1105,.T.);
#1085 = FACE_BOUND('',#1086,.F.);
#1086 = EDGE_LOOP('',(#1087,#1088,#1089,#1096,#1097,#1098,#1104));
#1087 = ORIENTED_EDGE('',*,*,#489,.F.);
#1088 = ORIENTED_EDGE('',*,*,#414,.T.);
#1089 = ORIENTED_EDGE('',*,*,#1090,.T.);
#1090 = EDGE_CURVE('',#407,#557,#1091,.T.);
#1091 = CIRCLE('',#1092,8.);
#1092 = AXIS2_PLACEMENT_3D('',#1093,#1094,#1095);
#1093 = CARTESIAN_POINT('',(0.,-38.,-8.437694987151E-15));
#1094 = DIRECTION('',(-0.,1.,2.22044604925E-16));
#1095 = DIRECTION('',(1.,0.,0.));
#1096 = ORIENTED_EDGE('',*,*,#556,.T.);
#1097 = ORIENTED_EDGE('',*,*,#507,.F.);
#1098 = ORIENTED_EDGE('',*,*,#1099,.T.);
#1099 = EDGE_CURVE('',#508,#473,#1100,.T.);
#1100 = LINE('',#1101,#1102);
#1101 = CARTESIAN_POINT('',(-4.36608600839E-06,-38.,-9.199999999999));
#1102 = VECTOR('',#1103,1.);
#1103 = DIRECTION('',(1.,0.,0.));
#1104 = ORIENTED_EDGE('',*,*,#480,.F.);
#1105 = PLANE('',#1106);
#1106 = AXIS2_PLACEMENT_3D('',#1107,#1108,#1109);
#1107 = CARTESIAN_POINT('',(0.,-38.,-3.186973485927));
#1108 = DIRECTION('',(0.,1.,0.));
#1109 = DIRECTION('',(0.,0.,1.));
#1110 = ADVANCED_FACE('',(#1111),#1130,.F.);
#1111 = FACE_BOUND('',#1112,.F.);
#1112 = EDGE_LOOP('',(#1113,#1114,#1122,#1129));
#1113 = ORIENTED_EDGE('',*,*,#1057,.T.);
#1114 = ORIENTED_EDGE('',*,*,#1115,.T.);
#1115 = EDGE_CURVE('',#1048,#1116,#1118,.T.);
#1116 = VERTEX_POINT('',#1117);
#1117 = CARTESIAN_POINT('',(21.,-7.5,-6.5E-17));
#1118 = LINE('',#1119,#1120);
#1119 = CARTESIAN_POINT('',(12.,-7.5,0.));
#1120 = VECTOR('',#1121,1.);
#1121 = DIRECTION('',(1.,0.,0.));
#1122 = ORIENTED_EDGE('',*,*,#1123,.F.);
#1123 = EDGE_CURVE('',#350,#1116,#1124,.T.);
#1124 = CIRCLE('',#1125,3.);
#1125 = AXIS2_PLACEMENT_3D('',#1126,#1127,#1128);
#1126 = CARTESIAN_POINT('',(21.,-10.5,0.));
#1127 = DIRECTION('',(1.,0.,0.));
#1128 = DIRECTION('',(0.,1.,0.));
#1129 = ORIENTED_EDGE('',*,*,#349,.T.);
#1130 = CYLINDRICAL_SURFACE('',#1131,3.);
#1131 = AXIS2_PLACEMENT_3D('',#1132,#1133,#1134);
#1132 = CARTESIAN_POINT('',(12.,-10.5,0.));
#1133 = DIRECTION('',(-1.,0.,0.));
#1134 = DIRECTION('',(0.,1.,0.));
#1135 = ADVANCED_FACE('',(#1136),#1148,.F.);
#1136 = FACE_BOUND('',#1137,.T.);
#1137 = EDGE_LOOP('',(#1138,#1145,#1146,#1147));
#1138 = ORIENTED_EDGE('',*,*,#1139,.F.);
#1139 = EDGE_CURVE('',#399,#565,#1140,.T.);
#1140 = CIRCLE('',#1141,8.);
#1141 = AXIS2_PLACEMENT_3D('',#1142,#1143,#1144);
#1142 = CARTESIAN_POINT('',(0.,-38.99056519796,-8.657644645187E-15));
#1143 = DIRECTION('',(-0.,1.,2.22044604925E-16));
#1144 = DIRECTION('',(1.,0.,0.));
#1145 = ORIENTED_EDGE('',*,*,#406,.T.);
#1146 = ORIENTED_EDGE('',*,*,#1090,.T.);
#1147 = ORIENTED_EDGE('',*,*,#564,.F.);
#1148 = CYLINDRICAL_SURFACE('',#1149,8.);
#1149 = AXIS2_PLACEMENT_3D('',#1150,#1151,#1152);
#1150 = CARTESIAN_POINT('',(0.,-40.,-8.881784197001E-15));
#1151 = DIRECTION('',(-0.,-1.,-2.22044604925E-16));
#1152 = DIRECTION('',(1.,0.,0.));
#1153 = ADVANCED_FACE('',(#1154),#1173,.T.);
#1154 = FACE_BOUND('',#1155,.F.);
#1155 = EDGE_LOOP('',(#1156,#1164,#1171,#1172));
#1156 = ORIENTED_EDGE('',*,*,#1157,.T.);
#1157 = EDGE_CURVE('',#1116,#1158,#1160,.T.);
#1158 = VERTEX_POINT('',#1159);
#1159 = CARTESIAN_POINT('',(21.,-5.5,0.));
#1160 = LINE('',#1161,#1162);
#1161 = CARTESIAN_POINT('',(21.,-15.5,-6.1E-16));
#1162 = VECTOR('',#1163,1.);
#1163 = DIRECTION('',(0.,1.,6.E-17));
#1164 = ORIENTED_EDGE('',*,*,#1165,.T.);
#1165 = EDGE_CURVE('',#1158,#358,#1166,.T.);
#1166 = CIRCLE('',#1167,5.);
#1167 = AXIS2_PLACEMENT_3D('',#1168,#1169,#1170);
#1168 = CARTESIAN_POINT('',(21.,-10.5,0.));
#1169 = DIRECTION('',(-1.,0.,0.));
#1170 = DIRECTION('',(0.,1.,0.));
#1171 = ORIENTED_EDGE('',*,*,#357,.T.);
#1172 = ORIENTED_EDGE('',*,*,#1123,.T.);
#1173 = PLANE('',#1174);
#1174 = AXIS2_PLACEMENT_3D('',#1175,#1176,#1177);
#1175 = CARTESIAN_POINT('',(21.,-10.5,-1.732050807569));
#1176 = DIRECTION('',(1.,0.,0.));
#1177 = DIRECTION('',(0.,0.,1.));
#1178 = ADVANCED_FACE('',(#1179),#1224,.T.);
#1179 = FACE_BOUND('',#1180,.F.);
#1180 = EDGE_LOOP('',(#1181,#1189,#1198,#1206,#1215,#1221,#1222,#1223));
#1181 = ORIENTED_EDGE('',*,*,#1182,.T.);
#1182 = EDGE_CURVE('',#391,#1183,#1185,.T.);
#1183 = VERTEX_POINT('',#1184);
#1184 = CARTESIAN_POINT('',(12.5,-38.99056519796,-0.5));
#1185 = LINE('',#1186,#1187);
#1186 = CARTESIAN_POINT('',(12.5,-38.99056519796,0.));
#1187 = VECTOR('',#1188,1.);
#1188 = DIRECTION('',(-0.,-0.,-1.));
#1189 = ORIENTED_EDGE('',*,*,#1190,.F.);
#1190 = EDGE_CURVE('',#1191,#1183,#1193,.T.);
#1191 = VERTEX_POINT('',#1192);
#1192 = CARTESIAN_POINT('',(0.113243032931,-38.99056519796,-12.5));
#1193 = ELLIPSE('',#1194,12.386756967069,12.);
#1194 = AXIS2_PLACEMENT_3D('',#1195,#1196,#1197);
#1195 = CARTESIAN_POINT('',(0.113243032931,-38.99056519796,-0.5));
#1196 = DIRECTION('',(0.,-1.,0.));
#1197 = DIRECTION('',(-1.,-0.,-0.));
#1198 = ORIENTED_EDGE('',*,*,#1199,.T.);
#1199 = EDGE_CURVE('',#1191,#1200,#1202,.T.);
#1200 = VERTEX_POINT('',#1201);
#1201 = CARTESIAN_POINT('',(-0.113243032931,-38.99056519796,-12.5));
#1202 = LINE('',#1203,#1204);
#1203 = CARTESIAN_POINT('',(12.5,-38.99056519796,-12.5));
#1204 = VECTOR('',#1205,1.);
#1205 = DIRECTION('',(-1.,-0.,-0.));
#1206 = ORIENTED_EDGE('',*,*,#1207,.F.);
#1207 = EDGE_CURVE('',#1208,#1200,#1210,.T.);
#1208 = VERTEX_POINT('',#1209);
#1209 = CARTESIAN_POINT('',(-12.5,-38.99056519796,-0.5));
#1210 = ELLIPSE('',#1211,12.386756967069,12.);
#1211 = AXIS2_PLACEMENT_3D('',#1212,#1213,#1214);
#1212 = CARTESIAN_POINT('',(-0.113243032931,-38.99056519796,-0.5));
#1213 = DIRECTION('',(0.,-1.,0.));
#1214 = DIRECTION('',(-1.,-0.,-0.));
#1215 = ORIENTED_EDGE('',*,*,#1216,.F.);
#1216 = EDGE_CURVE('',#573,#1208,#1217,.T.);
#1217 = LINE('',#1218,#1219);
#1218 = CARTESIAN_POINT('',(-12.5,-38.99056519796,0.));
#1219 = VECTOR('',#1220,1.);
#1220 = DIRECTION('',(-0.,-0.,-1.));
#1221 = ORIENTED_EDGE('',*,*,#572,.F.);
#1222 = ORIENTED_EDGE('',*,*,#1139,.F.);
#1223 = ORIENTED_EDGE('',*,*,#398,.F.);
#1224 = PLANE('',#1225);
#1225 = AXIS2_PLACEMENT_3D('',#1226,#1227,#1228);
#1226 = CARTESIAN_POINT('',(12.5,-38.99056519796,0.));
#1227 = DIRECTION('',(-0.,-1.,-0.));
#1228 = DIRECTION('',(1.,0.,0.));
#1229 = ADVANCED_FACE('',(#1230),#1328,.T.);
#1230 = FACE_BOUND('',#1231,.T.);
#1231 = EDGE_LOOP('',(#1232,#1243,#1249,#1250,#1251,#1260));
#1232 = ORIENTED_EDGE('',*,*,#1233,.T.);
#1233 = EDGE_CURVE('',#1234,#1236,#1238,.T.);
#1234 = VERTEX_POINT('',#1235);
#1235 = CARTESIAN_POINT('',(18.,-9.361043935254,-4.868549997954));
#1236 = VERTEX_POINT('',#1237);
#1237 = CARTESIAN_POINT('',(18.,-5.5,0.));
#1238 = CIRCLE('',#1239,5.);
#1239 = AXIS2_PLACEMENT_3D('',#1240,#1241,#1242);
#1240 = CARTESIAN_POINT('',(18.,-10.5,0.));
#1241 = DIRECTION('',(1.,0.,0.));
#1242 = DIRECTION('',(0.,1.,0.));
#1243 = ORIENTED_EDGE('',*,*,#1244,.T.);
#1244 = EDGE_CURVE('',#1236,#1158,#1245,.T.);
#1245 = LINE('',#1246,#1247);
#1246 = CARTESIAN_POINT('',(16.,-5.5,0.));
#1247 = VECTOR('',#1248,1.);
#1248 = DIRECTION('',(1.,0.,0.));
#1249 = ORIENTED_EDGE('',*,*,#1165,.T.);
#1250 = ORIENTED_EDGE('',*,*,#365,.F.);
#1251 = ORIENTED_EDGE('',*,*,#1252,.T.);
#1252 = EDGE_CURVE('',#366,#1253,#1255,.T.);
#1253 = VERTEX_POINT('',#1254);
#1254 = CARTESIAN_POINT('',(18.,-14.3933870166,-3.137122493448));
#1255 = CIRCLE('',#1256,5.);
#1256 = AXIS2_PLACEMENT_3D('',#1257,#1258,#1259);
#1257 = CARTESIAN_POINT('',(18.,-10.5,0.));
#1258 = DIRECTION('',(1.,0.,0.));
#1259 = DIRECTION('',(0.,1.,0.));
#1260 = ORIENTED_EDGE('',*,*,#1261,.T.);
#1261 = EDGE_CURVE('',#1253,#1234,#1262,.T.);
#1262 = B_SPLINE_CURVE_WITH_KNOTS('',8,(#1263,#1264,#1265,#1266,#1267,
    #1268,#1269,#1270,#1271,#1272,#1273,#1274,#1275,#1276,#1277,#1278,
    #1279,#1280,#1281,#1282,#1283,#1284,#1285,#1286,#1287,#1288,#1289,
    #1290,#1291,#1292,#1293,#1294,#1295,#1296,#1297,#1298,#1299,#1300,
    #1301,#1302,#1303,#1304,#1305,#1306,#1307,#1308,#1309,#1310,#1311,
    #1312,#1313,#1314,#1315,#1316,#1317,#1318,#1319,#1320,#1321,#1322,
    #1323,#1324,#1325,#1326,#1327),.UNSPECIFIED.,.F.,.F.,(9,7,7,7,7,7,7,
    7,7,9),(0.,0.267769956102,0.377796211771,0.441282813707,
    0.491225329208,0.550828382763,0.644068524319,0.787099984829,
    0.90784449409,1.),.UNSPECIFIED.);
#1263 = CARTESIAN_POINT('',(18.,-14.3933870166,-3.137122493448));
#1264 = CARTESIAN_POINT('',(18.,-14.32876975962,-3.217316999699));
#1265 = CARTESIAN_POINT('',(17.999663384009,-14.2588096373,
    -3.300277796121));
#1266 = CARTESIAN_POINT('',(17.998964559063,-14.18264409441,
    -3.386356975711));
#1267 = CARTESIAN_POINT('',(17.997874782779,-14.09923522947,
    -3.475866062824));
#1268 = CARTESIAN_POINT('',(17.996365326409,-14.00738929969,
    -3.569060276759));
#1269 = CARTESIAN_POINT('',(17.994416654247,-13.90550478709,
    -3.666159313972));
#1270 = CARTESIAN_POINT('',(17.992026381026,-13.79168279577,
    -3.767308002255));
#1271 = CARTESIAN_POINT('',(17.988096038194,-13.60952360667,
    -3.916063600849));
#1272 = CARTESIAN_POINT('',(17.986885770088,-13.55394502336,
    -3.960066119383));
#1273 = CARTESIAN_POINT('',(17.985613492763,-13.49562017799,
    -4.004757660337));
#1274 = CARTESIAN_POINT('',(17.984284972634,-13.43433191946,
    -4.050117557136));
#1275 = CARTESIAN_POINT('',(17.98290913273,-13.36986496065,
    -4.096092453828));
#1276 = CARTESIAN_POINT('',(17.981498892484,-13.3020109403,
    -4.142592771312));
#1277 = CARTESIAN_POINT('',(17.980071838879,-13.23057775145,
    -4.189488803919));
#1278 = CARTESIAN_POINT('',(17.977830729785,-13.11202639178,
    -4.263793947988));
#1279 = CARTESIAN_POINT('',(17.977012889691,-13.06741380042,
    -4.291049103932));
#1280 = CARTESIAN_POINT('',(17.976201749062,-13.02154455678,
    -4.318332559049));
#1281 = CARTESIAN_POINT('',(17.975402493588,-12.97440899639,
    -4.345596326354));
#1282 = CARTESIAN_POINT('',(17.974620959321,-12.92601079207,
    -4.372783712814));
#1283 = CARTESIAN_POINT('',(17.973863536403,-12.87637009932,
    -4.399829579561));
#1284 = CARTESIAN_POINT('',(17.973136971467,-12.82552765162,
    -4.426660936525));
#1285 = CARTESIAN_POINT('',(17.971906134917,-12.73266079396,
    -4.474073477409));
#1286 = CARTESIAN_POINT('',(17.971387477781,-12.69106679923,
    -4.494768078306));
#1287 = CARTESIAN_POINT('',(17.970895457358,-12.64880386059,
    -4.515240822235));
#1288 = CARTESIAN_POINT('',(17.970433396283,-12.60591402259,
    -4.535450385129));
#1289 = CARTESIAN_POINT('',(17.970004477203,-12.56244589241,
    -4.555355473282));
#1290 = CARTESIAN_POINT('',(17.969611640203,-12.51845519738,
    -4.57491532586));
#1291 = CARTESIAN_POINT('',(17.969257480223,-12.47400534252,
    -4.594090217412));
#1292 = CARTESIAN_POINT('',(17.968570199222,-12.37565755883,
    -4.635220912031));
#1293 = CARTESIAN_POINT('',(17.968254313603,-12.32158526593,
    -4.657001379491));
#1294 = CARTESIAN_POINT('',(17.968000233415,-12.26707494876,
    -4.678117033647));
#1295 = CARTESIAN_POINT('',(17.967810546329,-12.21224658843,
    -4.698513739727));
#1296 = CARTESIAN_POINT('',(17.967686724464,-12.1572158832,
    -4.718148686332));
#1297 = CARTESIAN_POINT('',(17.967629166953,-12.10209384399,
    -4.736989514457));
#1298 = CARTESIAN_POINT('',(17.967637242508,-12.04698638991,
    -4.755013446535));
#1299 = CARTESIAN_POINT('',(17.9678221053,-11.905966414,-4.799102266611)
  );
#1300 = CARTESIAN_POINT('',(17.968091557285,-11.82022272861,
    -4.823963742836));
#1301 = CARTESIAN_POINT('',(17.968511747281,-11.73509030592,
    -4.846755051348));
#1302 = CARTESIAN_POINT('',(17.969071807421,-11.65082163297,
    -4.867497293722));
#1303 = CARTESIAN_POINT('',(17.969757903938,-11.56760346355,
    -4.88624913577));
#1304 = CARTESIAN_POINT('',(17.970554839328,-11.48556372522,
    -4.903091672392));
#1305 = CARTESIAN_POINT('',(17.971447295394,-11.40477613534,
    -4.918117487393));
#1306 = CARTESIAN_POINT('',(17.973913957437,-11.20328772549,
    -4.951836112516));
#1307 = CARTESIAN_POINT('',(17.975596633126,-11.08439900831,
    -4.96818738788));
#1308 = CARTESIAN_POINT('',(17.977416679322,-10.96858421205,
    -4.98085219647));
#1309 = CARTESIAN_POINT('',(17.979323833875,-10.85581234952,
    -4.990167285821));
#1310 = CARTESIAN_POINT('',(17.981272095108,-10.74601593132,
    -4.996438838981));
#1311 = CARTESIAN_POINT('',(17.983220904387,-10.63908512196,
    -4.999941260239));
#1312 = CARTESIAN_POINT('',(17.985135127298,-10.53486756501,
    -5.000912812784));
#1313 = CARTESIAN_POINT('',(17.988544612956,-10.34731458147,
    -4.998405669834));
#1314 = CARTESIAN_POINT('',(17.990057876147,-10.26329992774,
    -4.995597425561));
#1315 = CARTESIAN_POINT('',(17.99150459574,-10.18103778473,
    -4.991252054699));
#1316 = CARTESIAN_POINT('',(17.992867324523,-10.10045505522,
    -4.985477453445));
#1317 = CARTESIAN_POINT('',(17.994130167913,-10.02148616242,
    -4.978369262827));
#1318 = CARTESIAN_POINT('',(17.995278650326,-9.944069315552,
    -4.970013129767));
#1319 = CARTESIAN_POINT('',(17.996299549093,-9.868144389945,
    -4.960485917664));
#1320 = CARTESIAN_POINT('',(17.997853211294,-9.73679811804,
    -4.941742721182));
#1321 = CARTESIAN_POINT('',(17.998444282435,-9.680781561338,
    -4.93298762666));
#1322 = CARTESIAN_POINT('',(17.998948488601,-9.625578477092,
    -4.923621324575));
#1323 = CARTESIAN_POINT('',(17.999360758573,-9.571166720993,
    -4.913672274902));
#1324 = CARTESIAN_POINT('',(17.999676347713,-9.517525909091,
    -4.903166871232));
#1325 = CARTESIAN_POINT('',(17.999890814989,-9.46463704783,
    -4.892129656084));
#1326 = CARTESIAN_POINT('',(18.,-9.412482164095,-4.88058353622));
#1327 = CARTESIAN_POINT('',(18.,-9.361043935254,-4.868549997954));
#1328 = CYLINDRICAL_SURFACE('',#1329,5.);
#1329 = AXIS2_PLACEMENT_3D('',#1330,#1331,#1332);
#1330 = CARTESIAN_POINT('',(16.,-10.5,0.));
#1331 = DIRECTION('',(-1.,0.,0.));
#1332 = DIRECTION('',(0.,1.,0.));
#1333 = ADVANCED_FACE('',(#1334),#1352,.T.);
#1334 = FACE_BOUND('',#1335,.F.);
#1335 = EDGE_LOOP('',(#1336,#1344,#1345,#1346));
#1336 = ORIENTED_EDGE('',*,*,#1337,.T.);
#1337 = EDGE_CURVE('',#1338,#1183,#1340,.T.);
#1338 = VERTEX_POINT('',#1339);
#1339 = CARTESIAN_POINT('',(17.812659454885,-18.23200985436,-0.5));
#1340 = LINE('',#1341,#1342);
#1341 = CARTESIAN_POINT('',(18.,-17.5,-0.5));
#1342 = VECTOR('',#1343,1.);
#1343 = DIRECTION('',(-0.247935366888,-0.968776575814,-0.));
#1344 = ORIENTED_EDGE('',*,*,#1182,.F.);
#1345 = ORIENTED_EDGE('',*,*,#390,.F.);
#1346 = ORIENTED_EDGE('',*,*,#1347,.F.);
#1347 = EDGE_CURVE('',#1338,#382,#1348,.T.);
#1348 = LINE('',#1349,#1350);
#1349 = CARTESIAN_POINT('',(17.812659454885,-18.23200985436,-0.5));
#1350 = VECTOR('',#1351,1.);
#1351 = DIRECTION('',(0.,0.,1.));
#1352 = PLANE('',#1353);
#1353 = AXIS2_PLACEMENT_3D('',#1354,#1355,#1356);
#1354 = CARTESIAN_POINT('',(18.,-17.5,0.));
#1355 = DIRECTION('',(0.968776575814,-0.247935366888,0.));
#1356 = DIRECTION('',(0.247935366888,0.968776575814,0.));
#1357 = ADVANCED_FACE('',(#1358),#1388,.T.);
#1358 = FACE_BOUND('',#1359,.F.);
#1359 = EDGE_LOOP('',(#1360,#1361,#1381,#1387));
#1360 = ORIENTED_EDGE('',*,*,#1252,.T.);
#1361 = ORIENTED_EDGE('',*,*,#1362,.T.);
#1362 = EDGE_CURVE('',#1253,#1363,#1365,.T.);
#1363 = VERTEX_POINT('',#1364);
#1364 = CARTESIAN_POINT('',(18.,-16.74439765304,-0.5));
#1365 = ( BOUNDED_CURVE() B_SPLINE_CURVE(14,(#1366,#1367,#1368,#1369,
    #1370,#1371,#1372,#1373,#1374,#1375,#1376,#1377,#1378,#1379,#1380),
.UNSPECIFIED.,.F.,.F.) B_SPLINE_CURVE_WITH_KNOTS((15,15),(
70.783311358664,95.517443300872),.PIECEWISE_BEZIER_KNOTS.) CURVE() 
GEOMETRIC_REPRESENTATION_ITEM() RATIONAL_B_SPLINE_CURVE((1.,1.,1.,1.,1.,
    1.,1.,1.000000000001,0.999999999998,1.000000000002,0.999999999999,
1.000000000001,1.,1.,1.)) REPRESENTATION_ITEM('') );
#1366 = CARTESIAN_POINT('',(18.,0.658628662252,-6.30023478105));
#1367 = CARTESIAN_POINT('',(18.,-1.610067925646,-6.13565020961));
#1368 = CARTESIAN_POINT('',(17.999999999998,-3.753804077562,
    -5.918379319584));
#1369 = CARTESIAN_POINT('',(18.000000000005,-5.764889064005,
    -5.650856940214));
#1370 = CARTESIAN_POINT('',(17.999999999989,-7.633597598532,
    -5.346010854721));
#1371 = CARTESIAN_POINT('',(18.00000000002,-9.354005014235,
    -4.976882947777));
#1372 = CARTESIAN_POINT('',(17.999999999973,-10.90499646062,
    -4.625762977427));
#1373 = CARTESIAN_POINT('',(18.000000000031,-12.31271397661,
    -4.14535811943));
#1374 = CARTESIAN_POINT('',(17.999999999971,-13.49732629268,
    -3.765523400157));
#1375 = CARTESIAN_POINT('',(18.000000000022,-14.57771967885,
    -3.224206019986));
#1376 = CARTESIAN_POINT('',(17.999999999987,-15.37808348209,
    -2.758327220724));
#1377 = CARTESIAN_POINT('',(18.000000000006,-16.08194319513,
    -2.226462971551));
#1378 = CARTESIAN_POINT('',(17.999999999998,-16.52928642301,
    -1.641619403724));
#1379 = CARTESIAN_POINT('',(18.,-16.74439765304,-1.060232524222));
#1380 = CARTESIAN_POINT('',(18.,-16.74439765304,-0.5));
#1381 = ORIENTED_EDGE('',*,*,#1382,.T.);
#1382 = EDGE_CURVE('',#1363,#374,#1383,.T.);
#1383 = LINE('',#1384,#1385);
#1384 = CARTESIAN_POINT('',(18.,-16.74439765304,-0.5));
#1385 = VECTOR('',#1386,1.);
#1386 = DIRECTION('',(0.,0.,1.));
#1387 = ORIENTED_EDGE('',*,*,#373,.F.);
#1388 = PLANE('',#1389);
#1389 = AXIS2_PLACEMENT_3D('',#1390,#1391,#1392);
#1390 = CARTESIAN_POINT('',(18.,2.5,0.));
#1391 = DIRECTION('',(1.,0.,0.));
#1392 = DIRECTION('',(0.,1.,0.));
#1393 = ADVANCED_FACE('',(#1394),#1405,.T.);
#1394 = FACE_BOUND('',#1395,.F.);
#1395 = EDGE_LOOP('',(#1396,#1402,#1403,#1404));
#1396 = ORIENTED_EDGE('',*,*,#1397,.T.);
#1397 = EDGE_CURVE('',#1363,#1338,#1398,.T.);
#1398 = ( BOUNDED_CURVE() B_SPLINE_CURVE(2,(#1399,#1400,#1401),
.UNSPECIFIED.,.F.,.F.) B_SPLINE_CURVE_WITH_KNOTS((3,3),(0.,
24.734131942207),.PIECEWISE_BEZIER_KNOTS.) CURVE() 
GEOMETRIC_REPRESENTATION_ITEM() RATIONAL_B_SPLINE_CURVE((1.,
0.992163438102,1.)) REPRESENTATION_ITEM('') );
#1399 = CARTESIAN_POINT('',(18.,-16.74439765304,-0.5));
#1400 = CARTESIAN_POINT('',(18.,-17.5,-0.5));
#1401 = CARTESIAN_POINT('',(17.812659454885,-18.23200985436,-0.5));
#1402 = ORIENTED_EDGE('',*,*,#1347,.T.);
#1403 = ORIENTED_EDGE('',*,*,#381,.F.);
#1404 = ORIENTED_EDGE('',*,*,#1382,.F.);
#1405 = CYLINDRICAL_SURFACE('',#1406,6.);
#1406 = AXIS2_PLACEMENT_3D('',#1407,#1408,#1409);
#1407 = CARTESIAN_POINT('',(12.,-16.74439765304,-0.5));
#1408 = DIRECTION('',(0.,0.,1.));
#1409 = DIRECTION('',(1.,0.,0.));
#1410 = ADVANCED_FACE('',(#1411),#1430,.F.);
#1411 = FACE_BOUND('',#1412,.F.);
#1412 = EDGE_LOOP('',(#1413,#1421,#1428,#1429));
#1413 = ORIENTED_EDGE('',*,*,#1414,.T.);
#1414 = EDGE_CURVE('',#456,#1415,#1417,.T.);
#1415 = VERTEX_POINT('',#1416);
#1416 = CARTESIAN_POINT('',(9.5,-24.,-8.));
#1417 = LINE('',#1418,#1419);
#1418 = CARTESIAN_POINT('',(9.5,-24.,0.));
#1419 = VECTOR('',#1420,1.);
#1420 = DIRECTION('',(-0.,-0.,-1.));
#1421 = ORIENTED_EDGE('',*,*,#1422,.T.);
#1422 = EDGE_CURVE('',#1415,#1415,#1423,.T.);
#1423 = CIRCLE('',#1424,2.);
#1424 = AXIS2_PLACEMENT_3D('',#1425,#1426,#1427);
#1425 = CARTESIAN_POINT('',(7.5,-24.,-8.));
#1426 = DIRECTION('',(0.,0.,1.));
#1427 = DIRECTION('',(1.,0.,0.));
#1428 = ORIENTED_EDGE('',*,*,#1414,.F.);
#1429 = ORIENTED_EDGE('',*,*,#455,.F.);
#1430 = CYLINDRICAL_SURFACE('',#1431,2.);
#1431 = AXIS2_PLACEMENT_3D('',#1432,#1433,#1434);
#1432 = CARTESIAN_POINT('',(7.5,-24.,0.));
#1433 = DIRECTION('',(-0.,-0.,1.));
#1434 = DIRECTION('',(1.,-0.,-0.));
#1435 = ADVANCED_FACE('',(#1436),#1460,.F.);
#1436 = FACE_BOUND('',#1437,.T.);
#1437 = EDGE_LOOP('',(#1438,#1439,#1447,#1453,#1459));
#1438 = ORIENTED_EDGE('',*,*,#833,.F.);
#1439 = ORIENTED_EDGE('',*,*,#1440,.T.);
#1440 = EDGE_CURVE('',#826,#1441,#1443,.T.);
#1441 = VERTEX_POINT('',#1442);
#1442 = CARTESIAN_POINT('',(-2.6,-23.6,-4.));
#1443 = LINE('',#1444,#1445);
#1444 = CARTESIAN_POINT('',(-2.6,-25.6,-4.));
#1445 = VECTOR('',#1446,1.);
#1446 = DIRECTION('',(0.,1.,2.2E-16));
#1447 = ORIENTED_EDGE('',*,*,#1448,.T.);
#1448 = EDGE_CURVE('',#1441,#937,#1449,.T.);
#1449 = LINE('',#1450,#1451);
#1450 = CARTESIAN_POINT('',(-2.6,-23.6,-4.));
#1451 = VECTOR('',#1452,1.);
#1452 = DIRECTION('',(0.,0.,1.));
#1453 = ORIENTED_EDGE('',*,*,#1454,.T.);
#1454 = EDGE_CURVE('',#937,#694,#1455,.T.);
#1455 = LINE('',#1456,#1457);
#1456 = CARTESIAN_POINT('',(-2.6,-23.6,-4.));
#1457 = VECTOR('',#1458,1.);
#1458 = DIRECTION('',(0.,0.,1.));
#1459 = ORIENTED_EDGE('',*,*,#701,.T.);
#1460 = PLANE('',#1461);
#1461 = AXIS2_PLACEMENT_3D('',#1462,#1463,#1464);
#1462 = CARTESIAN_POINT('',(-2.6,-25.6,-4.));
#1463 = DIRECTION('',(-1.,-0.,-0.));
#1464 = DIRECTION('',(0.,2.2E-16,-1.));
#1465 = ADVANCED_FACE('',(#1466),#1471,.T.);
#1466 = FACE_BOUND('',#1467,.F.);
#1467 = EDGE_LOOP('',(#1468,#1469,#1470));
#1468 = ORIENTED_EDGE('',*,*,#693,.T.);
#1469 = ORIENTED_EDGE('',*,*,#936,.F.);
#1470 = ORIENTED_EDGE('',*,*,#1454,.T.);
#1471 = PLANE('',#1472);
#1472 = AXIS2_PLACEMENT_3D('',#1473,#1474,#1475);
#1473 = CARTESIAN_POINT('',(-4.459043910455E-16,-23.6,-5.8878141657E-15)
  );
#1474 = DIRECTION('',(0.,1.,0.));
#1475 = DIRECTION('',(0.,0.,1.));
#1476 = ADVANCED_FACE('',(#1477),#1495,.T.);
#1477 = FACE_BOUND('',#1478,.F.);
#1478 = EDGE_LOOP('',(#1479,#1487,#1493,#1494));
#1479 = ORIENTED_EDGE('',*,*,#1480,.T.);
#1480 = EDGE_CURVE('',#1208,#1481,#1483,.T.);
#1481 = VERTEX_POINT('',#1482);
#1482 = CARTESIAN_POINT('',(-17.81265945488,-18.23200985436,-0.5));
#1483 = LINE('',#1484,#1485);
#1484 = CARTESIAN_POINT('',(-12.5,-38.99056519796,-0.5));
#1485 = VECTOR('',#1486,1.);
#1486 = DIRECTION('',(-0.247935366888,0.968776575814,0.));
#1487 = ORIENTED_EDGE('',*,*,#1488,.F.);
#1488 = EDGE_CURVE('',#581,#1481,#1489,.T.);
#1489 = LINE('',#1490,#1491);
#1490 = CARTESIAN_POINT('',(-17.81265945488,-18.23200985436,0.));
#1491 = VECTOR('',#1492,1.);
#1492 = DIRECTION('',(-0.,-0.,-1.));
#1493 = ORIENTED_EDGE('',*,*,#580,.F.);
#1494 = ORIENTED_EDGE('',*,*,#1216,.T.);
#1495 = PLANE('',#1496);
#1496 = AXIS2_PLACEMENT_3D('',#1497,#1498,#1499);
#1497 = CARTESIAN_POINT('',(-12.5,-38.99056519796,0.));
#1498 = DIRECTION('',(-0.968776575814,-0.247935366888,-0.));
#1499 = DIRECTION('',(0.247935366888,-0.968776575814,0.));
#1500 = ADVANCED_FACE('',(#1501),#1520,.T.);
#1501 = FACE_BOUND('',#1502,.F.);
#1502 = EDGE_LOOP('',(#1503,#1504,#1505,#1514));
#1503 = ORIENTED_EDGE('',*,*,#588,.T.);
#1504 = ORIENTED_EDGE('',*,*,#1488,.T.);
#1505 = ORIENTED_EDGE('',*,*,#1506,.F.);
#1506 = EDGE_CURVE('',#1507,#1481,#1509,.T.);
#1507 = VERTEX_POINT('',#1508);
#1508 = CARTESIAN_POINT('',(-18.,-16.74439765304,-0.5));
#1509 = CIRCLE('',#1510,6.);
#1510 = AXIS2_PLACEMENT_3D('',#1511,#1512,#1513);
#1511 = CARTESIAN_POINT('',(-12.,-16.74439765304,-0.5));
#1512 = DIRECTION('',(0.,0.,1.));
#1513 = DIRECTION('',(-1.,-0.,-0.));
#1514 = ORIENTED_EDGE('',*,*,#1515,.F.);
#1515 = EDGE_CURVE('',#589,#1507,#1516,.T.);
#1516 = LINE('',#1517,#1518);
#1517 = CARTESIAN_POINT('',(-18.,-16.74439765304,0.));
#1518 = VECTOR('',#1519,1.);
#1519 = DIRECTION('',(-0.,-0.,-1.));
#1520 = CYLINDRICAL_SURFACE('',#1521,6.);
#1521 = AXIS2_PLACEMENT_3D('',#1522,#1523,#1524);
#1522 = CARTESIAN_POINT('',(-12.,-16.74439765304,0.));
#1523 = DIRECTION('',(-0.,-0.,-1.));
#1524 = DIRECTION('',(-1.,-0.,-0.));
#1525 = ADVANCED_FACE('',(#1526),#1557,.T.);
#1526 = FACE_BOUND('',#1527,.F.);
#1527 = EDGE_LOOP('',(#1528,#1548,#1555,#1556));
#1528 = ORIENTED_EDGE('',*,*,#1529,.T.);
#1529 = EDGE_CURVE('',#1507,#1530,#1532,.T.);
#1530 = VERTEX_POINT('',#1531);
#1531 = CARTESIAN_POINT('',(-18.,-16.2530513818,-1.739503983151));
#1532 = ( BOUNDED_CURVE() B_SPLINE_CURVE(14,(#1533,#1534,#1535,#1536,
    #1537,#1538,#1539,#1540,#1541,#1542,#1543,#1544,#1545,#1546,#1547),
.UNSPECIFIED.,.F.,.F.) B_SPLINE_CURVE_WITH_KNOTS((15,15),(0.5,
25.213468879201),.PIECEWISE_BEZIER_KNOTS.) CURVE() 
GEOMETRIC_REPRESENTATION_ITEM() RATIONAL_B_SPLINE_CURVE((1.,1.,1.,
    0.999999999999,1.000000000002,0.999999999998,1.000000000002,1.,
    0.999999999998,1.000000000002,0.999999999998,1.000000000001,1.,1.,1.
)) REPRESENTATION_ITEM('') );
#1533 = CARTESIAN_POINT('',(-18.,-16.74439765304,-0.5));
#1534 = CARTESIAN_POINT('',(-18.,-16.74439765303,-1.05977182153));
#1535 = CARTESIAN_POINT('',(-18.,-16.52963884613,-1.640663978785));
#1536 = CARTESIAN_POINT('',(-17.99999999999,-16.08305845239,
    -2.224993014281));
#1537 = CARTESIAN_POINT('',(-18.,-15.38035986491,-2.756658754812));
#1538 = CARTESIAN_POINT('',(-17.99999999998,-14.58115188714,
    -3.222045415199));
#1539 = CARTESIAN_POINT('',(-18.00000000001,-13.50237099154,
    -3.763317808276));
#1540 = CARTESIAN_POINT('',(-17.99999999998,-12.32006980632,
    -4.142445876809));
#1541 = CARTESIAN_POINT('',(-18.00000000001,-10.91342520041,
    -4.623556681882));
#1542 = CARTESIAN_POINT('',(-17.99999999999,-9.366629186957,
    -4.972732406324));
#1543 = CARTESIAN_POINT('',(-18.,-7.648495254068,-5.342305670631));
#1544 = CARTESIAN_POINT('',(-17.99999999999,-5.789690166407,
    -5.64216698879));
#1545 = CARTESIAN_POINT('',(-18.,-3.786564735415,-5.91008109842));
#1546 = CARTESIAN_POINT('',(-18.,-1.646946915766,-6.127243616904));
#1547 = CARTESIAN_POINT('',(-18.,0.658628662252,-6.310294108695));
#1548 = ORIENTED_EDGE('',*,*,#1549,.F.);
#1549 = EDGE_CURVE('',#598,#1530,#1550,.T.);
#1550 = CIRCLE('',#1551,6.25);
#1551 = AXIS2_PLACEMENT_3D('',#1552,#1553,#1554);
#1552 = CARTESIAN_POINT('',(-18.,-10.25,0.));
#1553 = DIRECTION('',(1.,0.,0.));
#1554 = DIRECTION('',(0.,1.,0.));
#1555 = ORIENTED_EDGE('',*,*,#597,.F.);
#1556 = ORIENTED_EDGE('',*,*,#1515,.T.);
#1557 = PLANE('',#1558);
#1558 = AXIS2_PLACEMENT_3D('',#1559,#1560,#1561);
#1559 = CARTESIAN_POINT('',(-18.,-17.5,0.));
#1560 = DIRECTION('',(-1.,-0.,-0.));
#1561 = DIRECTION('',(0.,-1.,0.));
#1562 = ADVANCED_FACE('',(#1563),#1581,.F.);
#1563 = FACE_BOUND('',#1564,.T.);
#1564 = EDGE_LOOP('',(#1565,#1566,#1574,#1580));
#1565 = ORIENTED_EDGE('',*,*,#1014,.F.);
#1566 = ORIENTED_EDGE('',*,*,#1567,.T.);
#1567 = EDGE_CURVE('',#1015,#1568,#1570,.T.);
#1568 = VERTEX_POINT('',#1569);
#1569 = CARTESIAN_POINT('',(-5.,-16.5,-5.));
#1570 = LINE('',#1571,#1572);
#1571 = CARTESIAN_POINT('',(-5.,-20.,-5.));
#1572 = VECTOR('',#1573,1.);
#1573 = DIRECTION('',(0.,1.,2.22044604925E-16));
#1574 = ORIENTED_EDGE('',*,*,#1575,.T.);
#1575 = EDGE_CURVE('',#1568,#646,#1576,.T.);
#1576 = LINE('',#1577,#1578);
#1577 = CARTESIAN_POINT('',(-5.,-16.5,-5.625));
#1578 = VECTOR('',#1579,1.);
#1579 = DIRECTION('',(0.,0.,1.));
#1580 = ORIENTED_EDGE('',*,*,#653,.T.);
#1581 = PLANE('',#1582);
#1582 = AXIS2_PLACEMENT_3D('',#1583,#1584,#1585);
#1583 = CARTESIAN_POINT('',(-5.,-20.,-5.));
#1584 = DIRECTION('',(-1.,-0.,-0.));
#1585 = DIRECTION('',(0.,2.22044604925E-16,-1.));
#1586 = ADVANCED_FACE('',(#1587),#1731,.F.);
#1587 = FACE_BOUND('',#1588,.F.);
#1588 = EDGE_LOOP('',(#1589,#1599,#1608,#1617,#1624,#1625,#1626,#1724));
#1589 = ORIENTED_EDGE('',*,*,#1590,.F.);
#1590 = EDGE_CURVE('',#1591,#1593,#1595,.T.);
#1591 = VERTEX_POINT('',#1592);
#1592 = CARTESIAN_POINT('',(-14.3,-4.91628959276,-3.257918552036));
#1593 = VERTEX_POINT('',#1594);
#1594 = CARTESIAN_POINT('',(-18.,-4.91628959276,-3.257918552036));
#1595 = LINE('',#1596,#1597);
#1596 = CARTESIAN_POINT('',(-18.5,-4.91628959276,-3.257918552036));
#1597 = VECTOR('',#1598,1.);
#1598 = DIRECTION('',(-1.,0.,0.));
#1599 = ORIENTED_EDGE('',*,*,#1600,.F.);
#1600 = EDGE_CURVE('',#1601,#1591,#1603,.T.);
#1601 = VERTEX_POINT('',#1602);
#1602 = CARTESIAN_POINT('',(-14.3,-10.25,-6.25));
#1603 = CIRCLE('',#1604,6.25);
#1604 = AXIS2_PLACEMENT_3D('',#1605,#1606,#1607);
#1605 = CARTESIAN_POINT('',(-14.3,-10.25,0.));
#1606 = DIRECTION('',(1.,0.,0.));
#1607 = DIRECTION('',(0.,1.,0.));
#1608 = ORIENTED_EDGE('',*,*,#1609,.F.);
#1609 = EDGE_CURVE('',#1610,#1601,#1612,.T.);
#1610 = VERTEX_POINT('',#1611);
#1611 = CARTESIAN_POINT('',(-14.3,-12.,-6.));
#1612 = CIRCLE('',#1613,6.25);
#1613 = AXIS2_PLACEMENT_3D('',#1614,#1615,#1616);
#1614 = CARTESIAN_POINT('',(-14.3,-10.25,0.));
#1615 = DIRECTION('',(1.,0.,0.));
#1616 = DIRECTION('',(0.,1.,0.));
#1617 = ORIENTED_EDGE('',*,*,#1618,.F.);
#1618 = EDGE_CURVE('',#606,#1610,#1619,.T.);
#1619 = CIRCLE('',#1620,6.25);
#1620 = AXIS2_PLACEMENT_3D('',#1621,#1622,#1623);
#1621 = CARTESIAN_POINT('',(-14.3,-10.25,0.));
#1622 = DIRECTION('',(1.,0.,0.));
#1623 = DIRECTION('',(0.,1.,0.));
#1624 = ORIENTED_EDGE('',*,*,#605,.T.);
#1625 = ORIENTED_EDGE('',*,*,#1549,.T.);
#1626 = ORIENTED_EDGE('',*,*,#1627,.F.);
#1627 = EDGE_CURVE('',#1628,#1530,#1630,.T.);
#1628 = VERTEX_POINT('',#1629);
#1629 = CARTESIAN_POINT('',(-18.,-7.027033549994,-5.354903104832));
#1630 = B_SPLINE_CURVE_WITH_KNOTS('',8,(#1631,#1632,#1633,#1634,#1635,
    #1636,#1637,#1638,#1639,#1640,#1641,#1642,#1643,#1644,#1645,#1646,
    #1647,#1648,#1649,#1650,#1651,#1652,#1653,#1654,#1655,#1656,#1657,
    #1658,#1659,#1660,#1661,#1662,#1663,#1664,#1665,#1666,#1667,#1668,
    #1669,#1670,#1671,#1672,#1673,#1674,#1675,#1676,#1677,#1678,#1679,
    #1680,#1681,#1682,#1683,#1684,#1685,#1686,#1687,#1688,#1689,#1690,
    #1691,#1692,#1693,#1694,#1695,#1696,#1697,#1698,#1699,#1700,#1701,
    #1702,#1703,#1704,#1705,#1706,#1707,#1708,#1709,#1710,#1711,#1712,
    #1713,#1714,#1715,#1716,#1717,#1718,#1719,#1720,#1721,#1722,#1723),
  .UNSPECIFIED.,.F.,.F.,(9,7,7,7,7,7,7,7,7,7,7,7,7,9),(0.,0.160957323961
    ,0.24495337903,0.336030567154,0.432785520667,0.460583761695,
    0.503264393811,0.536889309605,0.555004494472,0.591915996727,
    0.709780851139,0.852664760118,0.934891146179,1.),.UNSPECIFIED.);
#1631 = CARTESIAN_POINT('',(-18.,-7.027033549994,-5.354903104832));
#1632 = CARTESIAN_POINT('',(-18.,-7.188937176098,-5.452348370386));
#1633 = CARTESIAN_POINT('',(-17.99695506574,-7.357766187198,
    -5.546340934531));
#1634 = CARTESIAN_POINT('',(-17.99100969469,-7.533618696063,
    -5.636353178635));
#1635 = CARTESIAN_POINT('',(-17.98235321369,-7.716581773165,
    -5.721832288188));
#1636 = CARTESIAN_POINT('',(-17.97122227694,-7.906745035055,
    -5.802198841146));
#1637 = CARTESIAN_POINT('',(-17.95789995444,-8.104215648886,
    -5.876846926963));
#1638 = CARTESIAN_POINT('',(-17.94271404016,-8.309150915214,
    -5.94513072636));
#1639 = CARTESIAN_POINT('',(-17.91733435543,-8.632808977463,
    -6.03825558033));
#1640 = CARTESIAN_POINT('',(-17.90822589927,-8.745895550155,
    -6.068255740784));
#1641 = CARTESIAN_POINT('',(-17.89876481983,-8.861123360924,
    -6.096220092691));
#1642 = CARTESIAN_POINT('',(-17.88900780428,-8.978536153709,
    -6.122037965755));
#1643 = CARTESIAN_POINT('',(-17.87901536971,-9.098183578781,
    -6.145590285233));
#1644 = CARTESIAN_POINT('',(-17.86885207095,-9.220124020154,
    -6.166747612801));
#1645 = CARTESIAN_POINT('',(-17.85858679437,-9.344429036426,
    -6.185366833006));
#1646 = CARTESIAN_POINT('',(-17.83713169267,-9.60863609445,
    -6.218548214626));
#1647 = CARTESIAN_POINT('',(-17.82593888195,-9.748944948228,
    -6.232632928642));
#1648 = CARTESIAN_POINT('',(-17.81480692895,-9.892250986797,
    -6.243338961782));
#1649 = CARTESIAN_POINT('',(-17.803836566,-10.03869111166,
    -6.250433706921));
#1650 = CARTESIAN_POINT('',(-17.79313846147,-10.18841152408,
    -6.253647852543));
#1651 = CARTESIAN_POINT('',(-17.7828337645,-10.34157405565,
    -6.25267120427));
#1652 = CARTESIAN_POINT('',(-17.77305505797,-10.49837298669,
    -6.247139085754));
#1653 = CARTESIAN_POINT('',(-17.75427529137,-10.82979296963,
    -6.225400428848));
#1654 = CARTESIAN_POINT('',(-17.74537541378,-11.00465588357,
    -6.208567064513));
#1655 = CARTESIAN_POINT('',(-17.73740715004,-11.18420967793,
    -6.185567355603));
#1656 = CARTESIAN_POINT('',(-17.73056670617,-11.36882700332,
    -6.155738860442));
#1657 = CARTESIAN_POINT('',(-17.7250878471,-11.55870896229,
    -6.118301128599));
#1658 = CARTESIAN_POINT('',(-17.72122905499,-11.75388318123,
    -6.072381911656));
#1659 = CARTESIAN_POINT('',(-17.71925213148,-11.95422129021,
    -6.017026464081));
#1660 = CARTESIAN_POINT('',(-17.71943688906,-12.21847768081,
    -5.932236685878));
#1661 = CARTESIAN_POINT('',(-17.71965314063,-12.27783187637,
    -5.912455399219));
#1662 = CARTESIAN_POINT('',(-17.72004972202,-12.33754335305,
    -5.891796971554));
#1663 = CARTESIAN_POINT('',(-17.72063157414,-12.39758568032,
    -5.870243953968));
#1664 = CARTESIAN_POINT('',(-17.72140299933,-12.45792489302,
    -5.847782076642));
#1665 = CARTESIAN_POINT('',(-17.72236739503,-12.51851918816,
    -5.824401327285));
#1666 = CARTESIAN_POINT('',(-17.72352698741,-12.57931862166,
    -5.80009702958));
#1667 = CARTESIAN_POINT('',(-17.72696388052,-12.73383984938,
    -5.73613946979));
#1668 = CARTESIAN_POINT('',(-17.72950797799,-12.82779554737,
    -5.69522067821));
#1669 = CARTESIAN_POINT('',(-17.73251717399,-12.92187369918,
    -5.652138161234));
#1670 = CARTESIAN_POINT('',(-17.73598493273,-13.01578605001,
    -5.606950734462));
#1671 = CARTESIAN_POINT('',(-17.73989397747,-13.10921664377,
    -5.559759852506));
#1672 = CARTESIAN_POINT('',(-17.74421527909,-13.20182440664,
    -5.510716979642));
#1673 = CARTESIAN_POINT('',(-17.74890792188,-13.29324596062,
    -5.460030893346));
#1674 = CARTESIAN_POINT('',(-17.7578683716,-13.45388697385,-5.366963867)
  );
#1675 = CARTESIAN_POINT('',(-17.76201639629,-13.52372428867,
    -5.325089268032));
#1676 = CARTESIAN_POINT('',(-17.76633882336,-13.5924277434,
    -5.282480994621));
#1677 = CARTESIAN_POINT('',(-17.77080883276,-13.65984576538,
    -5.2392701359));
#1678 = CARTESIAN_POINT('',(-17.77539880323,-13.72585504888,
    -5.195587034875));
#1679 = CARTESIAN_POINT('',(-17.7800812339,-13.79035752674,
    -5.151559323975));
#1680 = CARTESIAN_POINT('',(-17.78482966592,-13.85327734187,
    -5.107309960596));
#1681 = CARTESIAN_POINT('',(-17.79220014922,-13.94757224126,
    -5.039059483766));
#1682 = CARTESIAN_POINT('',(-17.79479297426,-13.98011403592,
    -5.015130857195));
#1683 = CARTESIAN_POINT('',(-17.79739438045,-14.01217629496,
    -4.99118611415));
#1684 = CARTESIAN_POINT('',(-17.80000088696,-14.04375442616,
    -4.96724081264));
#1685 = CARTESIAN_POINT('',(-17.802609239,-14.07484592603,
    -4.943309330305));
#1686 = CARTESIAN_POINT('',(-17.80521641589,-14.10545015281,
    -4.919404857248));
#1687 = CARTESIAN_POINT('',(-17.80781963919,-14.13556809953,
    -4.895539388868));
#1688 = CARTESIAN_POINT('',(-17.81570750187,-14.22558454552,
    -4.823196907079));
#1689 = CARTESIAN_POINT('',(-17.82097129022,-14.28395317263,
    -4.774880699509));
#1690 = CARTESIAN_POINT('',(-17.82618688083,-14.34033569738,
    -4.726861187604));
#1691 = CARTESIAN_POINT('',(-17.83133715714,-14.39477785205,
    -4.679208284466));
#1692 = CARTESIAN_POINT('',(-17.83640852277,-14.44733824595,
    -4.631976731634));
#1693 = CARTESIAN_POINT('',(-17.84139059755,-14.4980843955,
    -4.585207070664));
#1694 = CARTESIAN_POINT('',(-17.84627583787,-14.54708999031,
    -4.538926579335));
#1695 = CARTESIAN_POINT('',(-17.866332811,-14.74560913245,
    -4.346978133891));
#1696 = CARTESIAN_POINT('',(-17.88053157249,-14.87949057323,
    -4.206280665377));
#1697 = CARTESIAN_POINT('',(-17.89354198749,-14.99921181911,
    -4.071064191711));
#1698 = CARTESIAN_POINT('',(-17.90536597567,-15.10686155499,
    -3.941278388763));
#1699 = CARTESIAN_POINT('',(-17.91605969968,-15.20422165832,
    -3.816705352505));
#1700 = CARTESIAN_POINT('',(-17.9257070287,-15.29272901204,
    -3.697007829455));
#1701 = CARTESIAN_POINT('',(-17.93440031805,-15.37363694485,
    -3.581729924719));
#1702 = CARTESIAN_POINT('',(-17.95172401754,-15.53818645963,
    -3.335259445855));
#1703 = CARTESIAN_POINT('',(-17.95992652856,-15.61854680756,
    -3.206207632906));
#1704 = CARTESIAN_POINT('',(-17.96698725599,-15.69085301925,
    -3.082485786169));
#1705 = CARTESIAN_POINT('',(-17.97303685595,-15.75631494427,
    -2.963575705544));
#1706 = CARTESIAN_POINT('',(-17.9781914156,-15.81587664052,
    -2.849020702033));
#1707 = CARTESIAN_POINT('',(-17.98255390927,-15.87031282664,
    -2.738393572527));
#1708 = CARTESIAN_POINT('',(-17.98621506534,-15.92025131572,
    -2.631288443137));
#1709 = CARTESIAN_POINT('',(-17.99100447507,-15.99268954488,
    -2.467447767807));
#1710 = CARTESIAN_POINT('',(-17.99254790136,-16.0178332665,
    -2.408641536818));
#1711 = CARTESIAN_POINT('',(-17.99390053281,-16.04176120168,
    -2.350802559119));
#1712 = CARTESIAN_POINT('',(-17.99507641499,-16.06456191072,
    -2.293860240253));
#1713 = CARTESIAN_POINT('',(-17.99608856672,-16.0863146539,
    -2.237744963711));
#1714 = CARTESIAN_POINT('',(-17.99694910232,-16.10709119873,
    -2.182386513793));
#1715 = CARTESIAN_POINT('',(-17.99766933447,-16.12695717892,
    -2.127712201852));
#1716 = CARTESIAN_POINT('',(-17.9987274481,-16.16103019883,
    -2.030832728733));
#1717 = CARTESIAN_POINT('',(-17.9991137076,-16.17555418263,
    -1.988401716077));
#1718 = CARTESIAN_POINT('',(-17.99942390037,-16.18957500942,
    -1.94631319537));
#1719 = CARTESIAN_POINT('',(-17.99966300492,-16.20312055906,
    -1.904527138974));
#1720 = CARTESIAN_POINT('',(-17.99983574821,-16.21621689732,
    -1.863001387506));
#1721 = CARTESIAN_POINT('',(-17.99994663894,-16.2288886261,
    -1.82169049354));
#1722 = CARTESIAN_POINT('',(-18.,-16.24115922463,-1.780543975704));
#1723 = CARTESIAN_POINT('',(-18.,-16.2530513818,-1.739503983151));
#1724 = ORIENTED_EDGE('',*,*,#1725,.T.);
#1725 = EDGE_CURVE('',#1628,#1593,#1726,.T.);
#1726 = CIRCLE('',#1727,6.25);
#1727 = AXIS2_PLACEMENT_3D('',#1728,#1729,#1730);
#1728 = CARTESIAN_POINT('',(-18.,-10.25,0.));
#1729 = DIRECTION('',(1.,0.,0.));
#1730 = DIRECTION('',(0.,1.,0.));
#1731 = CYLINDRICAL_SURFACE('',#1732,6.25);
#1732 = AXIS2_PLACEMENT_3D('',#1733,#1734,#1735);
#1733 = CARTESIAN_POINT('',(-18.5,-10.25,0.));
#1734 = DIRECTION('',(-1.,0.,0.));
#1735 = DIRECTION('',(0.,1.,0.));
#1736 = ADVANCED_FACE('',(#1737),#1779,.T.);
#1737 = FACE_BOUND('',#1738,.F.);
#1738 = EDGE_LOOP('',(#1739,#1749,#1757,#1765,#1771,#1772,#1773));
#1739 = ORIENTED_EDGE('',*,*,#1740,.T.);
#1740 = EDGE_CURVE('',#1741,#1743,#1745,.T.);
#1741 = VERTEX_POINT('',#1742);
#1742 = CARTESIAN_POINT('',(-7.,-16.5,-3.533778548736));
#1743 = VERTEX_POINT('',#1744);
#1744 = CARTESIAN_POINT('',(-7.,-16.5,-6.25));
#1745 = LINE('',#1746,#1747);
#1746 = CARTESIAN_POINT('',(-7.,-16.5,-3.125));
#1747 = VECTOR('',#1748,1.);
#1748 = DIRECTION('',(-0.,-0.,-1.));
#1749 = ORIENTED_EDGE('',*,*,#1750,.T.);
#1750 = EDGE_CURVE('',#1743,#1751,#1753,.T.);
#1751 = VERTEX_POINT('',#1752);
#1752 = CARTESIAN_POINT('',(10.2,-16.5,-6.25));
#1753 = LINE('',#1754,#1755);
#1754 = CARTESIAN_POINT('',(-14.3,-16.5,-6.25));
#1755 = VECTOR('',#1756,1.);
#1756 = DIRECTION('',(1.,0.,0.));
#1757 = ORIENTED_EDGE('',*,*,#1758,.T.);
#1758 = EDGE_CURVE('',#1751,#1759,#1761,.T.);
#1759 = VERTEX_POINT('',#1760);
#1760 = CARTESIAN_POINT('',(10.2,-16.5,-5.));
#1761 = LINE('',#1762,#1763);
#1762 = CARTESIAN_POINT('',(10.2,-16.5,-6.25));
#1763 = VECTOR('',#1764,1.);
#1764 = DIRECTION('',(0.,0.,1.));
#1765 = ORIENTED_EDGE('',*,*,#1766,.T.);
#1766 = EDGE_CURVE('',#1759,#1568,#1767,.T.);
#1767 = LINE('',#1768,#1769);
#1768 = CARTESIAN_POINT('',(0.85,-16.5,-5.));
#1769 = VECTOR('',#1770,1.);
#1770 = DIRECTION('',(-1.,-0.,-0.));
#1771 = ORIENTED_EDGE('',*,*,#1575,.T.);
#1772 = ORIENTED_EDGE('',*,*,#645,.T.);
#1773 = ORIENTED_EDGE('',*,*,#1774,.T.);
#1774 = EDGE_CURVE('',#638,#1741,#1775,.T.);
#1775 = LINE('',#1776,#1777);
#1776 = CARTESIAN_POINT('',(-7.670720023019,-16.5,-5.113895901771));
#1777 = VECTOR('',#1778,1.);
#1778 = DIRECTION('',(-0.390731128489,-0.,-0.920504853452));
#1779 = PLANE('',#1780);
#1780 = AXIS2_PLACEMENT_3D('',#1781,#1782,#1783);
#1781 = CARTESIAN_POINT('',(-14.3,-16.5,-6.25));
#1782 = DIRECTION('',(0.,1.,0.));
#1783 = DIRECTION('',(0.,0.,-1.));
#1784 = ADVANCED_FACE('',(#1785),#1810,.T.);
#1785 = FACE_BOUND('',#1786,.F.);
#1786 = EDGE_LOOP('',(#1787,#1795,#1803,#1809));
#1787 = ORIENTED_EDGE('',*,*,#1788,.F.);
#1788 = EDGE_CURVE('',#1789,#606,#1791,.T.);
#1789 = VERTEX_POINT('',#1790);
#1790 = CARTESIAN_POINT('',(-14.3,-16.5,-6.25));
#1791 = LINE('',#1792,#1793);
#1792 = CARTESIAN_POINT('',(-14.3,-16.5,-6.25));
#1793 = VECTOR('',#1794,1.);
#1794 = DIRECTION('',(0.,0.,1.));
#1795 = ORIENTED_EDGE('',*,*,#1796,.T.);
#1796 = EDGE_CURVE('',#1789,#1797,#1799,.T.);
#1797 = VERTEX_POINT('',#1798);
#1798 = CARTESIAN_POINT('',(-10.,-16.5,-6.25));
#1799 = LINE('',#1800,#1801);
#1800 = CARTESIAN_POINT('',(-14.3,-16.5,-6.25));
#1801 = VECTOR('',#1802,1.);
#1802 = DIRECTION('',(1.,0.,0.));
#1803 = ORIENTED_EDGE('',*,*,#1804,.F.);
#1804 = EDGE_CURVE('',#614,#1797,#1805,.T.);
#1805 = LINE('',#1806,#1807);
#1806 = CARTESIAN_POINT('',(-10.,-16.5,-3.125));
#1807 = VECTOR('',#1808,1.);
#1808 = DIRECTION('',(-0.,-0.,-1.));
#1809 = ORIENTED_EDGE('',*,*,#613,.T.);
#1810 = PLANE('',#1811);
#1811 = AXIS2_PLACEMENT_3D('',#1812,#1813,#1814);
#1812 = CARTESIAN_POINT('',(-14.3,-16.5,-6.25));
#1813 = DIRECTION('',(0.,1.,0.));
#1814 = DIRECTION('',(0.,0.,-1.));
#1815 = ADVANCED_FACE('',(#1816),#1834,.T.);
#1816 = FACE_BOUND('',#1817,.T.);
#1817 = EDGE_LOOP('',(#1818,#1826,#1827,#1828));
#1818 = ORIENTED_EDGE('',*,*,#1819,.F.);
#1819 = EDGE_CURVE('',#630,#1820,#1822,.T.);
#1820 = VERTEX_POINT('',#1821);
#1821 = CARTESIAN_POINT('',(-7.,-21.,-3.533778548736));
#1822 = LINE('',#1823,#1824);
#1823 = CARTESIAN_POINT('',(-7.342477771263,-21.,-4.340605616407));
#1824 = VECTOR('',#1825,1.);
#1825 = DIRECTION('',(-0.390731128489,-0.,-0.920504853452));
#1826 = ORIENTED_EDGE('',*,*,#637,.T.);
#1827 = ORIENTED_EDGE('',*,*,#1774,.T.);
#1828 = ORIENTED_EDGE('',*,*,#1829,.F.);
#1829 = EDGE_CURVE('',#1820,#1741,#1830,.T.);
#1830 = LINE('',#1831,#1832);
#1831 = CARTESIAN_POINT('',(-7.,-21.,-3.533778548736));
#1832 = VECTOR('',#1833,1.);
#1833 = DIRECTION('',(0.,1.,0.));
#1834 = PLANE('',#1835);
#1835 = AXIS2_PLACEMENT_3D('',#1836,#1837,#1838);
#1836 = CARTESIAN_POINT('',(-6.25,-21.,-1.766889274368));
#1837 = DIRECTION('',(-0.920504853452,0.,0.390731128489));
#1838 = DIRECTION('',(0.,1.,0.));
#1839 = ADVANCED_FACE('',(#1840),#1858,.T.);
#1840 = FACE_BOUND('',#1841,.F.);
#1841 = EDGE_LOOP('',(#1842,#1850,#1856,#1857));
#1842 = ORIENTED_EDGE('',*,*,#1843,.T.);
#1843 = EDGE_CURVE('',#1797,#1844,#1846,.T.);
#1844 = VERTEX_POINT('',#1845);
#1845 = CARTESIAN_POINT('',(-10.,-21.,-6.25));
#1846 = LINE('',#1847,#1848);
#1847 = CARTESIAN_POINT('',(-10.,12.,-6.25));
#1848 = VECTOR('',#1849,1.);
#1849 = DIRECTION('',(-0.,-1.,-0.));
#1850 = ORIENTED_EDGE('',*,*,#1851,.T.);
#1851 = EDGE_CURVE('',#1844,#622,#1852,.T.);
#1852 = LINE('',#1853,#1854);
#1853 = CARTESIAN_POINT('',(-10.,-21.,-6.25));
#1854 = VECTOR('',#1855,1.);
#1855 = DIRECTION('',(0.,0.,1.));
#1856 = ORIENTED_EDGE('',*,*,#621,.T.);
#1857 = ORIENTED_EDGE('',*,*,#1804,.T.);
#1858 = PLANE('',#1859);
#1859 = AXIS2_PLACEMENT_3D('',#1860,#1861,#1862);
#1860 = CARTESIAN_POINT('',(-10.,-4.5,0.));
#1861 = DIRECTION('',(1.,0.,0.));
#1862 = DIRECTION('',(0.,0.,1.));
#1863 = ADVANCED_FACE('',(#1864),#1883,.T.);
#1864 = FACE_BOUND('',#1865,.F.);
#1865 = EDGE_LOOP('',(#1866,#1874,#1875,#1876,#1877));
#1866 = ORIENTED_EDGE('',*,*,#1867,.T.);
#1867 = EDGE_CURVE('',#1868,#1820,#1870,.T.);
#1868 = VERTEX_POINT('',#1869);
#1869 = CARTESIAN_POINT('',(-7.,-21.,-6.25));
#1870 = LINE('',#1871,#1872);
#1871 = CARTESIAN_POINT('',(-7.,-21.,-6.25));
#1872 = VECTOR('',#1873,1.);
#1873 = DIRECTION('',(0.,0.,1.));
#1874 = ORIENTED_EDGE('',*,*,#1819,.F.);
#1875 = ORIENTED_EDGE('',*,*,#629,.T.);
#1876 = ORIENTED_EDGE('',*,*,#1851,.F.);
#1877 = ORIENTED_EDGE('',*,*,#1878,.T.);
#1878 = EDGE_CURVE('',#1844,#1868,#1879,.T.);
#1879 = LINE('',#1880,#1881);
#1880 = CARTESIAN_POINT('',(-10.,-21.,-6.25));
#1881 = VECTOR('',#1882,1.);
#1882 = DIRECTION('',(1.,0.,0.));
#1883 = PLANE('',#1884);
#1884 = AXIS2_PLACEMENT_3D('',#1885,#1886,#1887);
#1885 = CARTESIAN_POINT('',(-10.,-21.,-6.25));
#1886 = DIRECTION('',(0.,1.,0.));
#1887 = DIRECTION('',(0.,0.,-1.));
#1888 = ADVANCED_FACE('',(#1889),#1908,.F.);
#1889 = FACE_BOUND('',#1890,.F.);
#1890 = EDGE_LOOP('',(#1891,#1899,#1906,#1907));
#1891 = ORIENTED_EDGE('',*,*,#1892,.T.);
#1892 = EDGE_CURVE('',#742,#1893,#1895,.T.);
#1893 = VERTEX_POINT('',#1894);
#1894 = CARTESIAN_POINT('',(-5.5,-24.,-8.));
#1895 = LINE('',#1896,#1897);
#1896 = CARTESIAN_POINT('',(-5.5,-24.,0.));
#1897 = VECTOR('',#1898,1.);
#1898 = DIRECTION('',(-0.,-0.,-1.));
#1899 = ORIENTED_EDGE('',*,*,#1900,.T.);
#1900 = EDGE_CURVE('',#1893,#1893,#1901,.T.);
#1901 = CIRCLE('',#1902,2.);
#1902 = AXIS2_PLACEMENT_3D('',#1903,#1904,#1905);
#1903 = CARTESIAN_POINT('',(-7.5,-24.,-8.));
#1904 = DIRECTION('',(0.,0.,1.));
#1905 = DIRECTION('',(1.,0.,0.));
#1906 = ORIENTED_EDGE('',*,*,#1892,.F.);
#1907 = ORIENTED_EDGE('',*,*,#741,.F.);
#1908 = CYLINDRICAL_SURFACE('',#1909,2.);
#1909 = AXIS2_PLACEMENT_3D('',#1910,#1911,#1912);
#1910 = CARTESIAN_POINT('',(-7.5,-24.,0.));
#1911 = DIRECTION('',(-0.,-0.,1.));
#1912 = DIRECTION('',(1.,-0.,-0.));
#1913 = ADVANCED_FACE('',(#1914),#1937,.F.);
#1914 = FACE_BOUND('',#1915,.T.);
#1915 = EDGE_LOOP('',(#1916,#1917,#1923,#1929,#1935,#1936));
#1916 = ORIENTED_EDGE('',*,*,#883,.T.);
#1917 = ORIENTED_EDGE('',*,*,#1918,.T.);
#1918 = EDGE_CURVE('',#876,#955,#1919,.T.);
#1919 = LINE('',#1920,#1921);
#1920 = CARTESIAN_POINT('',(2.6,-23.6,-4.));
#1921 = VECTOR('',#1922,1.);
#1922 = DIRECTION('',(-1.,0.,-0.));
#1923 = ORIENTED_EDGE('',*,*,#1924,.T.);
#1924 = EDGE_CURVE('',#955,#946,#1925,.T.);
#1925 = LINE('',#1926,#1927);
#1926 = CARTESIAN_POINT('',(2.6,-23.6,-4.));
#1927 = VECTOR('',#1928,1.);
#1928 = DIRECTION('',(-1.,0.,-0.));
#1929 = ORIENTED_EDGE('',*,*,#1930,.T.);
#1930 = EDGE_CURVE('',#946,#1441,#1931,.T.);
#1931 = LINE('',#1932,#1933);
#1932 = CARTESIAN_POINT('',(2.6,-23.6,-4.));
#1933 = VECTOR('',#1934,1.);
#1934 = DIRECTION('',(-1.,0.,-0.));
#1935 = ORIENTED_EDGE('',*,*,#1440,.F.);
#1936 = ORIENTED_EDGE('',*,*,#825,.F.);
#1937 = PLANE('',#1938);
#1938 = AXIS2_PLACEMENT_3D('',#1939,#1940,#1941);
#1939 = CARTESIAN_POINT('',(2.6,-25.6,-4.));
#1940 = DIRECTION('',(0.,2.2E-16,-1.));
#1941 = DIRECTION('',(1.,0.,0.));
#1942 = ADVANCED_FACE('',(#1943),#1948,.F.);
#1943 = FACE_BOUND('',#1944,.T.);
#1944 = EDGE_LOOP('',(#1945,#1946,#1947));
#1945 = ORIENTED_EDGE('',*,*,#875,.F.);
#1946 = ORIENTED_EDGE('',*,*,#963,.T.);
#1947 = ORIENTED_EDGE('',*,*,#1918,.F.);
#1948 = PLANE('',#1949);
#1949 = AXIS2_PLACEMENT_3D('',#1950,#1951,#1952);
#1950 = CARTESIAN_POINT('',(0.,-23.6,-5.58E-15));
#1951 = DIRECTION('',(0.,1.,0.));
#1952 = DIRECTION('',(0.,0.,1.));
#1953 = ADVANCED_FACE('',(#1954),#1958,.T.);
#1954 = FACE_BOUND('',#1955,.F.);
#1955 = EDGE_LOOP('',(#1956,#1957));
#1956 = ORIENTED_EDGE('',*,*,#954,.F.);
#1957 = ORIENTED_EDGE('',*,*,#1924,.T.);
#1958 = PLANE('',#1959);
#1959 = AXIS2_PLACEMENT_3D('',#1960,#1961,#1962);
#1960 = CARTESIAN_POINT('',(-4.459043910455E-16,-23.6,-5.8878141657E-15)
  );
#1961 = DIRECTION('',(0.,1.,0.));
#1962 = DIRECTION('',(0.,0.,1.));
#1963 = ADVANCED_FACE('',(#1964),#1969,.F.);
#1964 = FACE_BOUND('',#1965,.T.);
#1965 = EDGE_LOOP('',(#1966,#1967,#1968));
#1966 = ORIENTED_EDGE('',*,*,#945,.T.);
#1967 = ORIENTED_EDGE('',*,*,#1448,.F.);
#1968 = ORIENTED_EDGE('',*,*,#1930,.F.);
#1969 = PLANE('',#1970);
#1970 = AXIS2_PLACEMENT_3D('',#1971,#1972,#1973);
#1971 = CARTESIAN_POINT('',(0.,-23.6,-5.58E-15));
#1972 = DIRECTION('',(0.,1.,0.));
#1973 = DIRECTION('',(0.,0.,1.));
#1974 = ADVANCED_FACE('',(#1975),#1995,.T.);
#1975 = FACE_BOUND('',#1976,.F.);
#1976 = EDGE_LOOP('',(#1977,#1978,#1979,#1980,#1988,#1994));
#1977 = ORIENTED_EDGE('',*,*,#1022,.T.);
#1978 = ORIENTED_EDGE('',*,*,#1567,.T.);
#1979 = ORIENTED_EDGE('',*,*,#1766,.F.);
#1980 = ORIENTED_EDGE('',*,*,#1981,.T.);
#1981 = EDGE_CURVE('',#1759,#1982,#1984,.T.);
#1982 = VERTEX_POINT('',#1983);
#1983 = CARTESIAN_POINT('',(10.2,4.,-5.));
#1984 = LINE('',#1985,#1986);
#1985 = CARTESIAN_POINT('',(10.2,-20.,-5.));
#1986 = VECTOR('',#1987,1.);
#1987 = DIRECTION('',(8.659560562355E-17,1.,2.22044604925E-16));
#1988 = ORIENTED_EDGE('',*,*,#1989,.T.);
#1989 = EDGE_CURVE('',#1982,#1067,#1990,.T.);
#1990 = LINE('',#1991,#1992);
#1991 = CARTESIAN_POINT('',(10.2,4.,-5.));
#1992 = VECTOR('',#1993,1.);
#1993 = DIRECTION('',(1.,-8.659560562355E-17,-8.659560562355E-17));
#1994 = ORIENTED_EDGE('',*,*,#1066,.F.);
#1995 = PLANE('',#1996);
#1996 = AXIS2_PLACEMENT_3D('',#1997,#1998,#1999);
#1997 = CARTESIAN_POINT('',(8.962222222222,-11.46222222222,-5.));
#1998 = DIRECTION('',(0.,-3.701836164394E-16,1.));
#1999 = DIRECTION('',(0.,1.,3.701836164394E-16));
#2000 = ADVANCED_FACE('',(#2001,#2153),#2164,.T.);
#2001 = FACE_BOUND('',#2002,.F.);
#2002 = EDGE_LOOP('',(#2003,#2013,#2021,#2030,#2038,#2047,#2055,#2064,
    #2072,#2081,#2087,#2088,#2089,#2090,#2091,#2099,#2107,#2115,#2123,
    #2131,#2139,#2147));
#2003 = ORIENTED_EDGE('',*,*,#2004,.F.);
#2004 = EDGE_CURVE('',#2005,#2007,#2009,.T.);
#2005 = VERTEX_POINT('',#2006);
#2006 = CARTESIAN_POINT('',(-18.,-1.25,0.));
#2007 = VERTEX_POINT('',#2008);
#2008 = CARTESIAN_POINT('',(-14.3,-1.25,0.));
#2009 = LINE('',#2010,#2011);
#2010 = CARTESIAN_POINT('',(-18.5,-1.25,0.));
#2011 = VECTOR('',#2012,1.);
#2012 = DIRECTION('',(1.,0.,0.));
#2013 = ORIENTED_EDGE('',*,*,#2014,.T.);
#2014 = EDGE_CURVE('',#2005,#2015,#2017,.T.);
#2015 = VERTEX_POINT('',#2016);
#2016 = CARTESIAN_POINT('',(-18.,0.658628662252,0.));
#2017 = LINE('',#2018,#2019);
#2018 = CARTESIAN_POINT('',(-18.,-17.5,0.));
#2019 = VECTOR('',#2020,1.);
#2020 = DIRECTION('',(0.,1.,0.));
#2021 = ORIENTED_EDGE('',*,*,#2022,.T.);
#2022 = EDGE_CURVE('',#2015,#2023,#2025,.T.);
#2023 = VERTEX_POINT('',#2024);
#2024 = CARTESIAN_POINT('',(-17.09393987104,4.103029458928,0.));
#2025 = CIRCLE('',#2026,7.);
#2026 = AXIS2_PLACEMENT_3D('',#2027,#2028,#2029);
#2027 = CARTESIAN_POINT('',(-11.,0.658628662252,0.));
#2028 = DIRECTION('',(0.,0.,-1.));
#2029 = DIRECTION('',(-0.,-1.,-0.));
#2030 = ORIENTED_EDGE('',*,*,#2031,.T.);
#2031 = EDGE_CURVE('',#2023,#2032,#2034,.T.);
#2032 = VERTEX_POINT('',#2033);
#2033 = CARTESIAN_POINT('',(-13.50968650622,10.444400796675,0.));
#2034 = LINE('',#2035,#2036);
#2035 = CARTESIAN_POINT('',(-18.,2.5,0.));
#2036 = VECTOR('',#2037,1.);
#2037 = DIRECTION('',(0.492057256668,0.87056283872,0.));
#2038 = ORIENTED_EDGE('',*,*,#2039,.T.);
#2039 = EDGE_CURVE('',#2032,#2040,#2042,.T.);
#2040 = VERTEX_POINT('',#2041);
#2041 = CARTESIAN_POINT('',(-7.415746635186,14.,0.));
#2042 = CIRCLE('',#2043,7.);
#2043 = AXIS2_PLACEMENT_3D('',#2044,#2045,#2046);
#2044 = CARTESIAN_POINT('',(-7.415746635186,7.,0.));
#2045 = DIRECTION('',(0.,0.,-1.));
#2046 = DIRECTION('',(-0.,-1.,-0.));
#2047 = ORIENTED_EDGE('',*,*,#2048,.T.);
#2048 = EDGE_CURVE('',#2040,#2049,#2051,.T.);
#2049 = VERTEX_POINT('',#2050);
#2050 = CARTESIAN_POINT('',(7.415746635186,14.,0.));
#2051 = LINE('',#2052,#2053);
#2052 = CARTESIAN_POINT('',(-11.5,14.,0.));
#2053 = VECTOR('',#2054,1.);
#2054 = DIRECTION('',(1.,0.,0.));
#2055 = ORIENTED_EDGE('',*,*,#2056,.T.);
#2056 = EDGE_CURVE('',#2049,#2057,#2059,.T.);
#2057 = VERTEX_POINT('',#2058);
#2058 = CARTESIAN_POINT('',(13.509686506227,10.444400796675,0.));
#2059 = CIRCLE('',#2060,7.);
#2060 = AXIS2_PLACEMENT_3D('',#2061,#2062,#2063);
#2061 = CARTESIAN_POINT('',(7.415746635186,7.,0.));
#2062 = DIRECTION('',(0.,0.,-1.));
#2063 = DIRECTION('',(-0.,-1.,-0.));
#2064 = ORIENTED_EDGE('',*,*,#2065,.T.);
#2065 = EDGE_CURVE('',#2057,#2066,#2068,.T.);
#2066 = VERTEX_POINT('',#2067);
#2067 = CARTESIAN_POINT('',(17.093939871041,4.103029458928,0.));
#2068 = LINE('',#2069,#2070);
#2069 = CARTESIAN_POINT('',(11.5,14.,0.));
#2070 = VECTOR('',#2071,1.);
#2071 = DIRECTION('',(0.492057256668,-0.87056283872,0.));
#2072 = ORIENTED_EDGE('',*,*,#2073,.T.);
#2073 = EDGE_CURVE('',#2066,#2074,#2076,.T.);
#2074 = VERTEX_POINT('',#2075);
#2075 = CARTESIAN_POINT('',(18.,0.658628662252,0.));
#2076 = CIRCLE('',#2077,7.);
#2077 = AXIS2_PLACEMENT_3D('',#2078,#2079,#2080);
#2078 = CARTESIAN_POINT('',(11.,0.658628662252,0.));
#2079 = DIRECTION('',(0.,0.,-1.));
#2080 = DIRECTION('',(-0.,-1.,-0.));
#2081 = ORIENTED_EDGE('',*,*,#2082,.T.);
#2082 = EDGE_CURVE('',#2074,#1236,#2083,.T.);
#2083 = LINE('',#2084,#2085);
#2084 = CARTESIAN_POINT('',(18.,2.5,0.));
#2085 = VECTOR('',#2086,1.);
#2086 = DIRECTION('',(-0.,-1.,-0.));
#2087 = ORIENTED_EDGE('',*,*,#1244,.T.);
#2088 = ORIENTED_EDGE('',*,*,#1157,.F.);
#2089 = ORIENTED_EDGE('',*,*,#1115,.F.);
#2090 = ORIENTED_EDGE('',*,*,#1047,.T.);
#2091 = ORIENTED_EDGE('',*,*,#2092,.T.);
#2092 = EDGE_CURVE('',#1050,#2093,#2095,.T.);
#2093 = VERTEX_POINT('',#2094);
#2094 = CARTESIAN_POINT('',(10.2,4.,0.));
#2095 = LINE('',#2096,#2097);
#2096 = CARTESIAN_POINT('',(6.55,4.,0.));
#2097 = VECTOR('',#2098,1.);
#2098 = DIRECTION('',(-1.,-0.,-0.));
#2099 = ORIENTED_EDGE('',*,*,#2100,.T.);
#2100 = EDGE_CURVE('',#2093,#2101,#2103,.T.);
#2101 = VERTEX_POINT('',#2102);
#2102 = CARTESIAN_POINT('',(10.2,7.,0.));
#2103 = LINE('',#2104,#2105);
#2104 = CARTESIAN_POINT('',(10.2,-8.634815398698,0.));
#2105 = VECTOR('',#2106,1.);
#2106 = DIRECTION('',(0.,1.,0.));
#2107 = ORIENTED_EDGE('',*,*,#2108,.F.);
#2108 = EDGE_CURVE('',#2109,#2101,#2111,.T.);
#2109 = VERTEX_POINT('',#2110);
#2110 = CARTESIAN_POINT('',(-5.5,7.,0.));
#2111 = LINE('',#2112,#2113);
#2112 = CARTESIAN_POINT('',(-7.15,7.,0.));
#2113 = VECTOR('',#2114,1.);
#2114 = DIRECTION('',(1.,0.,0.));
#2115 = ORIENTED_EDGE('',*,*,#2116,.T.);
#2116 = EDGE_CURVE('',#2109,#2117,#2119,.T.);
#2117 = VERTEX_POINT('',#2118);
#2118 = CARTESIAN_POINT('',(-5.5,12.,0.));
#2119 = LINE('',#2120,#2121);
#2120 = CARTESIAN_POINT('',(-5.5,-21.,0.));
#2121 = VECTOR('',#2122,1.);
#2122 = DIRECTION('',(0.,1.,0.));
#2123 = ORIENTED_EDGE('',*,*,#2124,.F.);
#2124 = EDGE_CURVE('',#2125,#2117,#2127,.T.);
#2125 = VERTEX_POINT('',#2126);
#2126 = CARTESIAN_POINT('',(-10.,12.,0.));
#2127 = LINE('',#2128,#2129);
#2128 = CARTESIAN_POINT('',(-5.,12.,0.));
#2129 = VECTOR('',#2130,1.);
#2130 = DIRECTION('',(1.,0.,0.));
#2131 = ORIENTED_EDGE('',*,*,#2132,.F.);
#2132 = EDGE_CURVE('',#2133,#2125,#2135,.T.);
#2133 = VERTEX_POINT('',#2134);
#2134 = CARTESIAN_POINT('',(-10.,7.,0.));
#2135 = LINE('',#2136,#2137);
#2136 = CARTESIAN_POINT('',(-10.,-8.509815398698,0.));
#2137 = VECTOR('',#2138,1.);
#2138 = DIRECTION('',(0.,1.,0.));
#2139 = ORIENTED_EDGE('',*,*,#2140,.F.);
#2140 = EDGE_CURVE('',#2141,#2133,#2143,.T.);
#2141 = VERTEX_POINT('',#2142);
#2142 = CARTESIAN_POINT('',(-14.3,7.,0.));
#2143 = LINE('',#2144,#2145);
#2144 = CARTESIAN_POINT('',(-7.15,7.,0.));
#2145 = VECTOR('',#2146,1.);
#2146 = DIRECTION('',(1.,0.,0.));
#2147 = ORIENTED_EDGE('',*,*,#2148,.F.);
#2148 = EDGE_CURVE('',#2007,#2141,#2149,.T.);
#2149 = LINE('',#2150,#2151);
#2150 = CARTESIAN_POINT('',(-14.3,-8.634815398698,0.));
#2151 = VECTOR('',#2152,1.);
#2152 = DIRECTION('',(0.,1.,0.));
#2153 = FACE_BOUND('',#2154,.F.);
#2154 = EDGE_LOOP('',(#2155));
#2155 = ORIENTED_EDGE('',*,*,#2156,.T.);
#2156 = EDGE_CURVE('',#2157,#2157,#2159,.T.);
#2157 = VERTEX_POINT('',#2158);
#2158 = CARTESIAN_POINT('',(2.,10.,0.));
#2159 = CIRCLE('',#2160,2.);
#2160 = AXIS2_PLACEMENT_3D('',#2161,#2162,#2163);
#2161 = CARTESIAN_POINT('',(0.,10.,0.));
#2162 = DIRECTION('',(0.,0.,1.));
#2163 = DIRECTION('',(1.,0.,0.));
#2164 = PLANE('',#2165);
#2165 = AXIS2_PLACEMENT_3D('',#2166,#2167,#2168);
#2166 = CARTESIAN_POINT('',(1.679074511946,-10.60317897163,
    -7.886505930168E-17));
#2167 = DIRECTION('',(0.,0.,1.));
#2168 = DIRECTION('',(1.,0.,0.));
#2169 = ADVANCED_FACE('',(#2170),#2181,.F.);
#2170 = FACE_BOUND('',#2171,.T.);
#2171 = EDGE_LOOP('',(#2172,#2173,#2174,#2175));
#2172 = ORIENTED_EDGE('',*,*,#1989,.T.);
#2173 = ORIENTED_EDGE('',*,*,#1074,.T.);
#2174 = ORIENTED_EDGE('',*,*,#2092,.T.);
#2175 = ORIENTED_EDGE('',*,*,#2176,.T.);
#2176 = EDGE_CURVE('',#2093,#1982,#2177,.T.);
#2177 = LINE('',#2178,#2179);
#2178 = CARTESIAN_POINT('',(10.2,4.,5.));
#2179 = VECTOR('',#2180,1.);
#2180 = DIRECTION('',(-8.659560562355E-17,2.22044604925E-16,-1.));
#2181 = PLANE('',#2182);
#2182 = AXIS2_PLACEMENT_3D('',#2183,#2184,#2185);
#2183 = CARTESIAN_POINT('',(13.1,4.,4.204794037568E-15));
#2184 = DIRECTION('',(0.,1.,3.552713678801E-16));
#2185 = DIRECTION('',(0.,-3.552713678801E-16,1.));
#2186 = ADVANCED_FACE('',(#2187),#2265,.T.);
#2187 = FACE_BOUND('',#2188,.F.);
#2188 = EDGE_LOOP('',(#2189,#2190,#2191,#2199,#2222,#2247));
#2189 = ORIENTED_EDGE('',*,*,#1480,.F.);
#2190 = ORIENTED_EDGE('',*,*,#1207,.T.);
#2191 = ORIENTED_EDGE('',*,*,#2192,.T.);
#2192 = EDGE_CURVE('',#1200,#2193,#2195,.T.);
#2193 = VERTEX_POINT('',#2194);
#2194 = CARTESIAN_POINT('',(-10.8493741134,2.959530249075,-12.5));
#2195 = LINE('',#2196,#2197);
#2196 = CARTESIAN_POINT('',(-0.874681090229,-36.01534079531,-12.5));
#2197 = VECTOR('',#2198,1.);
#2198 = DIRECTION('',(-0.247935366888,0.968776575814,0.));
#2199 = ORIENTED_EDGE('',*,*,#2200,.F.);
#2200 = EDGE_CURVE('',#2201,#2193,#2203,.T.);
#2201 = VERTEX_POINT('',#2202);
#2202 = CARTESIAN_POINT('',(-13.07417621221,0.793533661355,
    -12.19406600652));
#2203 = ( BOUNDED_CURVE() B_SPLINE_CURVE(9,(#2204,#2205,#2206,#2207,
    #2208,#2209,#2210,#2211,#2212,#2213,#2214,#2215,#2216,#2217,#2218,
#2219,#2220,#2221),.UNSPECIFIED.,.F.,.F.) B_SPLINE_CURVE_WITH_KNOTS((10,
    8,10),(27.348598174252,28.448588496101,29.965314092565),
.UNSPECIFIED.) CURVE() GEOMETRIC_REPRESENTATION_ITEM() 
RATIONAL_B_SPLINE_CURVE((1.,1.,1.,1.,1.,1.,1.,1.,1.,1.,1.,1.,1.,1.,1.,1.
,1.,1.)) REPRESENTATION_ITEM('') );
#2204 = CARTESIAN_POINT('',(-13.07417621221,0.793533661355,
    -12.19406600652));
#2205 = CARTESIAN_POINT('',(-13.0202010414,0.831200734958,
    -12.20825502667));
#2206 = CARTESIAN_POINT('',(-12.97412527852,0.871817393299,
    -12.22060881161));
#2207 = CARTESIAN_POINT('',(-12.93356678534,0.917034980138,
    -12.23077241418));
#2208 = CARTESIAN_POINT('',(-12.90249470399,0.961838688024,
    -12.24186094036));
#2209 = CARTESIAN_POINT('',(-12.86387484807,1.018706159145,
    -12.24854372339));
#2210 = CARTESIAN_POINT('',(-12.86052436989,1.062908212808,
    -12.25641727617));
#2211 = CARTESIAN_POINT('',(-12.78420420057,1.145269870681,
    -12.27105076328));
#2212 = CARTESIAN_POINT('',(-12.87114477089,1.154619655509,
    -12.25741011723));
#2213 = CARTESIAN_POINT('',(-12.55613044427,1.450100116218,
    -12.32955072619));
#2214 = CARTESIAN_POINT('',(-12.35927238597,1.629401609211,
    -12.36958376192));
#2215 = CARTESIAN_POINT('',(-12.15319601615,1.813888942161,
    -12.40575043014));
#2216 = CARTESIAN_POINT('',(-11.94138363255,2.00162116192,
    -12.43674892281));
#2217 = CARTESIAN_POINT('',(-11.72607565582,2.191365390009,
    -12.46187409756));
#2218 = CARTESIAN_POINT('',(-11.50859462204,2.382399372971,
    -12.48083136933));
#2219 = CARTESIAN_POINT('',(-11.28966917522,2.574314032712,
    -12.49355060199));
#2220 = CARTESIAN_POINT('',(-11.06975805985,2.766816016852,-12.5));
#2221 = CARTESIAN_POINT('',(-10.8493741134,2.959530249075,-12.5));
#2222 = ORIENTED_EDGE('',*,*,#2223,.F.);
#2223 = EDGE_CURVE('',#2224,#2201,#2226,.T.);
#2224 = VERTEX_POINT('',#2225);
#2225 = CARTESIAN_POINT('',(-13.84652098149,-0.540921117015,
    -11.89193374871));
#2226 = ( BOUNDED_CURVE() B_SPLINE_CURVE(10,(#2227,#2228,#2229,#2230,
    #2231,#2232,#2233,#2234,#2235,#2236,#2237,#2238,#2239,#2240,#2241,
    #2242,#2243,#2244,#2245,#2246),.UNSPECIFIED.,.F.,.F.) 
B_SPLINE_CURVE_WITH_KNOTS((11,9,11),(25.213468879201,25.792556651198,
27.348598174252),.UNSPECIFIED.) CURVE() GEOMETRIC_REPRESENTATION_ITEM() 
RATIONAL_B_SPLINE_CURVE((1.,1.,1.,1.,1.,1.,1.,1.,1.,1.,1.,1.,1.,1.,1.,1.
,1.,1.,1.,1.)) REPRESENTATION_ITEM('') );
#2227 = CARTESIAN_POINT('',(-13.84652098149,-0.540921117015,
    -11.89193374871));
#2228 = CARTESIAN_POINT('',(-13.83003381744,-0.465224711788,
    -11.90343495267));
#2229 = CARTESIAN_POINT('',(-13.81184747563,-0.389621918065,
    -11.915348631));
#2230 = CARTESIAN_POINT('',(-13.79195204585,-0.314116244463,
    -11.92765322845));
#2231 = CARTESIAN_POINT('',(-13.77033761788,-0.238711199597,
    -11.9403271898));
#2232 = CARTESIAN_POINT('',(-13.7469942815,-0.163410292085,
    -11.95334895982));
#2233 = CARTESIAN_POINT('',(-13.7219121265,-8.821703054397E-02,
    -11.96669698329));
#2234 = CARTESIAN_POINT('',(-13.69508124267,-1.313492358877E-02,
    -11.98034970497));
#2235 = CARTESIAN_POINT('',(-13.66649171978,6.183252016263E-02,
    -11.99428556964));
#2236 = CARTESIAN_POINT('',(-13.63613364763,0.136681792094,
    -12.00848302207));
#2237 = CARTESIAN_POINT('',(-13.51764444193,0.412206639044,
    -12.06171484389));
#2238 = CARTESIAN_POINT('',(-13.49373846109,0.436097023081,
    -12.06836855079));
#2239 = CARTESIAN_POINT('',(-13.45011098984,0.455692512362,
    -12.08276120763));
#2240 = CARTESIAN_POINT('',(-13.43809520674,0.502336637197,
    -12.08742874687));
#2241 = CARTESIAN_POINT('',(-13.36989404666,0.546683309725,
    -12.10980691398));
#2242 = CARTESIAN_POINT('',(-13.33256473698,0.598182706282,
    -12.12129502231));
#2243 = CARTESIAN_POINT('',(-13.2681822039,0.647021024995,-12.1408727639
    ));
#2244 = CARTESIAN_POINT('',(-13.20870548022,0.696767783016,
    -12.15788174107));
#2245 = CARTESIAN_POINT('',(-13.14289394981,0.745578350775,
    -12.17600145297));
#2246 = CARTESIAN_POINT('',(-13.07417621221,0.793533661355,
    -12.19406600652));
#2247 = ORIENTED_EDGE('',*,*,#2248,.F.);
#2248 = EDGE_CURVE('',#1481,#2224,#2249,.T.);
#2249 = ( BOUNDED_CURVE() B_SPLINE_CURVE(14,(#2250,#2251,#2252,#2253,
    #2254,#2255,#2256,#2257,#2258,#2259,#2260,#2261,#2262,#2263,#2264),
.UNSPECIFIED.,.F.,.F.) B_SPLINE_CURVE_WITH_KNOTS((15,15),(0.5,
25.213468879201),.PIECEWISE_BEZIER_KNOTS.) CURVE() 
GEOMETRIC_REPRESENTATION_ITEM() RATIONAL_B_SPLINE_CURVE((1.,1.,1.,
    0.999999999999,1.000000000002,0.999999999998,1.000000000002,1.,
    0.999999999998,1.000000000002,0.999999999998,1.000000000001,1.,1.,1.
)) REPRESENTATION_ITEM('') );
#2250 = CARTESIAN_POINT('',(-17.81265945488,-18.23200985436,-0.5));
#2251 = CARTESIAN_POINT('',(-17.81265945488,-18.23200985436,
    -1.434936318355));
#2252 = CARTESIAN_POINT('',(-17.77615464765,-18.05825228937,
    -2.377129153542));
#2253 = CARTESIAN_POINT('',(-17.70297482722,-17.70341472985,
    -3.350177098811));
#2254 = CARTESIAN_POINT('',(-17.58768365104,-17.13445262642,
    -4.370536815866));
#2255 = CARTESIAN_POINT('',(-17.41518322156,-16.32359269323,
    -5.375650770396));
#2256 = CARTESIAN_POINT('',(-17.19452830805,-15.32372395177,
    -6.359299353571));
#2257 = CARTESIAN_POINT('',(-16.92173325747,-14.08596511558,
    -7.308901932105));
#2258 = CARTESIAN_POINT('',(-16.60150269965,-12.66965857086,
    -8.201505051952));
#2259 = CARTESIAN_POINT('',(-16.23282356576,-11.0483448653,
    -9.036518325032));
#2260 = CARTESIAN_POINT('',(-15.82396957444,-9.247405556172,
    -9.800292785842));
#2261 = CARTESIAN_POINT('',(-15.36285907986,-7.271690408365,
    -10.48309606712));
#2262 = CARTESIAN_POINT('',(-14.87316041262,-5.122774990065,
    -11.06892458299));
#2263 = CARTESIAN_POINT('',(-14.3491033377,-2.848393619825,
    -11.54133966396));
#2264 = CARTESIAN_POINT('',(-13.84652098149,-0.540921117015,
    -11.89193374871));
#2265 = CYLINDRICAL_SURFACE('',#2266,12.);
#2266 = AXIS2_PLACEMENT_3D('',#2267,#2268,#2269);
#2267 = CARTESIAN_POINT('',(-0.874681090229,-36.01534079531,-0.5));
#2268 = DIRECTION('',(-0.247935366888,0.968776575814,0.));
#2269 = DIRECTION('',(-0.968776575814,-0.247935366888,0.));
#2270 = ADVANCED_FACE('',(#2271),#2333,.T.);
#2271 = FACE_BOUND('',#2272,.F.);
#2272 = EDGE_LOOP('',(#2273,#2281,#2294,#2303,#2311,#2320,#2331,#2332));
#2273 = ORIENTED_EDGE('',*,*,#2274,.F.);
#2274 = EDGE_CURVE('',#2275,#1191,#2277,.T.);
#2275 = VERTEX_POINT('',#2276);
#2276 = CARTESIAN_POINT('',(10.849523850729,2.960115329047,-12.5));
#2277 = LINE('',#2278,#2279);
#2278 = CARTESIAN_POINT('',(6.374681090229,-14.52477559735,-12.5));
#2279 = VECTOR('',#2280,1.);
#2280 = DIRECTION('',(-0.247935366888,-0.968776575814,-0.));
#2281 = ORIENTED_EDGE('',*,*,#2282,.F.);
#2282 = EDGE_CURVE('',#2283,#2275,#2285,.T.);
#2283 = VERTEX_POINT('',#2284);
#2284 = CARTESIAN_POINT('',(8.286309473906,7.492057256668,-12.5));
#2285 = ( BOUNDED_CURVE() B_SPLINE_CURVE(7,(#2286,#2287,#2288,#2289,
    #2290,#2291,#2292,#2293),.UNSPECIFIED.,.F.,.F.) 
B_SPLINE_CURVE_WITH_KNOTS((8,8),(62.819196017146,66.05043781341),
.PIECEWISE_BEZIER_KNOTS.) CURVE() GEOMETRIC_REPRESENTATION_ITEM() 
RATIONAL_B_SPLINE_CURVE((1.,1.,1.,1.,1.,1.,1.,1.)) REPRESENTATION_ITEM(
  '') );
#2286 = CARTESIAN_POINT('',(8.286309473906,7.492057256668,-12.5));
#2287 = CARTESIAN_POINT('',(8.651162012367,6.846548919392,-12.5));
#2288 = CARTESIAN_POINT('',(9.014966004429,6.202950533637,-12.5));
#2289 = CARTESIAN_POINT('',(9.37810274719,5.560198932919,-12.5));
#2290 = CARTESIAN_POINT('',(9.742572042457,4.916067124523,-12.5));
#2291 = CARTESIAN_POINT('',(10.106241233408,4.271452735187,-12.5));
#2292 = CARTESIAN_POINT('',(10.47609182621,3.618729691236,-12.5));
#2293 = CARTESIAN_POINT('',(10.849523850729,2.960115329047,-12.5));
#2294 = ORIENTED_EDGE('',*,*,#2295,.F.);
#2295 = EDGE_CURVE('',#2296,#2283,#2298,.T.);
#2296 = VERTEX_POINT('',#2297);
#2297 = CARTESIAN_POINT('',(7.415746635186,8.,-12.5));
#2298 = CIRCLE('',#2299,1.);
#2299 = AXIS2_PLACEMENT_3D('',#2300,#2301,#2302);
#2300 = CARTESIAN_POINT('',(7.415746635186,7.,-12.5));
#2301 = DIRECTION('',(0.,0.,-1.));
#2302 = DIRECTION('',(0.,1.,0.));
#2303 = ORIENTED_EDGE('',*,*,#2304,.F.);
#2304 = EDGE_CURVE('',#2305,#2296,#2307,.T.);
#2305 = VERTEX_POINT('',#2306);
#2306 = CARTESIAN_POINT('',(-7.415746635186,8.,-12.5));
#2307 = LINE('',#2308,#2309);
#2308 = CARTESIAN_POINT('',(-7.415746635186,8.,-12.5));
#2309 = VECTOR('',#2310,1.);
#2310 = DIRECTION('',(1.,0.,0.));
#2311 = ORIENTED_EDGE('',*,*,#2312,.F.);
#2312 = EDGE_CURVE('',#2313,#2305,#2315,.T.);
#2313 = VERTEX_POINT('',#2314);
#2314 = CARTESIAN_POINT('',(-8.286309473906,7.492057256668,-12.5));
#2315 = CIRCLE('',#2316,1.);
#2316 = AXIS2_PLACEMENT_3D('',#2317,#2318,#2319);
#2317 = CARTESIAN_POINT('',(-7.415746635186,7.,-12.5));
#2318 = DIRECTION('',(0.,0.,-1.));
#2319 = DIRECTION('',(-0.793867723421,0.608090484805,0.));
#2320 = ORIENTED_EDGE('',*,*,#2321,.F.);
#2321 = EDGE_CURVE('',#2193,#2313,#2322,.T.);
#2322 = ( BOUNDED_CURVE() B_SPLINE_CURVE(7,(#2323,#2324,#2325,#2326,
    #2327,#2328,#2329,#2330),.UNSPECIFIED.,.F.,.F.) 
B_SPLINE_CURVE_WITH_KNOTS((8,8),(29.965314092565,33.198247283681),
.PIECEWISE_BEZIER_KNOTS.) CURVE() GEOMETRIC_REPRESENTATION_ITEM() 
RATIONAL_B_SPLINE_CURVE((1.,1.,1.,1.,1.,1.,1.,1.)) REPRESENTATION_ITEM(
  '') );
#2323 = CARTESIAN_POINT('',(-10.8493741134,2.959530249075,-12.5));
#2324 = CARTESIAN_POINT('',(-10.47601890931,3.618248658456,-12.5));
#2325 = CARTESIAN_POINT('',(-10.10714383739,4.270047079475,-12.5));
#2326 = CARTESIAN_POINT('',(-9.743302608161,4.914741462665,-12.5));
#2327 = CARTESIAN_POINT('',(-9.378537361832,5.559424325709,-12.5));
#2328 = CARTESIAN_POINT('',(-9.015310854811,6.202344493262,-12.5));
#2329 = CARTESIAN_POINT('',(-8.651326655973,6.846257626858,-12.5));
#2330 = CARTESIAN_POINT('',(-8.286309473906,7.492057256668,-12.5));
#2331 = ORIENTED_EDGE('',*,*,#2192,.F.);
#2332 = ORIENTED_EDGE('',*,*,#1199,.F.);
#2333 = PLANE('',#2334);
#2334 = AXIS2_PLACEMENT_3D('',#2335,#2336,#2337);
#2335 = CARTESIAN_POINT('',(-3.6E-16,-12.51963079739,-12.5));
#2336 = DIRECTION('',(-0.,-0.,-1.));
#2337 = DIRECTION('',(-1.,0.,0.));
#2338 = ADVANCED_FACE('',(#2339),#2410,.T.);
#2339 = FACE_BOUND('',#2340,.T.);
#2340 = EDGE_LOOP('',(#2341,#2342,#2365,#2390,#2408,#2409));
#2341 = ORIENTED_EDGE('',*,*,#2274,.F.);
#2342 = ORIENTED_EDGE('',*,*,#2343,.T.);
#2343 = EDGE_CURVE('',#2275,#2344,#2346,.T.);
#2344 = VERTEX_POINT('',#2345);
#2345 = CARTESIAN_POINT('',(13.074177392133,0.793539082101,
    -12.19406605278));
#2346 = ( BOUNDED_CURVE() B_SPLINE_CURVE(9,(#2347,#2348,#2349,#2350,
    #2351,#2352,#2353,#2354,#2355,#2356,#2357,#2358,#2359,#2360,#2361,
#2362,#2363,#2364),.UNSPECIFIED.,.F.,.F.) B_SPLINE_CURVE_WITH_KNOTS((10,
    8,10),(66.05043781341,67.568512107427,68.668402684349),
.UNSPECIFIED.) CURVE() GEOMETRIC_REPRESENTATION_ITEM() 
RATIONAL_B_SPLINE_CURVE((1.,1.,1.,1.,1.,1.,1.,1.,1.,1.,1.,1.,1.,1.,1.,1.
,1.,1.)) REPRESENTATION_ITEM('') );
#2347 = CARTESIAN_POINT('',(10.849523850729,2.960115329047,-12.5));
#2348 = CARTESIAN_POINT('',(11.07019795934,2.767172841701,-12.5));
#2349 = CARTESIAN_POINT('',(11.290181472872,2.574558914676,
    -12.49355721599));
#2350 = CARTESIAN_POINT('',(11.508967604324,2.382637769751,
    -12.48080770107));
#2351 = CARTESIAN_POINT('',(11.725957611783,2.191775469957,
    -12.4618337304));
#2352 = CARTESIAN_POINT('',(11.940278142462,2.002461043899,
    -12.43679161362));
#2353 = CARTESIAN_POINT('',(12.150598576737,1.815427610053,
    -12.40603950722));
#2354 = CARTESIAN_POINT('',(12.354948372182,1.631773501088,
    -12.37026522689));
#2355 = CARTESIAN_POINT('',(12.550534407605,1.453083388167,
    -12.33061405991));
#2356 = CARTESIAN_POINT('',(12.866164672631,1.15726786505,
    -12.25853304191));
#2357 = CARTESIAN_POINT('',(12.804856101739,1.134814105949,
    -12.26664476687));
#2358 = CARTESIAN_POINT('',(12.843535055298,1.070145409935,
    -12.25974249351));
#2359 = CARTESIAN_POINT('',(12.873118860224,1.015751209358,
    -12.24698886027));
#2360 = CARTESIAN_POINT('',(12.898747974173,0.962568346821,
    -12.24235175386));
#2361 = CARTESIAN_POINT('',(12.934661508031,0.916927992876,
    -12.23067071395));
#2362 = CARTESIAN_POINT('',(12.973977442397,0.871804000418,
    -12.22061217311));
#2363 = CARTESIAN_POINT('',(13.02021398391,0.83119693663,-12.20825192198
    ));
#2364 = CARTESIAN_POINT('',(13.074177392133,0.793539082101,
    -12.19406605278));
#2365 = ORIENTED_EDGE('',*,*,#2366,.T.);
#2366 = EDGE_CURVE('',#2344,#2367,#2369,.T.);
#2367 = VERTEX_POINT('',#2368);
#2368 = CARTESIAN_POINT('',(13.813966669828,-0.460971653607,
    -11.90880893508));
#2369 = ( BOUNDED_CURVE() B_SPLINE_CURVE(7,(#2370,#2371,#2372,#2373,
    #2374,#2375,#2376,#2377,#2378,#2379,#2380,#2381,#2382,#2383,#2384,
    #2385,#2386,#2387,#2388,#2389),.UNSPECIFIED.,.F.,.F.) 
B_SPLINE_CURVE_WITH_KNOTS((8,6,6,8),(68.668402684349,69.998618254215,
70.224555928259,70.783311358664),.UNSPECIFIED.) CURVE() 
GEOMETRIC_REPRESENTATION_ITEM() RATIONAL_B_SPLINE_CURVE((1.,1.,1.,1.,1.,
1.,1.,1.,1.,1.,1.,1.,1.,1.,1.,1.,1.,1.,1.,1.)) REPRESENTATION_ITEM('') 
  );
#2370 = CARTESIAN_POINT('',(13.074177392133,0.793539082101,
    -12.19406605278));
#2371 = CARTESIAN_POINT('',(13.158087907019,0.734982922156,
    -12.17200770569));
#2372 = CARTESIAN_POINT('',(13.236982302952,0.674966548355,
    -12.14999626318));
#2373 = CARTESIAN_POINT('',(13.30949625016,0.614167140385,
    -12.12858897518));
#2374 = CARTESIAN_POINT('',(13.374615562577,0.55329949764,
    -12.10827279457));
#2375 = CARTESIAN_POINT('',(13.431676197849,0.493116039227,
    -12.08946437716));
#2376 = CARTESIAN_POINT('',(13.480364257325,0.43440680396,
    -12.07251008168));
#2377 = CARTESIAN_POINT('',(13.527569744165,0.368418637628,
    -12.05516808817));
#2378 = CARTESIAN_POINT('',(13.534065354536,0.359138036299,
    -12.05276678243));
#2379 = CARTESIAN_POINT('',(13.541035985899,0.348384643943,
    -12.05008268853));
#2380 = CARTESIAN_POINT('',(13.545653029695,0.342813436088,
    -12.04850544294));
#2381 = CARTESIAN_POINT('',(13.55472472898,0.324508582062,
    -12.04463326349));
#2382 = CARTESIAN_POINT('',(13.551014124743,0.34107727641,
    -12.04690069397));
#2383 = CARTESIAN_POINT('',(13.614822497363,0.188587513109,
    -12.01845057516));
#2384 = CARTESIAN_POINT('',(13.656704041125,8.011853009606E-02,
    -11.99864506304));
#2385 = CARTESIAN_POINT('',(13.695064637312,-2.824934022138E-02,
    -11.97936097937));
#2386 = CARTESIAN_POINT('',(13.7299377421,-0.136529195797,
    -11.96066682444));
#2387 = CARTESIAN_POINT('',(13.761356811665,-0.244734134584,
    -11.94263109855));
#2388 = CARTESIAN_POINT('',(13.789355302182,-0.352877254536,
    -11.925322302));
#2389 = CARTESIAN_POINT('',(13.813966669828,-0.460971653607,
    -11.90880893508));
#2390 = ORIENTED_EDGE('',*,*,#2391,.T.);
#2391 = EDGE_CURVE('',#2367,#1338,#2392,.T.);
#2392 = ( BOUNDED_CURVE() B_SPLINE_CURVE(14,(#2393,#2394,#2395,#2396,
    #2397,#2398,#2399,#2400,#2401,#2402,#2403,#2404,#2405,#2406,#2407),
.UNSPECIFIED.,.F.,.F.) B_SPLINE_CURVE_WITH_KNOTS((15,15),(
70.783311358664,95.517443300872),.PIECEWISE_BEZIER_KNOTS.) CURVE() 
GEOMETRIC_REPRESENTATION_ITEM() RATIONAL_B_SPLINE_CURVE((1.,1.,1.,1.,1.,
    1.,1.,1.000000000001,0.999999999998,1.000000000002,0.999999999999,
1.000000000001,1.,1.,1.)) REPRESENTATION_ITEM('') );
#2393 = CARTESIAN_POINT('',(13.813966669828,-0.460971653607,
    -11.90880893508));
#2394 = CARTESIAN_POINT('',(14.358695885415,-2.853450530182,
    -11.54331468305));
#2395 = CARTESIAN_POINT('',(14.879021235754,-5.127990497677,
    -11.063842462));
#2396 = CARTESIAN_POINT('',(15.367677937038,-7.260363407974,
    -10.48019785391));
#2397 = CARTESIAN_POINT('',(15.819650626868,-9.235329387932,
    -9.802206024156));
#2398 = CARTESIAN_POINT('',(16.231332165013,-11.03450729238,
    -9.043132800708));
#2399 = CARTESIAN_POINT('',(16.5986117183,-12.66175196464,
    -8.206533109203));
#2400 = CARTESIAN_POINT('',(16.920506642116,-14.07767829283,
    -7.315180872293));
#2401 = CARTESIAN_POINT('',(17.193336095602,-15.31953945131,
    -6.363633131523));
#2402 = CARTESIAN_POINT('',(17.414484572981,-16.31986600762,
    -5.380042620839));
#2403 = CARTESIAN_POINT('',(17.58730946401,-17.13271635824,
    -4.37380915454));
#2404 = CARTESIAN_POINT('',(17.702791080638,-17.70250345991,
    -3.352602627821));
#2405 = CARTESIAN_POINT('',(17.776095056319,-18.05797041564,
    -2.37867818291));
#2406 = CARTESIAN_POINT('',(17.812659454886,-18.23200985436,
    -1.435705788453));
#2407 = CARTESIAN_POINT('',(17.812659454885,-18.23200985436,-0.5));
#2408 = ORIENTED_EDGE('',*,*,#1337,.T.);
#2409 = ORIENTED_EDGE('',*,*,#1190,.F.);
#2410 = CYLINDRICAL_SURFACE('',#2411,12.);
#2411 = AXIS2_PLACEMENT_3D('',#2412,#2413,#2414);
#2412 = CARTESIAN_POINT('',(6.374681090229,-14.52477559735,-0.5));
#2413 = DIRECTION('',(-0.247935366888,-0.968776575814,-0.));
#2414 = DIRECTION('',(-0.,-0.,-1.));
#2415 = ADVANCED_FACE('',(#2416),#2446,.T.);
#2416 = FACE_BOUND('',#2417,.F.);
#2417 = EDGE_LOOP('',(#2418,#2426,#2444,#2445));
#2418 = ORIENTED_EDGE('',*,*,#2419,.T.);
#2419 = EDGE_CURVE('',#2074,#2420,#2422,.T.);
#2420 = VERTEX_POINT('',#2421);
#2421 = CARTESIAN_POINT('',(18.,0.658628662252,-6.30023478105));
#2422 = LINE('',#2423,#2424);
#2423 = CARTESIAN_POINT('',(18.,0.658628662252,0.));
#2424 = VECTOR('',#2425,1.);
#2425 = DIRECTION('',(-0.,-0.,-1.));
#2426 = ORIENTED_EDGE('',*,*,#2427,.T.);
#2427 = EDGE_CURVE('',#2420,#1234,#2428,.T.);
#2428 = ( BOUNDED_CURVE() B_SPLINE_CURVE(14,(#2429,#2430,#2431,#2432,
    #2433,#2434,#2435,#2436,#2437,#2438,#2439,#2440,#2441,#2442,#2443),
.UNSPECIFIED.,.F.,.F.) B_SPLINE_CURVE_WITH_KNOTS((15,15),(
70.783311358664,95.517443300872),.PIECEWISE_BEZIER_KNOTS.) CURVE() 
GEOMETRIC_REPRESENTATION_ITEM() RATIONAL_B_SPLINE_CURVE((1.,1.,1.,1.,1.,
    1.,1.,1.000000000001,0.999999999998,1.000000000002,0.999999999999,
1.000000000001,1.,1.,1.)) REPRESENTATION_ITEM('') );
#2429 = CARTESIAN_POINT('',(18.,0.658628662252,-6.30023478105));
#2430 = CARTESIAN_POINT('',(18.,-1.610067925646,-6.13565020961));
#2431 = CARTESIAN_POINT('',(17.999999999998,-3.753804077562,
    -5.918379319584));
#2432 = CARTESIAN_POINT('',(18.000000000005,-5.764889064005,
    -5.650856940214));
#2433 = CARTESIAN_POINT('',(17.999999999989,-7.633597598532,
    -5.346010854721));
#2434 = CARTESIAN_POINT('',(18.00000000002,-9.354005014235,
    -4.976882947777));
#2435 = CARTESIAN_POINT('',(17.999999999973,-10.90499646062,
    -4.625762977427));
#2436 = CARTESIAN_POINT('',(18.000000000031,-12.31271397661,
    -4.14535811943));
#2437 = CARTESIAN_POINT('',(17.999999999971,-13.49732629268,
    -3.765523400157));
#2438 = CARTESIAN_POINT('',(18.000000000022,-14.57771967885,
    -3.224206019986));
#2439 = CARTESIAN_POINT('',(17.999999999987,-15.37808348209,
    -2.758327220724));
#2440 = CARTESIAN_POINT('',(18.000000000006,-16.08194319513,
    -2.226462971551));
#2441 = CARTESIAN_POINT('',(17.999999999998,-16.52928642301,
    -1.641619403724));
#2442 = CARTESIAN_POINT('',(18.,-16.74439765304,-1.060232524222));
#2443 = CARTESIAN_POINT('',(18.,-16.74439765304,-0.5));
#2444 = ORIENTED_EDGE('',*,*,#1233,.T.);
#2445 = ORIENTED_EDGE('',*,*,#2082,.F.);
#2446 = PLANE('',#2447);
#2447 = AXIS2_PLACEMENT_3D('',#2448,#2449,#2450);
#2448 = CARTESIAN_POINT('',(18.,2.5,0.));
#2449 = DIRECTION('',(1.,0.,0.));
#2450 = DIRECTION('',(0.,1.,0.));
#2451 = ADVANCED_FACE('',(#2452),#2465,.F.);
#2452 = FACE_BOUND('',#2453,.F.);
#2453 = EDGE_LOOP('',(#2454,#2455,#2461,#2462,#2463,#2464));
#2454 = ORIENTED_EDGE('',*,*,#2427,.F.);
#2455 = ORIENTED_EDGE('',*,*,#2456,.T.);
#2456 = EDGE_CURVE('',#2420,#2367,#2457,.T.);
#2457 = ( BOUNDED_CURVE() B_SPLINE_CURVE(2,(#2458,#2459,#2460),
.UNSPECIFIED.,.F.,.F.) B_SPLINE_CURVE_WITH_KNOTS((3,3),(0.,
2.114908674315),.PIECEWISE_BEZIER_KNOTS.) CURVE() 
GEOMETRIC_REPRESENTATION_ITEM() RATIONAL_B_SPLINE_CURVE((1.,
0.806946904018,1.)) REPRESENTATION_ITEM('') );
#2458 = CARTESIAN_POINT('',(18.,0.658628662252,-6.30023478105));
#2459 = CARTESIAN_POINT('',(18.,-0.195298156782,-10.60795802319));
#2460 = CARTESIAN_POINT('',(13.813966669828,-0.460971653607,
    -11.90880893508));
#2461 = ORIENTED_EDGE('',*,*,#2391,.T.);
#2462 = ORIENTED_EDGE('',*,*,#1397,.F.);
#2463 = ORIENTED_EDGE('',*,*,#1362,.F.);
#2464 = ORIENTED_EDGE('',*,*,#1261,.T.);
#2465 = ( BOUNDED_SURFACE() B_SPLINE_SURFACE(2,14,(
    (#2466,#2467,#2468,#2469,#2470,#2471,#2472,#2473,#2474,#2475,#2476
      ,#2477,#2478,#2479,#2480)
    ,(#2481,#2482,#2483,#2484,#2485,#2486,#2487,#2488,#2489,#2490,#2491
      ,#2492,#2493,#2494,#2495)
    ,(#2496,#2497,#2498,#2499,#2500,#2501,#2502,#2503,#2504,#2505,#2506
      ,#2507,#2508,#2509,#2510
)),.UNSPECIFIED.,.F.,.F.,.F.) B_SPLINE_SURFACE_WITH_KNOTS((3,3),(15,15),
  (0.,24.734131942207),(70.783311358664,95.517443300872),
.PIECEWISE_BEZIER_KNOTS.) GEOMETRIC_REPRESENTATION_ITEM() 
RATIONAL_B_SPLINE_SURFACE((
    (1.,1.,1.,1.,1.,1.,1.,1.000000000001,0.999999999998,1.000000000002
      ,0.999999999999,1.000000000001,1.,1.,1.)
    ,(0.806946904018,0.835074914709,0.86088483966,0.884288304107
      ,0.90529559709,0.923946472177,0.940239971665,0.95426509652
      ,0.965991952669,0.975393723223,0.982689437886,0.98754952594
      ,0.99062787703,0.992163438102,0.992163438102)
    ,(1.,1.,1.,1.,1.,1.,1.,1.000000000001,0.999999999998,1.000000000002
,0.999999999999,1.000000000001,1.,1.,1.
))) REPRESENTATION_ITEM('') SURFACE() );
#2466 = CARTESIAN_POINT('',(18.,0.658628662252,-6.30023478105));
#2467 = CARTESIAN_POINT('',(18.,-1.610067925646,-6.13565020961));
#2468 = CARTESIAN_POINT('',(17.999999999998,-3.753804077562,
    -5.918379319584));
#2469 = CARTESIAN_POINT('',(18.000000000005,-5.764889064005,
    -5.650856940214));
#2470 = CARTESIAN_POINT('',(17.999999999989,-7.633597598532,
    -5.346010854721));
#2471 = CARTESIAN_POINT('',(18.00000000002,-9.354005014235,
    -4.976882947777));
#2472 = CARTESIAN_POINT('',(17.999999999973,-10.90499646062,
    -4.625762977427));
#2473 = CARTESIAN_POINT('',(18.000000000031,-12.31271397661,
    -4.14535811943));
#2474 = CARTESIAN_POINT('',(17.999999999971,-13.49732629268,
    -3.765523400157));
#2475 = CARTESIAN_POINT('',(18.000000000022,-14.57771967885,
    -3.224206019986));
#2476 = CARTESIAN_POINT('',(17.999999999987,-15.37808348209,
    -2.758327220724));
#2477 = CARTESIAN_POINT('',(18.000000000006,-16.08194319513,
    -2.226462971551));
#2478 = CARTESIAN_POINT('',(17.999999999998,-16.52928642301,
    -1.641619403724));
#2479 = CARTESIAN_POINT('',(18.,-16.74439765304,-1.060232524222));
#2480 = CARTESIAN_POINT('',(18.,-16.74439765304,-0.5));
#2481 = CARTESIAN_POINT('',(18.,-0.195298156782,-10.60795802319));
#2482 = CARTESIAN_POINT('',(18.,-2.429557316023,-10.00830234761));
#2483 = CARTESIAN_POINT('',(17.999999999998,-4.569700503565,
    -9.385241236293));
#2484 = CARTESIAN_POINT('',(18.000000000005,-6.595260209895,
    -8.736935771551));
#2485 = CARTESIAN_POINT('',(17.99999999999,-8.488102600388,
    -8.067513478379));
#2486 = CARTESIAN_POINT('',(18.000000000017,-10.23127470098,
    -7.362076982463));
#2487 = CARTESIAN_POINT('',(17.999999999978,-11.81161364983,
    -6.660672536832));
#2488 = CARTESIAN_POINT('',(18.000000000025,-13.21952540384,
    -5.891453418878));
#2489 = CARTESIAN_POINT('',(17.999999999977,-14.430896986,-5.16742865012
    ));
#2490 = CARTESIAN_POINT('',(18.000000000018,-15.4700863907,
    -4.362975254684));
#2491 = CARTESIAN_POINT('',(17.999999999989,-16.27496270055,
    -3.600072606009));
#2492 = CARTESIAN_POINT('',(18.000000000006,-16.90937676098,
    -2.807202651286));
#2493 = CARTESIAN_POINT('',(17.999999999998,-17.30778956923,
    -2.018341452537));
#2494 = CARTESIAN_POINT('',(18.,-17.5,-1.250946528463));
#2495 = CARTESIAN_POINT('',(18.,-17.5,-0.5));
#2496 = CARTESIAN_POINT('',(13.813966669828,-0.460971653607,
    -11.90880893508));
#2497 = CARTESIAN_POINT('',(14.358695885415,-2.853450530182,
    -11.54331468305));
#2498 = CARTESIAN_POINT('',(14.879021235754,-5.127990497677,
    -11.063842462));
#2499 = CARTESIAN_POINT('',(15.367677937038,-7.260363407974,
    -10.48019785391));
#2500 = CARTESIAN_POINT('',(15.819650626868,-9.235329387932,
    -9.802206024156));
#2501 = CARTESIAN_POINT('',(16.231332165013,-11.03450729238,
    -9.043132800708));
#2502 = CARTESIAN_POINT('',(16.5986117183,-12.66175196464,
    -8.206533109203));
#2503 = CARTESIAN_POINT('',(16.920506642116,-14.07767829283,
    -7.315180872293));
#2504 = CARTESIAN_POINT('',(17.193336095602,-15.31953945131,
    -6.363633131523));
#2505 = CARTESIAN_POINT('',(17.414484572981,-16.31986600762,
    -5.380042620839));
#2506 = CARTESIAN_POINT('',(17.58730946401,-17.13271635824,
    -4.37380915454));
#2507 = CARTESIAN_POINT('',(17.702791080638,-17.70250345991,
    -3.352602627821));
#2508 = CARTESIAN_POINT('',(17.776095056319,-18.05797041564,
    -2.37867818291));
#2509 = CARTESIAN_POINT('',(17.812659454886,-18.23200985436,
    -1.435705788453));
#2510 = CARTESIAN_POINT('',(17.812659454885,-18.23200985436,-0.5));
#2511 = ADVANCED_FACE('',(#2512),#2515,.F.);
#2512 = FACE_BOUND('',#2513,.T.);
#2513 = EDGE_LOOP('',(#2514));
#2514 = ORIENTED_EDGE('',*,*,#1422,.T.);
#2515 = PLANE('',#2516);
#2516 = AXIS2_PLACEMENT_3D('',#2517,#2518,#2519);
#2517 = CARTESIAN_POINT('',(0.,-12.66666666666,-8.));
#2518 = DIRECTION('',(-0.,-0.,-1.));
#2519 = DIRECTION('',(-1.,0.,0.));
#2520 = ADVANCED_FACE('',(#2521),#2553,.F.);
#2521 = FACE_BOUND('',#2522,.F.);
#2522 = EDGE_LOOP('',(#2523,#2524,#2525,#2526,#2534,#2552));
#2523 = ORIENTED_EDGE('',*,*,#1529,.F.);
#2524 = ORIENTED_EDGE('',*,*,#1506,.T.);
#2525 = ORIENTED_EDGE('',*,*,#2248,.T.);
#2526 = ORIENTED_EDGE('',*,*,#2527,.F.);
#2527 = EDGE_CURVE('',#2528,#2224,#2530,.T.);
#2528 = VERTEX_POINT('',#2529);
#2529 = CARTESIAN_POINT('',(-18.,0.658628662252,-6.310294108695));
#2530 = ( BOUNDED_CURVE() B_SPLINE_CURVE(2,(#2531,#2532,#2533),
.UNSPECIFIED.,.F.,.F.) B_SPLINE_CURVE_WITH_KNOTS((3,3),(0.,
24.713468879201),.PIECEWISE_BEZIER_KNOTS.) CURVE() 
GEOMETRIC_REPRESENTATION_ITEM() RATIONAL_B_SPLINE_CURVE((1.,
0.808612457388,1.)) REPRESENTATION_ITEM('') );
#2531 = CARTESIAN_POINT('',(-18.,0.658628662252,-6.310294108695));
#2532 = CARTESIAN_POINT('',(-18.,-0.223081488491,-10.58589244054));
#2533 = CARTESIAN_POINT('',(-13.84652098149,-0.540921117015,
    -11.89193374871));
#2534 = ORIENTED_EDGE('',*,*,#2535,.F.);
#2535 = EDGE_CURVE('',#1628,#2528,#2536,.T.);
#2536 = ( BOUNDED_CURVE() B_SPLINE_CURVE(14,(#2537,#2538,#2539,#2540,
    #2541,#2542,#2543,#2544,#2545,#2546,#2547,#2548,#2549,#2550,#2551),
.UNSPECIFIED.,.F.,.F.) B_SPLINE_CURVE_WITH_KNOTS((15,15),(0.5,
25.213468879201),.PIECEWISE_BEZIER_KNOTS.) CURVE() 
GEOMETRIC_REPRESENTATION_ITEM() RATIONAL_B_SPLINE_CURVE((1.,1.,1.,
    0.999999999999,1.000000000002,0.999999999998,1.000000000002,1.,
    0.999999999998,1.000000000002,0.999999999998,1.000000000001,1.,1.,1.
)) REPRESENTATION_ITEM('') );
#2537 = CARTESIAN_POINT('',(-18.,-16.74439765304,-0.5));
#2538 = CARTESIAN_POINT('',(-18.,-16.74439765303,-1.05977182153));
#2539 = CARTESIAN_POINT('',(-18.,-16.52963884613,-1.640663978785));
#2540 = CARTESIAN_POINT('',(-17.99999999999,-16.08305845239,
    -2.224993014281));
#2541 = CARTESIAN_POINT('',(-18.,-15.38035986491,-2.756658754812));
#2542 = CARTESIAN_POINT('',(-17.99999999998,-14.58115188714,
    -3.222045415199));
#2543 = CARTESIAN_POINT('',(-18.00000000001,-13.50237099154,
    -3.763317808276));
#2544 = CARTESIAN_POINT('',(-17.99999999998,-12.32006980632,
    -4.142445876809));
#2545 = CARTESIAN_POINT('',(-18.00000000001,-10.91342520041,
    -4.623556681882));
#2546 = CARTESIAN_POINT('',(-17.99999999999,-9.366629186957,
    -4.972732406324));
#2547 = CARTESIAN_POINT('',(-18.,-7.648495254068,-5.342305670631));
#2548 = CARTESIAN_POINT('',(-17.99999999999,-5.789690166407,
    -5.64216698879));
#2549 = CARTESIAN_POINT('',(-18.,-3.786564735415,-5.91008109842));
#2550 = CARTESIAN_POINT('',(-18.,-1.646946915766,-6.127243616904));
#2551 = CARTESIAN_POINT('',(-18.,0.658628662252,-6.310294108695));
#2552 = ORIENTED_EDGE('',*,*,#1627,.T.);
#2553 = ( BOUNDED_SURFACE() B_SPLINE_SURFACE(2,14,(
    (#2554,#2555,#2556,#2557,#2558,#2559,#2560,#2561,#2562,#2563,#2564
      ,#2565,#2566,#2567,#2568)
    ,(#2569,#2570,#2571,#2572,#2573,#2574,#2575,#2576,#2577,#2578,#2579
      ,#2580,#2581,#2582,#2583)
    ,(#2584,#2585,#2586,#2587,#2588,#2589,#2590,#2591,#2592,#2593,#2594
      ,#2595,#2596,#2597,#2598
)),.UNSPECIFIED.,.F.,.F.,.F.) B_SPLINE_SURFACE_WITH_KNOTS((3,3),(15,15),
  (0.,24.713468879201),(0.5,25.213468879201),.PIECEWISE_BEZIER_KNOTS.) 
GEOMETRIC_REPRESENTATION_ITEM() RATIONAL_B_SPLINE_SURFACE((
    (1.,1.,1.,0.999999999999,1.000000000002,0.999999999998
      ,1.000000000002,1.,0.999999999998,1.000000000002,0.999999999998
      ,1.000000000001,1.,1.,1.)
    ,(0.992163438102,0.992163438102,0.990630404124,0.987557034442
      ,0.982706106144,0.975420492224,0.966048538461,0.954308079576
      ,0.94037834422,0.924000435925,0.905502288437,0.884095628593
      ,0.86059304716,0.834551591251,0.808612457388)
    ,(1.,1.,1.,0.999999999999,1.000000000002,0.999999999998
      ,1.000000000002,1.,0.999999999998,1.000000000002,0.999999999998
,1.000000000001,1.,1.,1.))) REPRESENTATION_ITEM('') SURFACE() );
#2554 = CARTESIAN_POINT('',(-18.,-16.74439765304,-0.5));
#2555 = CARTESIAN_POINT('',(-18.,-16.74439765303,-1.05977182153));
#2556 = CARTESIAN_POINT('',(-18.,-16.52963884613,-1.640663978785));
#2557 = CARTESIAN_POINT('',(-17.99999999999,-16.08305845239,
    -2.224993014281));
#2558 = CARTESIAN_POINT('',(-18.,-15.38035986491,-2.756658754812));
#2559 = CARTESIAN_POINT('',(-17.99999999998,-14.58115188714,
    -3.222045415199));
#2560 = CARTESIAN_POINT('',(-18.00000000001,-13.50237099154,
    -3.763317808276));
#2561 = CARTESIAN_POINT('',(-17.99999999998,-12.32006980632,
    -4.142445876809));
#2562 = CARTESIAN_POINT('',(-18.00000000001,-10.91342520041,
    -4.623556681882));
#2563 = CARTESIAN_POINT('',(-17.99999999999,-9.366629186957,
    -4.972732406324));
#2564 = CARTESIAN_POINT('',(-18.,-7.648495254068,-5.342305670631));
#2565 = CARTESIAN_POINT('',(-17.99999999999,-5.789690166407,
    -5.64216698879));
#2566 = CARTESIAN_POINT('',(-18.,-3.786564735415,-5.91008109842));
#2567 = CARTESIAN_POINT('',(-18.,-1.646946915766,-6.127243616904));
#2568 = CARTESIAN_POINT('',(-18.,0.658628662252,-6.310294108695));
#2569 = CARTESIAN_POINT('',(-18.,-17.5,-0.5));
#2570 = CARTESIAN_POINT('',(-18.,-17.49999999999,-1.250328993651));
#2571 = CARTESIAN_POINT('',(-18.,-17.30809976997,-2.017077957616));
#2572 = CARTESIAN_POINT('',(-17.99999999999,-16.91041608705,
    -2.805231639863));
#2573 = CARTESIAN_POINT('',(-18.00000000001,-16.27683518131,
    -3.59750893534));
#2574 = CARTESIAN_POINT('',(-17.99999999997,-15.47409409015,
    -4.359644390196));
#2575 = CARTESIAN_POINT('',(-18.00000000003,-14.43463956614,
    -5.163736209353));
#2576 = CARTESIAN_POINT('',(-17.99999999995,-13.22901514213,
    -5.886793515193));
#2577 = CARTESIAN_POINT('',(-18.00000000003,-11.81764221895,
    -6.655939394752));
#2578 = CARTESIAN_POINT('',(-17.99999999996,-10.24733726612,
    -7.35637123216));
#2579 = CARTESIAN_POINT('',(-18.00000000001,-8.49911367478,
    -8.062628972556));
#2580 = CARTESIAN_POINT('',(-17.99999999999,-6.616214047367,
    -8.734507342078));
#2581 = CARTESIAN_POINT('',(-18.,-4.587697552597,-9.38524046477));
#2582 = CARTESIAN_POINT('',(-17.99999999999,-2.457242661324,
    -10.00823460088));
#2583 = CARTESIAN_POINT('',(-18.,-0.223081488491,-10.58589244054));
#2584 = CARTESIAN_POINT('',(-17.81265945488,-18.23200985436,-0.5));
#2585 = CARTESIAN_POINT('',(-17.81265945488,-18.23200985436,
    -1.434936318355));
#2586 = CARTESIAN_POINT('',(-17.77615464765,-18.05825228937,
    -2.377129153542));
#2587 = CARTESIAN_POINT('',(-17.70297482722,-17.70341472985,
    -3.350177098811));
#2588 = CARTESIAN_POINT('',(-17.58768365104,-17.13445262642,
    -4.370536815866));
#2589 = CARTESIAN_POINT('',(-17.41518322156,-16.32359269323,
    -5.375650770396));
#2590 = CARTESIAN_POINT('',(-17.19452830805,-15.32372395177,
    -6.359299353571));
#2591 = CARTESIAN_POINT('',(-16.92173325747,-14.08596511558,
    -7.308901932105));
#2592 = CARTESIAN_POINT('',(-16.60150269965,-12.66965857086,
    -8.201505051952));
#2593 = CARTESIAN_POINT('',(-16.23282356576,-11.0483448653,
    -9.036518325032));
#2594 = CARTESIAN_POINT('',(-15.82396957444,-9.247405556172,
    -9.800292785842));
#2595 = CARTESIAN_POINT('',(-15.36285907986,-7.271690408365,
    -10.48309606712));
#2596 = CARTESIAN_POINT('',(-14.87316041262,-5.122774990065,
    -11.06892458299));
#2597 = CARTESIAN_POINT('',(-14.3491033377,-2.848393619825,
    -11.54133966396));
#2598 = CARTESIAN_POINT('',(-13.84652098149,-0.540921117015,
    -11.89193374871));
#2599 = ADVANCED_FACE('',(#2600),#2625,.T.);
#2600 = FACE_BOUND('',#2601,.F.);
#2601 = EDGE_LOOP('',(#2602,#2610,#2618,#2624));
#2602 = ORIENTED_EDGE('',*,*,#2603,.F.);
#2603 = EDGE_CURVE('',#2604,#1593,#2606,.T.);
#2604 = VERTEX_POINT('',#2605);
#2605 = CARTESIAN_POINT('',(-18.,-4.25,-3.));
#2606 = LINE('',#2607,#2608);
#2607 = CARTESIAN_POINT('',(-18.,-9.506674208145,-5.034841628959));
#2608 = VECTOR('',#2609,1.);
#2609 = DIRECTION('',(-0.,-0.932568098274,-0.360994102558));
#2610 = ORIENTED_EDGE('',*,*,#2611,.T.);
#2611 = EDGE_CURVE('',#2604,#2612,#2614,.T.);
#2612 = VERTEX_POINT('',#2613);
#2613 = CARTESIAN_POINT('',(-14.3,-4.25,-3.));
#2614 = LINE('',#2615,#2616);
#2615 = CARTESIAN_POINT('',(-18.5,-4.25,-3.));
#2616 = VECTOR('',#2617,1.);
#2617 = DIRECTION('',(1.,0.,0.));
#2618 = ORIENTED_EDGE('',*,*,#2619,.F.);
#2619 = EDGE_CURVE('',#1591,#2612,#2620,.T.);
#2620 = LINE('',#2621,#2622);
#2621 = CARTESIAN_POINT('',(-14.3,-3.962443438914,-2.888687782806));
#2622 = VECTOR('',#2623,1.);
#2623 = DIRECTION('',(0.,0.932568098274,0.360994102558));
#2624 = ORIENTED_EDGE('',*,*,#1590,.T.);
#2625 = PLANE('',#2626);
#2626 = AXIS2_PLACEMENT_3D('',#2627,#2628,#2629);
#2627 = CARTESIAN_POINT('',(-18.5,-4.25,-3.));
#2628 = DIRECTION('',(0.,-0.360994102558,0.932568098274));
#2629 = DIRECTION('',(0.,0.932568098274,0.360994102558));
#2630 = ADVANCED_FACE('',(#2631),#2657,.T.);
#2631 = FACE_BOUND('',#2632,.F.);
#2632 = EDGE_LOOP('',(#2633,#2641,#2642,#2643,#2650,#2651));
#2633 = ORIENTED_EDGE('',*,*,#2634,.T.);
#2634 = EDGE_CURVE('',#2635,#1601,#2637,.T.);
#2635 = VERTEX_POINT('',#2636);
#2636 = CARTESIAN_POINT('',(-14.3,7.,-6.25));
#2637 = LINE('',#2638,#2639);
#2638 = CARTESIAN_POINT('',(-14.3,7.,-6.25));
#2639 = VECTOR('',#2640,1.);
#2640 = DIRECTION('',(-0.,-1.,-0.));
#2641 = ORIENTED_EDGE('',*,*,#1600,.T.);
#2642 = ORIENTED_EDGE('',*,*,#2619,.T.);
#2643 = ORIENTED_EDGE('',*,*,#2644,.T.);
#2644 = EDGE_CURVE('',#2612,#2007,#2645,.T.);
#2645 = CIRCLE('',#2646,3.);
#2646 = AXIS2_PLACEMENT_3D('',#2647,#2648,#2649);
#2647 = CARTESIAN_POINT('',(-14.3,-4.25,0.));
#2648 = DIRECTION('',(1.,0.,0.));
#2649 = DIRECTION('',(0.,1.,0.));
#2650 = ORIENTED_EDGE('',*,*,#2148,.T.);
#2651 = ORIENTED_EDGE('',*,*,#2652,.T.);
#2652 = EDGE_CURVE('',#2141,#2635,#2653,.T.);
#2653 = LINE('',#2654,#2655);
#2654 = CARTESIAN_POINT('',(-14.3,7.,6.25));
#2655 = VECTOR('',#2656,1.);
#2656 = DIRECTION('',(-0.,-0.,-1.));
#2657 = PLANE('',#2658);
#2658 = AXIS2_PLACEMENT_3D('',#2659,#2660,#2661);
#2659 = CARTESIAN_POINT('',(-14.3,-4.75,0.));
#2660 = DIRECTION('',(1.,0.,0.));
#2661 = DIRECTION('',(0.,0.,1.));
#2662 = ADVANCED_FACE('',(#2663),#2674,.T.);
#2663 = FACE_BOUND('',#2664,.F.);
#2664 = EDGE_LOOP('',(#2665,#2671,#2672,#2673));
#2665 = ORIENTED_EDGE('',*,*,#2666,.T.);
#2666 = EDGE_CURVE('',#1601,#1789,#2667,.T.);
#2667 = LINE('',#2668,#2669);
#2668 = CARTESIAN_POINT('',(-14.3,7.,-6.25));
#2669 = VECTOR('',#2670,1.);
#2670 = DIRECTION('',(-0.,-1.,-0.));
#2671 = ORIENTED_EDGE('',*,*,#1788,.T.);
#2672 = ORIENTED_EDGE('',*,*,#1618,.T.);
#2673 = ORIENTED_EDGE('',*,*,#1609,.T.);
#2674 = PLANE('',#2675);
#2675 = AXIS2_PLACEMENT_3D('',#2676,#2677,#2678);
#2676 = CARTESIAN_POINT('',(-14.3,-4.75,0.));
#2677 = DIRECTION('',(1.,0.,0.));
#2678 = DIRECTION('',(0.,0.,1.));
#2679 = ADVANCED_FACE('',(#2680),#2699,.T.);
#2680 = FACE_BOUND('',#2681,.F.);
#2681 = EDGE_LOOP('',(#2682,#2683,#2689,#2690,#2697,#2698));
#2682 = ORIENTED_EDGE('',*,*,#2535,.T.);
#2683 = ORIENTED_EDGE('',*,*,#2684,.F.);
#2684 = EDGE_CURVE('',#2015,#2528,#2685,.T.);
#2685 = LINE('',#2686,#2687);
#2686 = CARTESIAN_POINT('',(-18.,0.658628662252,0.));
#2687 = VECTOR('',#2688,1.);
#2688 = DIRECTION('',(-0.,-0.,-1.));
#2689 = ORIENTED_EDGE('',*,*,#2014,.F.);
#2690 = ORIENTED_EDGE('',*,*,#2691,.F.);
#2691 = EDGE_CURVE('',#2604,#2005,#2692,.T.);
#2692 = CIRCLE('',#2693,3.);
#2693 = AXIS2_PLACEMENT_3D('',#2694,#2695,#2696);
#2694 = CARTESIAN_POINT('',(-18.,-4.25,0.));
#2695 = DIRECTION('',(1.,0.,0.));
#2696 = DIRECTION('',(0.,1.,0.));
#2697 = ORIENTED_EDGE('',*,*,#2603,.T.);
#2698 = ORIENTED_EDGE('',*,*,#1725,.F.);
#2699 = PLANE('',#2700);
#2700 = AXIS2_PLACEMENT_3D('',#2701,#2702,#2703);
#2701 = CARTESIAN_POINT('',(-18.,-17.5,0.));
#2702 = DIRECTION('',(-1.,-0.,-0.));
#2703 = DIRECTION('',(0.,-1.,0.));
#2704 = ADVANCED_FACE('',(#2705),#2716,.F.);
#2705 = FACE_BOUND('',#2706,.T.);
#2706 = EDGE_LOOP('',(#2707,#2708,#2709,#2710));
#2707 = ORIENTED_EDGE('',*,*,#1867,.T.);
#2708 = ORIENTED_EDGE('',*,*,#1829,.T.);
#2709 = ORIENTED_EDGE('',*,*,#1740,.T.);
#2710 = ORIENTED_EDGE('',*,*,#2711,.T.);
#2711 = EDGE_CURVE('',#1743,#1868,#2712,.T.);
#2712 = LINE('',#2713,#2714);
#2713 = CARTESIAN_POINT('',(-7.,12.,-6.25));
#2714 = VECTOR('',#2715,1.);
#2715 = DIRECTION('',(-0.,-1.,-0.));
#2716 = PLANE('',#2717);
#2717 = AXIS2_PLACEMENT_3D('',#2718,#2719,#2720);
#2718 = CARTESIAN_POINT('',(-7.,-4.5,0.));
#2719 = DIRECTION('',(1.,0.,0.));
#2720 = DIRECTION('',(0.,0.,1.));
#2721 = ADVANCED_FACE('',(#2722),#2742,.F.);
#2722 = FACE_BOUND('',#2723,.T.);
#2723 = EDGE_LOOP('',(#2724,#2732,#2733,#2734,#2735,#2736));
#2724 = ORIENTED_EDGE('',*,*,#2725,.T.);
#2725 = EDGE_CURVE('',#2726,#1751,#2728,.T.);
#2726 = VERTEX_POINT('',#2727);
#2727 = CARTESIAN_POINT('',(10.2,7.,-6.25));
#2728 = LINE('',#2729,#2730);
#2729 = CARTESIAN_POINT('',(10.2,7.,-6.25));
#2730 = VECTOR('',#2731,1.);
#2731 = DIRECTION('',(-0.,-1.,-0.));
#2732 = ORIENTED_EDGE('',*,*,#1758,.T.);
#2733 = ORIENTED_EDGE('',*,*,#1981,.T.);
#2734 = ORIENTED_EDGE('',*,*,#2176,.F.);
#2735 = ORIENTED_EDGE('',*,*,#2100,.T.);
#2736 = ORIENTED_EDGE('',*,*,#2737,.T.);
#2737 = EDGE_CURVE('',#2101,#2726,#2738,.T.);
#2738 = LINE('',#2739,#2740);
#2739 = CARTESIAN_POINT('',(10.2,7.,6.25));
#2740 = VECTOR('',#2741,1.);
#2741 = DIRECTION('',(-0.,-0.,-1.));
#2742 = PLANE('',#2743);
#2743 = AXIS2_PLACEMENT_3D('',#2744,#2745,#2746);
#2744 = CARTESIAN_POINT('',(10.2,-4.75,0.));
#2745 = DIRECTION('',(1.,0.,0.));
#2746 = DIRECTION('',(0.,0.,1.));
#2747 = ADVANCED_FACE('',(#2748),#2796,.T.);
#2748 = FACE_BOUND('',#2749,.F.);
#2749 = EDGE_LOOP('',(#2750,#2751,#2752,#2753,#2754,#2762,#2770,#2778,
    #2786,#2792,#2793,#2794,#2795));
#2750 = ORIENTED_EDGE('',*,*,#1843,.F.);
#2751 = ORIENTED_EDGE('',*,*,#1796,.F.);
#2752 = ORIENTED_EDGE('',*,*,#2666,.F.);
#2753 = ORIENTED_EDGE('',*,*,#2634,.F.);
#2754 = ORIENTED_EDGE('',*,*,#2755,.T.);
#2755 = EDGE_CURVE('',#2635,#2756,#2758,.T.);
#2756 = VERTEX_POINT('',#2757);
#2757 = CARTESIAN_POINT('',(-10.,7.,-6.25));
#2758 = LINE('',#2759,#2760);
#2759 = CARTESIAN_POINT('',(-14.3,7.,-6.25));
#2760 = VECTOR('',#2761,1.);
#2761 = DIRECTION('',(1.,0.,0.));
#2762 = ORIENTED_EDGE('',*,*,#2763,.F.);
#2763 = EDGE_CURVE('',#2764,#2756,#2766,.T.);
#2764 = VERTEX_POINT('',#2765);
#2765 = CARTESIAN_POINT('',(-10.,12.,-6.25));
#2766 = LINE('',#2767,#2768);
#2767 = CARTESIAN_POINT('',(-10.,12.,-6.25));
#2768 = VECTOR('',#2769,1.);
#2769 = DIRECTION('',(-0.,-1.,-0.));
#2770 = ORIENTED_EDGE('',*,*,#2771,.T.);
#2771 = EDGE_CURVE('',#2764,#2772,#2774,.T.);
#2772 = VERTEX_POINT('',#2773);
#2773 = CARTESIAN_POINT('',(-7.,12.,-6.25));
#2774 = LINE('',#2775,#2776);
#2775 = CARTESIAN_POINT('',(-10.,12.,-6.25));
#2776 = VECTOR('',#2777,1.);
#2777 = DIRECTION('',(1.,0.,0.));
#2778 = ORIENTED_EDGE('',*,*,#2779,.T.);
#2779 = EDGE_CURVE('',#2772,#2780,#2782,.T.);
#2780 = VERTEX_POINT('',#2781);
#2781 = CARTESIAN_POINT('',(-7.,7.,-6.25));
#2782 = LINE('',#2783,#2784);
#2783 = CARTESIAN_POINT('',(-7.,12.,-6.25));
#2784 = VECTOR('',#2785,1.);
#2785 = DIRECTION('',(-0.,-1.,-0.));
#2786 = ORIENTED_EDGE('',*,*,#2787,.T.);
#2787 = EDGE_CURVE('',#2780,#2726,#2788,.T.);
#2788 = LINE('',#2789,#2790);
#2789 = CARTESIAN_POINT('',(-14.3,7.,-6.25));
#2790 = VECTOR('',#2791,1.);
#2791 = DIRECTION('',(1.,0.,0.));
#2792 = ORIENTED_EDGE('',*,*,#2725,.T.);
#2793 = ORIENTED_EDGE('',*,*,#1750,.F.);
#2794 = ORIENTED_EDGE('',*,*,#2711,.T.);
#2795 = ORIENTED_EDGE('',*,*,#1878,.F.);
#2796 = PLANE('',#2797);
#2797 = AXIS2_PLACEMENT_3D('',#2798,#2799,#2800);
#2798 = CARTESIAN_POINT('',(-3.115652173913,-4.59347826087,-6.25));
#2799 = DIRECTION('',(0.,0.,1.));
#2800 = DIRECTION('',(1.,0.,0.));
#2801 = ADVANCED_FACE('',(#2802),#2805,.F.);
#2802 = FACE_BOUND('',#2803,.T.);
#2803 = EDGE_LOOP('',(#2804));
#2804 = ORIENTED_EDGE('',*,*,#1900,.T.);
#2805 = PLANE('',#2806);
#2806 = AXIS2_PLACEMENT_3D('',#2807,#2808,#2809);
#2807 = CARTESIAN_POINT('',(0.,-12.66666666666,-8.));
#2808 = DIRECTION('',(-0.,-0.,-1.));
#2809 = DIRECTION('',(-1.,0.,0.));
#2810 = ADVANCED_FACE('',(#2811),#2817,.F.);
#2811 = FACE_BOUND('',#2812,.F.);
#2812 = EDGE_LOOP('',(#2813,#2814,#2815,#2816));
#2813 = ORIENTED_EDGE('',*,*,#2691,.T.);
#2814 = ORIENTED_EDGE('',*,*,#2004,.T.);
#2815 = ORIENTED_EDGE('',*,*,#2644,.F.);
#2816 = ORIENTED_EDGE('',*,*,#2611,.F.);
#2817 = CYLINDRICAL_SURFACE('',#2818,3.);
#2818 = AXIS2_PLACEMENT_3D('',#2819,#2820,#2821);
#2819 = CARTESIAN_POINT('',(-18.5,-4.25,0.));
#2820 = DIRECTION('',(-1.,0.,0.));
#2821 = DIRECTION('',(0.,1.,0.));
#2822 = ADVANCED_FACE('',(#2823),#2858,.T.);
#2823 = FACE_BOUND('',#2824,.T.);
#2824 = EDGE_LOOP('',(#2825,#2826,#2827,#2835));
#2825 = ORIENTED_EDGE('',*,*,#2684,.F.);
#2826 = ORIENTED_EDGE('',*,*,#2022,.T.);
#2827 = ORIENTED_EDGE('',*,*,#2828,.T.);
#2828 = EDGE_CURVE('',#2023,#2829,#2831,.T.);
#2829 = VERTEX_POINT('',#2830);
#2830 = CARTESIAN_POINT('',(-17.09393987104,4.103029458928,
    -6.215516890268));
#2831 = LINE('',#2832,#2833);
#2832 = CARTESIAN_POINT('',(-17.09393987104,4.103029458928,0.));
#2833 = VECTOR('',#2834,1.);
#2834 = DIRECTION('',(-0.,-0.,-1.));
#2835 = ORIENTED_EDGE('',*,*,#2836,.F.);
#2836 = EDGE_CURVE('',#2528,#2829,#2837,.T.);
#2837 = ( BOUNDED_CURVE() B_SPLINE_CURVE(10,(#2838,#2839,#2840,#2841,
    #2842,#2843,#2844,#2845,#2846,#2847,#2848,#2849,#2850,#2851,#2852,
    #2853,#2854,#2855,#2856,#2857),.UNSPECIFIED.,.F.,.F.) 
B_SPLINE_CURVE_WITH_KNOTS((11,9,11),(25.213468879201,25.792556651198,
27.348598174252),.UNSPECIFIED.) CURVE() GEOMETRIC_REPRESENTATION_ITEM() 
RATIONAL_B_SPLINE_CURVE((1.,1.,1.,1.,1.,1.,1.,1.,1.,1.,1.,1.,1.,1.,1.,1.
,1.,1.,1.,1.)) REPRESENTATION_ITEM('') );
#2838 = CARTESIAN_POINT('',(-18.,0.658628662252,-6.310294108695));
#2839 = CARTESIAN_POINT('',(-18.,0.737003328771,-6.303009849629));
#2840 = CARTESIAN_POINT('',(-17.9990295921,0.8154553785,-6.296062391143)
  );
#2841 = CARTESIAN_POINT('',(-17.9970821175,0.89398924032,-6.289430612031
    ));
#2842 = CARTESIAN_POINT('',(-17.99415091741,0.972609343115,
    -6.283093391091));
#2843 = CARTESIAN_POINT('',(-17.99022933302,1.051320115768,
    -6.277029607117));
#2844 = CARTESIAN_POINT('',(-17.98531070553,1.130125987162,
    -6.271218138905));
#2845 = CARTESIAN_POINT('',(-17.97938837614,1.209031386178,
    -6.26563786525));
#2846 = CARTESIAN_POINT('',(-17.97245568605,1.288040741701,
    -6.260267664949));
#2847 = CARTESIAN_POINT('',(-17.96450597646,1.367158482612,
    -6.255086416797));
#2848 = CARTESIAN_POINT('',(-17.93142058891,1.659286010795,
    -6.236601664629));
#2849 = CARTESIAN_POINT('',(-17.88981277971,1.962347646156,
    -6.238481531386));
#2850 = CARTESIAN_POINT('',(-17.83008894704,2.26342556719,
    -6.232297656516));
#2851 = CARTESIAN_POINT('',(-17.75595562262,2.548004965764,
    -6.237212772295));
#2852 = CARTESIAN_POINT('',(-17.67368888254,2.827635771318,
    -6.228672317081));
#2853 = CARTESIAN_POINT('',(-17.57729598873,3.097829190301,
    -6.22962074942));
#2854 = CARTESIAN_POINT('',(-17.47141548485,3.36201794291,
    -6.224554846698));
#2855 = CARTESIAN_POINT('',(-17.35458386078,3.617704325815,
    -6.221866899696));
#2856 = CARTESIAN_POINT('',(-17.22850605934,3.864950818075,
    -6.218559016921));
#2857 = CARTESIAN_POINT('',(-17.09393987104,4.103029458928,
    -6.215516890268));
#2858 = CYLINDRICAL_SURFACE('',#2859,7.);
#2859 = AXIS2_PLACEMENT_3D('',#2860,#2861,#2862);
#2860 = CARTESIAN_POINT('',(-11.,0.658628662252,0.));
#2861 = DIRECTION('',(-0.,-0.,-1.));
#2862 = DIRECTION('',(-1.,-0.,-0.));
#2863 = ADVANCED_FACE('',(#2864),#2875,.T.);
#2864 = FACE_BOUND('',#2865,.F.);
#2865 = EDGE_LOOP('',(#2866,#2867,#2868,#2874));
#2866 = ORIENTED_EDGE('',*,*,#2652,.F.);
#2867 = ORIENTED_EDGE('',*,*,#2140,.T.);
#2868 = ORIENTED_EDGE('',*,*,#2869,.F.);
#2869 = EDGE_CURVE('',#2756,#2133,#2870,.T.);
#2870 = LINE('',#2871,#2872);
#2871 = CARTESIAN_POINT('',(-10.,7.,3.125));
#2872 = VECTOR('',#2873,1.);
#2873 = DIRECTION('',(0.,0.,1.));
#2874 = ORIENTED_EDGE('',*,*,#2755,.F.);
#2875 = PLANE('',#2876);
#2876 = AXIS2_PLACEMENT_3D('',#2877,#2878,#2879);
#2877 = CARTESIAN_POINT('',(-14.3,7.,6.25));
#2878 = DIRECTION('',(-0.,-1.,-0.));
#2879 = DIRECTION('',(0.,0.,1.));
#2880 = ADVANCED_FACE('',(#2881),#2927,.T.);
#2881 = FACE_BOUND('',#2882,.F.);
#2882 = EDGE_LOOP('',(#2883,#2884,#2907,#2920,#2926));
#2883 = ORIENTED_EDGE('',*,*,#2828,.T.);
#2884 = ORIENTED_EDGE('',*,*,#2885,.T.);
#2885 = EDGE_CURVE('',#2829,#2886,#2888,.T.);
#2886 = VERTEX_POINT('',#2887);
#2887 = CARTESIAN_POINT('',(-15.39888990616,7.10196401217,
    -6.657944169776));
#2888 = ( BOUNDED_CURVE() B_SPLINE_CURVE(9,(#2889,#2890,#2891,#2892,
    #2893,#2894,#2895,#2896,#2897,#2898,#2899,#2900,#2901,#2902,#2903,
#2904,#2905,#2906),.UNSPECIFIED.,.F.,.F.) B_SPLINE_CURVE_WITH_KNOTS((10,
    8,10),(27.348598174252,28.448588496101,29.965314092565),
.UNSPECIFIED.) CURVE() GEOMETRIC_REPRESENTATION_ITEM() 
RATIONAL_B_SPLINE_CURVE((1.,1.,1.,1.,1.,1.,1.,1.,1.,1.,1.,1.,1.,1.,1.,1.
,1.,1.)) REPRESENTATION_ITEM('') );
#2889 = CARTESIAN_POINT('',(-17.09393987104,4.103029458928,
    -6.215516890267));
#2890 = CARTESIAN_POINT('',(-16.9978144779,4.273097462176,-6.27039703017
    ));
#2891 = CARTESIAN_POINT('',(-16.90387232233,4.43930281434,
    -6.325075043328));
#2892 = CARTESIAN_POINT('',(-16.81217121984,4.601543226427,
    -6.379157595622));
#2893 = CARTESIAN_POINT('',(-16.72110450739,4.762661256147,
    -6.433366033683));
#2894 = CARTESIAN_POINT('',(-16.63403615437,4.916705265333,
    -6.483716593476));
#2895 = CARTESIAN_POINT('',(-16.54308250345,5.077623263117,
    -6.541962397992));
#2896 = CARTESIAN_POINT('',(-16.46295487067,5.219387536507,
    -6.576207026048));
#2897 = CARTESIAN_POINT('',(-16.36472226205,5.393183690208,
    -6.657337980047));
#2898 = CARTESIAN_POINT('',(-16.19249623033,5.697891284801,
    -6.689503427224));
#2899 = CARTESIAN_POINT('',(-16.09334651467,5.873310012496,
    -6.701075706742));
#2900 = CARTESIAN_POINT('',(-15.99448239687,6.048223451692,
    -6.707028900272));
#2901 = CARTESIAN_POINT('',(-15.89564529661,6.223089090612,
    -6.708331842904));
#2902 = CARTESIAN_POINT('',(-15.79668413156,6.398174228776,
    -6.705571204056));
#2903 = CARTESIAN_POINT('',(-15.69752942986,6.573601777937,
    -6.69905316151));
#2904 = CARTESIAN_POINT('',(-15.59816744263,6.749396063023,
    -6.688905075451));
#2905 = CARTESIAN_POINT('',(-15.49861425652,6.925528623072,
    -6.675177162504));
#2906 = CARTESIAN_POINT('',(-15.39888990616,7.10196401217,
    -6.657944169776));
#2907 = ORIENTED_EDGE('',*,*,#2908,.T.);
#2908 = EDGE_CURVE('',#2886,#2909,#2911,.T.);
#2909 = VERTEX_POINT('',#2910);
#2910 = CARTESIAN_POINT('',(-13.50968650622,10.444400796675,-6.5));
#2911 = ( BOUNDED_CURVE() B_SPLINE_CURVE(7,(#2912,#2913,#2914,#2915,
    #2916,#2917,#2918,#2919),.UNSPECIFIED.,.F.,.F.) 
B_SPLINE_CURVE_WITH_KNOTS((8,8),(29.965314092565,33.198247283681),
.PIECEWISE_BEZIER_KNOTS.) CURVE() GEOMETRIC_REPRESENTATION_ITEM() 
RATIONAL_B_SPLINE_CURVE((1.,1.,1.,1.,1.,1.,1.,1.)) REPRESENTATION_ITEM(
  '') );
#2912 = CARTESIAN_POINT('',(-15.39888990616,7.10196401217,
    -6.657944169776));
#2913 = CARTESIAN_POINT('',(-15.12559256965,7.58549006908,
    -6.610716677236));
#2914 = CARTESIAN_POINT('',(-14.85520260585,8.063872312715,
    -6.572638904448));
#2915 = CARTESIAN_POINT('',(-14.58580829783,8.540493011532,
    -6.543804477302));
#2916 = CARTESIAN_POINT('',(-14.31744259562,9.015293869274,
    -6.521515359588));
#2917 = CARTESIAN_POINT('',(-14.04897941342,9.490267191632,
    -6.507248726688));
#2918 = CARTESIAN_POINT('',(-13.77995116541,9.966240245807,-6.5));
#2919 = CARTESIAN_POINT('',(-13.50968650622,10.444400796675,-6.5));
#2920 = ORIENTED_EDGE('',*,*,#2921,.F.);
#2921 = EDGE_CURVE('',#2032,#2909,#2922,.T.);
#2922 = LINE('',#2923,#2924);
#2923 = CARTESIAN_POINT('',(-13.50968650622,10.444400796675,0.));
#2924 = VECTOR('',#2925,1.);
#2925 = DIRECTION('',(-0.,-0.,-1.));
#2926 = ORIENTED_EDGE('',*,*,#2031,.F.);
#2927 = PLANE('',#2928);
#2928 = AXIS2_PLACEMENT_3D('',#2929,#2930,#2931);
#2929 = CARTESIAN_POINT('',(-18.,2.5,0.));
#2930 = DIRECTION('',(-0.87056283872,0.492057256668,0.));
#2931 = DIRECTION('',(-0.492057256668,-0.87056283872,0.));
#2932 = ADVANCED_FACE('',(#2933),#2944,.T.);
#2933 = FACE_BOUND('',#2934,.F.);
#2934 = EDGE_LOOP('',(#2935,#2936,#2937,#2938));
#2935 = ORIENTED_EDGE('',*,*,#2763,.T.);
#2936 = ORIENTED_EDGE('',*,*,#2869,.T.);
#2937 = ORIENTED_EDGE('',*,*,#2132,.T.);
#2938 = ORIENTED_EDGE('',*,*,#2939,.T.);
#2939 = EDGE_CURVE('',#2125,#2764,#2940,.T.);
#2940 = LINE('',#2941,#2942);
#2941 = CARTESIAN_POINT('',(-10.,12.,6.25));
#2942 = VECTOR('',#2943,1.);
#2943 = DIRECTION('',(-0.,-2.84217094304E-16,-1.));
#2944 = PLANE('',#2945);
#2945 = AXIS2_PLACEMENT_3D('',#2946,#2947,#2948);
#2946 = CARTESIAN_POINT('',(-10.,-4.5,0.));
#2947 = DIRECTION('',(1.,0.,0.));
#2948 = DIRECTION('',(0.,0.,1.));
#2949 = ADVANCED_FACE('',(#2950),#2969,.T.);
#2950 = FACE_BOUND('',#2951,.T.);
#2951 = EDGE_LOOP('',(#2952,#2953,#2954,#2962));
#2952 = ORIENTED_EDGE('',*,*,#2921,.F.);
#2953 = ORIENTED_EDGE('',*,*,#2039,.T.);
#2954 = ORIENTED_EDGE('',*,*,#2955,.T.);
#2955 = EDGE_CURVE('',#2040,#2956,#2958,.T.);
#2956 = VERTEX_POINT('',#2957);
#2957 = CARTESIAN_POINT('',(-7.415746635186,14.,-6.5));
#2958 = LINE('',#2959,#2960);
#2959 = CARTESIAN_POINT('',(-7.415746635186,14.,0.));
#2960 = VECTOR('',#2961,1.);
#2961 = DIRECTION('',(-0.,-0.,-1.));
#2962 = ORIENTED_EDGE('',*,*,#2963,.F.);
#2963 = EDGE_CURVE('',#2909,#2956,#2964,.T.);
#2964 = CIRCLE('',#2965,7.);
#2965 = AXIS2_PLACEMENT_3D('',#2966,#2967,#2968);
#2966 = CARTESIAN_POINT('',(-7.415746635186,7.,-6.5));
#2967 = DIRECTION('',(0.,0.,-1.));
#2968 = DIRECTION('',(-0.793867723421,0.608090484805,0.));
#2969 = CYLINDRICAL_SURFACE('',#2970,7.);
#2970 = AXIS2_PLACEMENT_3D('',#2971,#2972,#2973);
#2971 = CARTESIAN_POINT('',(-7.415746635186,7.,0.));
#2972 = DIRECTION('',(-0.,-0.,-1.));
#2973 = DIRECTION('',(-0.87056283872,0.492057256668,0.));
#2974 = ADVANCED_FACE('',(#2975),#2994,.T.);
#2975 = FACE_BOUND('',#2976,.F.);
#2976 = EDGE_LOOP('',(#2977,#2985,#2986,#2987,#2988));
#2977 = ORIENTED_EDGE('',*,*,#2978,.T.);
#2978 = EDGE_CURVE('',#2979,#2772,#2981,.T.);
#2979 = VERTEX_POINT('',#2980);
#2980 = CARTESIAN_POINT('',(-7.,12.,-3.533778548736));
#2981 = LINE('',#2982,#2983);
#2982 = CARTESIAN_POINT('',(-7.,12.,6.25));
#2983 = VECTOR('',#2984,1.);
#2984 = DIRECTION('',(-0.,-2.84217094304E-16,-1.));
#2985 = ORIENTED_EDGE('',*,*,#2771,.F.);
#2986 = ORIENTED_EDGE('',*,*,#2939,.F.);
#2987 = ORIENTED_EDGE('',*,*,#2124,.T.);
#2988 = ORIENTED_EDGE('',*,*,#2989,.T.);
#2989 = EDGE_CURVE('',#2117,#2979,#2990,.T.);
#2990 = LINE('',#2991,#2992);
#2991 = CARTESIAN_POINT('',(-5.094540895204,12.,0.955201791277));
#2992 = VECTOR('',#2993,1.);
#2993 = DIRECTION('',(-0.390731128489,-2.61623214741E-16,-0.920504853452
    ));
#2994 = PLANE('',#2995);
#2995 = AXIS2_PLACEMENT_3D('',#2996,#2997,#2998);
#2996 = CARTESIAN_POINT('',(-10.,12.,6.25));
#2997 = DIRECTION('',(0.,-1.,2.84217094304E-16));
#2998 = DIRECTION('',(0.,2.84217094304E-16,1.));
#2999 = ADVANCED_FACE('',(#3000),#3018,.T.);
#3000 = FACE_BOUND('',#3001,.F.);
#3001 = EDGE_LOOP('',(#3002,#3003,#3011,#3017));
#3002 = ORIENTED_EDGE('',*,*,#2955,.T.);
#3003 = ORIENTED_EDGE('',*,*,#3004,.T.);
#3004 = EDGE_CURVE('',#2956,#3005,#3007,.T.);
#3005 = VERTEX_POINT('',#3006);
#3006 = CARTESIAN_POINT('',(7.415746635186,14.,-6.5));
#3007 = LINE('',#3008,#3009);
#3008 = CARTESIAN_POINT('',(-7.415746635186,14.,-6.5));
#3009 = VECTOR('',#3010,1.);
#3010 = DIRECTION('',(1.,0.,0.));
#3011 = ORIENTED_EDGE('',*,*,#3012,.F.);
#3012 = EDGE_CURVE('',#2049,#3005,#3013,.T.);
#3013 = LINE('',#3014,#3015);
#3014 = CARTESIAN_POINT('',(7.415746635186,14.,0.));
#3015 = VECTOR('',#3016,1.);
#3016 = DIRECTION('',(-0.,-0.,-1.));
#3017 = ORIENTED_EDGE('',*,*,#2048,.F.);
#3018 = PLANE('',#3019);
#3019 = AXIS2_PLACEMENT_3D('',#3020,#3021,#3022);
#3020 = CARTESIAN_POINT('',(-11.5,14.,0.));
#3021 = DIRECTION('',(0.,1.,0.));
#3022 = DIRECTION('',(-1.,0.,0.));
#3023 = ADVANCED_FACE('',(#3024),#3042,.T.);
#3024 = FACE_BOUND('',#3025,.T.);
#3025 = EDGE_LOOP('',(#3026,#3034,#3035,#3036));
#3026 = ORIENTED_EDGE('',*,*,#3027,.T.);
#3027 = EDGE_CURVE('',#3028,#2109,#3030,.T.);
#3028 = VERTEX_POINT('',#3029);
#3029 = CARTESIAN_POINT('',(-7.,7.,-3.533778548736));
#3030 = LINE('',#3031,#3032);
#3031 = CARTESIAN_POINT('',(-5.422783146961,7.,0.181911505913));
#3032 = VECTOR('',#3033,1.);
#3033 = DIRECTION('',(0.390731128489,0.,0.920504853452));
#3034 = ORIENTED_EDGE('',*,*,#2116,.T.);
#3035 = ORIENTED_EDGE('',*,*,#2989,.T.);
#3036 = ORIENTED_EDGE('',*,*,#3037,.F.);
#3037 = EDGE_CURVE('',#3028,#2979,#3038,.T.);
#3038 = LINE('',#3039,#3040);
#3039 = CARTESIAN_POINT('',(-7.,-21.,-3.533778548736));
#3040 = VECTOR('',#3041,1.);
#3041 = DIRECTION('',(0.,1.,0.));
#3042 = PLANE('',#3043);
#3043 = AXIS2_PLACEMENT_3D('',#3044,#3045,#3046);
#3044 = CARTESIAN_POINT('',(-6.25,-21.,-1.766889274368));
#3045 = DIRECTION('',(-0.920504853452,0.,0.390731128489));
#3046 = DIRECTION('',(0.,1.,0.));
#3047 = ADVANCED_FACE('',(#3048),#3067,.T.);
#3048 = FACE_BOUND('',#3049,.T.);
#3049 = EDGE_LOOP('',(#3050,#3058,#3065,#3066));
#3050 = ORIENTED_EDGE('',*,*,#3051,.T.);
#3051 = EDGE_CURVE('',#2057,#3052,#3054,.T.);
#3052 = VERTEX_POINT('',#3053);
#3053 = CARTESIAN_POINT('',(13.509686506227,10.444400796675,-6.5));
#3054 = LINE('',#3055,#3056);
#3055 = CARTESIAN_POINT('',(13.509686506227,10.444400796675,0.));
#3056 = VECTOR('',#3057,1.);
#3057 = DIRECTION('',(-0.,-0.,-1.));
#3058 = ORIENTED_EDGE('',*,*,#3059,.F.);
#3059 = EDGE_CURVE('',#3005,#3052,#3060,.T.);
#3060 = CIRCLE('',#3061,7.);
#3061 = AXIS2_PLACEMENT_3D('',#3062,#3063,#3064);
#3062 = CARTESIAN_POINT('',(7.415746635186,7.,-6.5));
#3063 = DIRECTION('',(0.,0.,-1.));
#3064 = DIRECTION('',(0.,1.,0.));
#3065 = ORIENTED_EDGE('',*,*,#3012,.F.);
#3066 = ORIENTED_EDGE('',*,*,#2056,.T.);
#3067 = CYLINDRICAL_SURFACE('',#3068,7.);
#3068 = AXIS2_PLACEMENT_3D('',#3069,#3070,#3071);
#3069 = CARTESIAN_POINT('',(7.415746635186,7.,0.));
#3070 = DIRECTION('',(-0.,-0.,-1.));
#3071 = DIRECTION('',(0.,1.,0.));
#3072 = ADVANCED_FACE('',(#3073),#3085,.T.);
#3073 = FACE_BOUND('',#3074,.F.);
#3074 = EDGE_LOOP('',(#3075,#3076,#3077,#3078,#3084));
#3075 = ORIENTED_EDGE('',*,*,#2108,.T.);
#3076 = ORIENTED_EDGE('',*,*,#2737,.T.);
#3077 = ORIENTED_EDGE('',*,*,#2787,.F.);
#3078 = ORIENTED_EDGE('',*,*,#3079,.T.);
#3079 = EDGE_CURVE('',#2780,#3028,#3080,.T.);
#3080 = LINE('',#3081,#3082);
#3081 = CARTESIAN_POINT('',(-7.,7.,3.125));
#3082 = VECTOR('',#3083,1.);
#3083 = DIRECTION('',(0.,0.,1.));
#3084 = ORIENTED_EDGE('',*,*,#3027,.T.);
#3085 = PLANE('',#3086);
#3086 = AXIS2_PLACEMENT_3D('',#3087,#3088,#3089);
#3087 = CARTESIAN_POINT('',(-14.3,7.,6.25));
#3088 = DIRECTION('',(-0.,-1.,-0.));
#3089 = DIRECTION('',(0.,0.,1.));
#3090 = ADVANCED_FACE('',(#3091),#3137,.T.);
#3091 = FACE_BOUND('',#3092,.F.);
#3092 = EDGE_LOOP('',(#3093,#3094,#3107,#3130,#3136));
#3093 = ORIENTED_EDGE('',*,*,#3051,.T.);
#3094 = ORIENTED_EDGE('',*,*,#3095,.T.);
#3095 = EDGE_CURVE('',#3052,#3096,#3098,.T.);
#3096 = VERTEX_POINT('',#3097);
#3097 = CARTESIAN_POINT('',(15.397797413043,7.103896884615,
    -6.658360678721));
#3098 = ( BOUNDED_CURVE() B_SPLINE_CURVE(7,(#3099,#3100,#3101,#3102,
    #3103,#3104,#3105,#3106),.UNSPECIFIED.,.F.,.F.) 
B_SPLINE_CURVE_WITH_KNOTS((8,8),(62.819196017146,66.05043781341),
.PIECEWISE_BEZIER_KNOTS.) CURVE() GEOMETRIC_REPRESENTATION_ITEM() 
RATIONAL_B_SPLINE_CURVE((1.,1.,1.,1.,1.,1.,1.,1.)) REPRESENTATION_ITEM(
  '') );
#3099 = CARTESIAN_POINT('',(13.509686506227,10.444400796675,-6.5));
#3100 = CARTESIAN_POINT('',(13.779829761808,9.966455036801,-6.5));
#3101 = CARTESIAN_POINT('',(14.048745883633,9.490680359727,
    -6.507238157247));
#3102 = CARTESIAN_POINT('',(14.317048018366,9.015991967506,
    -6.521504234458));
#3103 = CARTESIAN_POINT('',(14.585389544765,8.541233882339,
    -6.543777875549));
#3104 = CARTESIAN_POINT('',(14.854541007626,8.065042832661,
    -6.572452320518));
#3105 = CARTESIAN_POINT('',(15.124617813255,7.587214638088,
    -6.611025583034));
#3106 = CARTESIAN_POINT('',(15.397797413043,7.103896884615,
    -6.658360678721));
#3107 = ORIENTED_EDGE('',*,*,#3108,.T.);
#3108 = EDGE_CURVE('',#3096,#3109,#3111,.T.);
#3109 = VERTEX_POINT('',#3110);
#3110 = CARTESIAN_POINT('',(17.093939871041,4.103029458928,
    -6.21552029329));
#3111 = ( BOUNDED_CURVE() B_SPLINE_CURVE(9,(#3112,#3113,#3114,#3115,
    #3116,#3117,#3118,#3119,#3120,#3121,#3122,#3123,#3124,#3125,#3126,
#3127,#3128,#3129),.UNSPECIFIED.,.F.,.F.) B_SPLINE_CURVE_WITH_KNOTS((10,
    8,10),(66.05043781341,67.568512107427,68.668402684349),
.UNSPECIFIED.) CURVE() GEOMETRIC_REPRESENTATION_ITEM() 
RATIONAL_B_SPLINE_CURVE((1.,1.,1.,1.,1.,1.,1.,1.,1.,1.,1.,1.,1.,1.,1.,1.
,1.,1.)) REPRESENTATION_ITEM('') );
#3112 = CARTESIAN_POINT('',(15.397797413043,7.103896884615,
    -6.658360678721));
#3113 = CARTESIAN_POINT('',(15.497619665074,6.927288284869,
    -6.675657343096));
#3114 = CARTESIAN_POINT('',(15.597297005249,6.750936067637,
    -6.689379579092));
#3115 = CARTESIAN_POINT('',(15.696811828257,6.574871380777,
    -6.699457124802));
#3116 = CARTESIAN_POINT('',(15.7961602021,6.399101180901,-6.705798094965
    ));
#3117 = CARTESIAN_POINT('',(15.895365215364,6.223584618972,
    -6.708230334948));
#3118 = CARTESIAN_POINT('',(15.994490324483,6.048209425914,
    -6.706442774725));
#3119 = CARTESIAN_POINT('',(16.093652701012,5.872768298209,
    -6.699926782858));
#3120 = CARTESIAN_POINT('',(16.193036578889,5.696935283504,
    -6.687917520475));
#3121 = CARTESIAN_POINT('',(16.365265443065,5.392222677655,
    -6.655871913055));
#3122 = CARTESIAN_POINT('',(16.460632170678,5.223496928801,
    -6.582376204607));
#3123 = CARTESIAN_POINT('',(16.544958589676,5.07430403365,
    -6.536721053385));
#3124 = CARTESIAN_POINT('',(16.632994901651,4.918547481694,
    -6.486710970681));
#3125 = CARTESIAN_POINT('',(16.721585852603,4.761809645394,
    -6.432057885156));
#3126 = CARTESIAN_POINT('',(16.812065698367,4.601729918273,
    -6.379529229033));
#3127 = CARTESIAN_POINT('',(16.903919143541,4.439219976811,
    -6.325001194126));
#3128 = CARTESIAN_POINT('',(16.997828531198,4.27307259865,
    -6.270392355219));
#3129 = CARTESIAN_POINT('',(17.093939871041,4.103029458928,
    -6.21552029329));
#3130 = ORIENTED_EDGE('',*,*,#3131,.F.);
#3131 = EDGE_CURVE('',#2066,#3109,#3132,.T.);
#3132 = LINE('',#3133,#3134);
#3133 = CARTESIAN_POINT('',(17.093939871041,4.103029458928,0.));
#3134 = VECTOR('',#3135,1.);
#3135 = DIRECTION('',(-0.,-0.,-1.));
#3136 = ORIENTED_EDGE('',*,*,#2065,.F.);
#3137 = PLANE('',#3138);
#3138 = AXIS2_PLACEMENT_3D('',#3139,#3140,#3141);
#3139 = CARTESIAN_POINT('',(11.5,14.,0.));
#3140 = DIRECTION('',(0.87056283872,0.492057256668,0.));
#3141 = DIRECTION('',(-0.492057256668,0.87056283872,0.));
#3142 = ADVANCED_FACE('',(#3143),#3171,.T.);
#3143 = FACE_BOUND('',#3144,.T.);
#3144 = EDGE_LOOP('',(#3145,#3146,#3147,#3148));
#3145 = ORIENTED_EDGE('',*,*,#3131,.F.);
#3146 = ORIENTED_EDGE('',*,*,#2073,.T.);
#3147 = ORIENTED_EDGE('',*,*,#2419,.T.);
#3148 = ORIENTED_EDGE('',*,*,#3149,.F.);
#3149 = EDGE_CURVE('',#3109,#2420,#3150,.T.);
#3150 = ( BOUNDED_CURVE() B_SPLINE_CURVE(7,(#3151,#3152,#3153,#3154,
    #3155,#3156,#3157,#3158,#3159,#3160,#3161,#3162,#3163,#3164,#3165,
    #3166,#3167,#3168,#3169,#3170),.UNSPECIFIED.,.F.,.F.) 
B_SPLINE_CURVE_WITH_KNOTS((8,6,6,8),(68.668402684349,69.998618254215,
70.224555928259,70.783311358664),.UNSPECIFIED.) CURVE() 
GEOMETRIC_REPRESENTATION_ITEM() RATIONAL_B_SPLINE_CURVE((1.,1.,1.,1.,1.,
1.,1.,1.,1.,1.,1.,1.,1.,1.,1.,1.,1.,1.,1.,1.)) REPRESENTATION_ITEM('') 
  );
#3151 = CARTESIAN_POINT('',(17.093939871041,4.103029458928,
    -6.21552029329));
#3152 = CARTESIAN_POINT('',(17.258268698107,3.812293841811,
    -6.219234334037));
#3153 = CARTESIAN_POINT('',(17.409348097713,3.507201102872,
    -6.223221786001));
#3154 = CARTESIAN_POINT('',(17.545090577925,3.189067117783,
    -6.227206541147));
#3155 = CARTESIAN_POINT('',(17.663704679983,2.859370065421,
    -6.230980976159));
#3156 = CARTESIAN_POINT('',(17.763694978293,2.519750427868,
    -6.234405952438));
#3157 = CARTESIAN_POINT('',(17.843862080434,2.172010990413,
    -6.237410816105));
#3158 = CARTESIAN_POINT('',(17.913398629016,1.758007771513,
    -6.24043205062));
#3159 = CARTESIAN_POINT('',(17.922898050288,1.697594203333,
    -6.240825712205));
#3160 = CARTESIAN_POINT('',(17.931785397803,1.637825891659,
    -6.241398695866));
#3161 = CARTESIAN_POINT('',(17.940115790294,1.575214645712,
    -6.241415152081));
#3162 = CARTESIAN_POINT('',(17.947596938683,1.519113756556,
    -6.242512224532));
#3163 = CARTESIAN_POINT('',(17.955841072793,1.444853544341,
    -6.24114798273));
#3164 = CARTESIAN_POINT('',(17.971805627348,1.295332113629,
    -6.250332166476));
#3165 = CARTESIAN_POINT('',(17.981246661656,1.188986367747,
    -6.25728092425));
#3166 = CARTESIAN_POINT('',(17.988773743048,1.082750531654,
    -6.264697962606));
#3167 = CARTESIAN_POINT('',(17.994399744551,0.976610724203,
    -6.272642574504));
#3168 = CARTESIAN_POINT('',(17.998137539193,0.870553064249,
    -6.281174052904));
#3169 = CARTESIAN_POINT('',(18.,0.764563670647,-6.290351690766));
#3170 = CARTESIAN_POINT('',(18.,0.658628662252,-6.30023478105));
#3171 = CYLINDRICAL_SURFACE('',#3172,7.);
#3172 = AXIS2_PLACEMENT_3D('',#3173,#3174,#3175);
#3173 = CARTESIAN_POINT('',(11.,0.658628662252,0.));
#3174 = DIRECTION('',(-0.,-0.,-1.));
#3175 = DIRECTION('',(0.87056283872,0.492057256668,0.));
#3176 = ADVANCED_FACE('',(#3177),#3196,.F.);
#3177 = FACE_BOUND('',#3178,.F.);
#3178 = EDGE_LOOP('',(#3179,#3187,#3194,#3195));
#3179 = ORIENTED_EDGE('',*,*,#3180,.T.);
#3180 = EDGE_CURVE('',#2157,#3181,#3183,.T.);
#3181 = VERTEX_POINT('',#3182);
#3182 = CARTESIAN_POINT('',(2.,10.,-8.));
#3183 = LINE('',#3184,#3185);
#3184 = CARTESIAN_POINT('',(2.,10.,0.));
#3185 = VECTOR('',#3186,1.);
#3186 = DIRECTION('',(-0.,-0.,-1.));
#3187 = ORIENTED_EDGE('',*,*,#3188,.T.);
#3188 = EDGE_CURVE('',#3181,#3181,#3189,.T.);
#3189 = CIRCLE('',#3190,2.);
#3190 = AXIS2_PLACEMENT_3D('',#3191,#3192,#3193);
#3191 = CARTESIAN_POINT('',(0.,10.,-8.));
#3192 = DIRECTION('',(0.,0.,1.));
#3193 = DIRECTION('',(1.,0.,0.));
#3194 = ORIENTED_EDGE('',*,*,#3180,.F.);
#3195 = ORIENTED_EDGE('',*,*,#2156,.F.);
#3196 = CYLINDRICAL_SURFACE('',#3197,2.);
#3197 = AXIS2_PLACEMENT_3D('',#3198,#3199,#3200);
#3198 = CARTESIAN_POINT('',(0.,10.,0.));
#3199 = DIRECTION('',(-0.,-0.,1.));
#3200 = DIRECTION('',(1.,-0.,-0.));
#3201 = ADVANCED_FACE('',(#3202),#3213,.F.);
#3202 = FACE_BOUND('',#3203,.F.);
#3203 = EDGE_LOOP('',(#3204,#3205,#3206,#3212));
#3204 = ORIENTED_EDGE('',*,*,#2527,.T.);
#3205 = ORIENTED_EDGE('',*,*,#2223,.T.);
#3206 = ORIENTED_EDGE('',*,*,#3207,.F.);
#3207 = EDGE_CURVE('',#2829,#2201,#3208,.T.);
#3208 = ( BOUNDED_CURVE() B_SPLINE_CURVE(2,(#3209,#3210,#3211),
.UNSPECIFIED.,.F.,.F.) B_SPLINE_CURVE_WITH_KNOTS((3,3),(0.,
2.135129295051),.PIECEWISE_BEZIER_KNOTS.) CURVE() 
GEOMETRIC_REPRESENTATION_ITEM() RATIONAL_B_SPLINE_CURVE((1.,
0.750674179199,1.)) REPRESENTATION_ITEM('') );
#3209 = CARTESIAN_POINT('',(-17.09393987104,4.103029458928,
    -6.215516890268));
#3210 = CARTESIAN_POINT('',(-17.92958542936,2.624579624972,
    -11.2156146522));
#3211 = CARTESIAN_POINT('',(-13.07417621221,0.793533661355,
    -12.19406600652));
#3212 = ORIENTED_EDGE('',*,*,#2836,.F.);
#3213 = ( BOUNDED_SURFACE() B_SPLINE_SURFACE(2,10,(
    (#3214,#3215,#3216,#3217,#3218,#3219,#3220,#3221,#3222,#3223,#3224
      ,#3225,#3226,#3227,#3228,#3229,#3230,#3231,#3232,#3233)
    ,(#3234,#3235,#3236,#3237,#3238,#3239,#3240,#3241,#3242,#3243,#3244
      ,#3245,#3246,#3247,#3248,#3249,#3250,#3251,#3252,#3253)
    ,(#3254,#3255,#3256,#3257,#3258,#3259,#3260,#3261,#3262,#3263,#3264
      ,#3265,#3266,#3267,#3268,#3269,#3270,#3271,#3272,#3273
)),.UNSPECIFIED.,.F.,.F.,.F.) B_SPLINE_SURFACE_WITH_KNOTS((3,3),(11,9,11
    ),(0.,2.135129295051),(25.213468879201,25.792556651198,
27.348598174252),.UNSPECIFIED.) GEOMETRIC_REPRESENTATION_ITEM() 
RATIONAL_B_SPLINE_SURFACE((
    (1.,1.,1.,1.,1.,1.,1.,1.,1.,1.,1.,1.,1.,1.,1.,1.,1.,1.,1.,1.)
    ,(0.808612457388,0.80709626717,0.805539749765,0.803941816814
      ,0.802301379961,0.800617350848,0.798888641119,0.797114162416
      ,0.795292826382,0.793423544659,0.786350606169,0.783683817947
      ,0.779984385418,0.777194831386,0.772508974529,0.768790446845
      ,0.76418303026,0.759766794126,0.755213658614,0.750674179199)
    ,(1.,1.,1.,1.,1.,1.,1.,1.,1.,1.,1.,1.,1.,1.,1.,1.,1.,1.,1.,1.
))) REPRESENTATION_ITEM('') SURFACE() );
#3214 = CARTESIAN_POINT('',(-18.,0.658628662252,-6.310294108695));
#3215 = CARTESIAN_POINT('',(-18.,0.737003328771,-6.303009849629));
#3216 = CARTESIAN_POINT('',(-17.9990295921,0.8154553785,-6.296062391143)
  );
#3217 = CARTESIAN_POINT('',(-17.9970821175,0.89398924032,-6.289430612031
    ));
#3218 = CARTESIAN_POINT('',(-17.99415091741,0.972609343115,
    -6.283093391091));
#3219 = CARTESIAN_POINT('',(-17.99022933302,1.051320115768,
    -6.277029607117));
#3220 = CARTESIAN_POINT('',(-17.98531070553,1.130125987162,
    -6.271218138905));
#3221 = CARTESIAN_POINT('',(-17.97938837614,1.209031386178,
    -6.26563786525));
#3222 = CARTESIAN_POINT('',(-17.97245568605,1.288040741701,
    -6.260267664949));
#3223 = CARTESIAN_POINT('',(-17.96450597646,1.367158482612,
    -6.255086416797));
#3224 = CARTESIAN_POINT('',(-17.93142058891,1.659286010795,
    -6.236601664629));
#3225 = CARTESIAN_POINT('',(-17.88981277971,1.962347646156,
    -6.238481531386));
#3226 = CARTESIAN_POINT('',(-17.83008894704,2.26342556719,
    -6.232297656516));
#3227 = CARTESIAN_POINT('',(-17.75595562262,2.548004965764,
    -6.237212772295));
#3228 = CARTESIAN_POINT('',(-17.67368888254,2.827635771318,
    -6.228672317081));
#3229 = CARTESIAN_POINT('',(-17.57729598873,3.097829190301,
    -6.22962074942));
#3230 = CARTESIAN_POINT('',(-17.47141548485,3.36201794291,
    -6.224554846698));
#3231 = CARTESIAN_POINT('',(-17.35458386078,3.617704325815,
    -6.221866899696));
#3232 = CARTESIAN_POINT('',(-17.22850605934,3.864950818075,
    -6.218559016921));
#3233 = CARTESIAN_POINT('',(-17.09393987104,4.103029458928,
    -6.215516890268));
#3234 = CARTESIAN_POINT('',(-18.,-0.223081488491,-10.58589244054));
#3235 = CARTESIAN_POINT('',(-18.00989050793,-0.146540011036,
    -10.60237705631));
#3236 = CARTESIAN_POINT('',(-18.018858905,-7.008348406301E-02,
    -10.61978986967));
#3237 = CARTESIAN_POINT('',(-18.02691382385,6.283632106127E-03,
    -10.63812521667));
#3238 = CARTESIAN_POINT('',(-18.03406372825,8.255722899606E-02,
    -10.65737777155));
#3239 = CARTESIAN_POINT('',(-18.04031690354,0.158733550093,
    -10.67754255981));
#3240 = CARTESIAN_POINT('',(-18.04568144699,0.234809191138,
    -10.69861497159));
#3241 = CARTESIAN_POINT('',(-18.05016525807,0.310781100613,
    -10.7205907754));
#3242 = CARTESIAN_POINT('',(-18.05377602869,0.386646580445,
    -10.74346613222));
#3243 = CARTESIAN_POINT('',(-18.05652123339,0.462403286942,
    -10.76723761003));
#3244 = CARTESIAN_POINT('',(-18.06352389253,0.743142449531,
    -10.85877346147));
#3245 = CARTESIAN_POINT('',(-18.07446290461,0.94377643771,
    -10.88125488568));
#3246 = CARTESIAN_POINT('',(-18.08059400967,1.145110560074,
    -10.91217295638));
#3247 = CARTESIAN_POINT('',(-18.08200823384,1.356542813995,
    -10.93547911593));
#3248 = CARTESIAN_POINT('',(-18.07321048701,1.56284248132,
    -10.98237655771));
#3249 = CARTESIAN_POINT('',(-18.06061368367,1.774671156626,
    -11.0184061957));
#3250 = CARTESIAN_POINT('',(-18.03908322213,1.985587297953,
    -11.06642836651));
#3251 = CARTESIAN_POINT('',(-18.01084013331,2.19819461762,
    -11.11334106686));
#3252 = CARTESIAN_POINT('',(-17.97441627478,2.411235760153,
    -11.16359164787));
#3253 = CARTESIAN_POINT('',(-17.92958542936,2.624579624972,
    -11.2156146522));
#3254 = CARTESIAN_POINT('',(-13.84652098149,-0.540921117015,
    -11.89193374871));
#3255 = CARTESIAN_POINT('',(-13.83003381744,-0.465224711788,
    -11.90343495267));
#3256 = CARTESIAN_POINT('',(-13.81184747563,-0.389621918065,
    -11.915348631));
#3257 = CARTESIAN_POINT('',(-13.79195204585,-0.314116244463,
    -11.92765322845));
#3258 = CARTESIAN_POINT('',(-13.77033761788,-0.238711199597,
    -11.9403271898));
#3259 = CARTESIAN_POINT('',(-13.7469942815,-0.163410292085,
    -11.95334895982));
#3260 = CARTESIAN_POINT('',(-13.7219121265,-8.821703054397E-02,
    -11.96669698329));
#3261 = CARTESIAN_POINT('',(-13.69508124267,-1.313492358877E-02,
    -11.98034970497));
#3262 = CARTESIAN_POINT('',(-13.66649171978,6.183252016263E-02,
    -11.99428556964));
#3263 = CARTESIAN_POINT('',(-13.63613364763,0.136681792094,
    -12.00848302207));
#3264 = CARTESIAN_POINT('',(-13.51764444193,0.412206639044,
    -12.06171484389));
#3265 = CARTESIAN_POINT('',(-13.49373846109,0.436097023081,
    -12.06836855079));
#3266 = CARTESIAN_POINT('',(-13.45011098984,0.455692512362,
    -12.08276120763));
#3267 = CARTESIAN_POINT('',(-13.43809520674,0.502336637197,
    -12.08742874687));
#3268 = CARTESIAN_POINT('',(-13.36989404666,0.546683309725,
    -12.10980691398));
#3269 = CARTESIAN_POINT('',(-13.33256473698,0.598182706282,
    -12.12129502231));
#3270 = CARTESIAN_POINT('',(-13.2681822039,0.647021024995,-12.1408727639
    ));
#3271 = CARTESIAN_POINT('',(-13.20870548022,0.696767783016,
    -12.15788174107));
#3272 = CARTESIAN_POINT('',(-13.14289394981,0.745578350775,
    -12.17600145297));
#3273 = CARTESIAN_POINT('',(-13.07417621221,0.793533661355,
    -12.19406600652));
#3274 = ADVANCED_FACE('',(#3275),#3286,.F.);
#3275 = FACE_BOUND('',#3276,.F.);
#3276 = EDGE_LOOP('',(#3277,#3278,#3279,#3285));
#3277 = ORIENTED_EDGE('',*,*,#3207,.T.);
#3278 = ORIENTED_EDGE('',*,*,#2200,.T.);
#3279 = ORIENTED_EDGE('',*,*,#3280,.F.);
#3280 = EDGE_CURVE('',#2886,#2193,#3281,.T.);
#3281 = ( BOUNDED_CURVE() B_SPLINE_CURVE(2,(#3282,#3283,#3284),
.UNSPECIFIED.,.F.,.F.) B_SPLINE_CURVE_WITH_KNOTS((3,3),(0.,
2.616715918313),.PIECEWISE_BEZIER_KNOTS.) CURVE() 
GEOMETRIC_REPRESENTATION_ITEM() RATIONAL_B_SPLINE_CURVE((1.,
0.70716831765,1.)) REPRESENTATION_ITEM('') );
#3282 = CARTESIAN_POINT('',(-15.39888990616,7.10196401217,
    -6.657944169776));
#3283 = CARTESIAN_POINT('',(-16.06957921959,5.915359842251,-12.5));
#3284 = CARTESIAN_POINT('',(-10.8493741134,2.959530249075,-12.5));
#3285 = ORIENTED_EDGE('',*,*,#2885,.F.);
#3286 = ( BOUNDED_SURFACE() B_SPLINE_SURFACE(2,9,(
    (#3287,#3288,#3289,#3290,#3291,#3292,#3293,#3294,#3295,#3296,#3297
      ,#3298,#3299,#3300,#3301,#3302,#3303,#3304)
    ,(#3305,#3306,#3307,#3308,#3309,#3310,#3311,#3312,#3313,#3314,#3315
      ,#3316,#3317,#3318,#3319,#3320,#3321,#3322)
    ,(#3323,#3324,#3325,#3326,#3327,#3328,#3329,#3330,#3331,#3332,#3333
      ,#3334,#3335,#3336,#3337,#3338,#3339,#3340
)),.UNSPECIFIED.,.F.,.F.,.F.) B_SPLINE_SURFACE_WITH_KNOTS((3,3),(10,8,10
    ),(0.,2.616715918313),(27.348598174252,28.448588496101,
29.965314092565),.UNSPECIFIED.) GEOMETRIC_REPRESENTATION_ITEM() 
RATIONAL_B_SPLINE_SURFACE((
    (1.,1.,1.,1.,1.,1.,1.,1.,1.,1.,1.,1.,1.,1.,1.,1.,1.,1.)
    ,(0.750674179199,0.75043853426,0.75050949766,0.750772001037
      ,0.751408223886,0.751712883715,0.75324584417,0.752289120773
      ,0.756792701056,0.749688997136,0.74506722993,0.740104730474
      ,0.734913282975,0.729563694633,0.724096553431,0.718532985914
      ,0.712885414977,0.70716831765)
    ,(1.,1.,1.,1.,1.,1.,1.,1.,1.,1.,1.,1.,1.,1.,1.,1.,1.,1.
))) REPRESENTATION_ITEM('') SURFACE() );
#3287 = CARTESIAN_POINT('',(-17.09393987104,4.103029458928,
    -6.215516890267));
#3288 = CARTESIAN_POINT('',(-16.9978144779,4.273097462176,-6.27039703017
    ));
#3289 = CARTESIAN_POINT('',(-16.90387232233,4.43930281434,
    -6.325075043328));
#3290 = CARTESIAN_POINT('',(-16.81217121984,4.601543226427,
    -6.379157595622));
#3291 = CARTESIAN_POINT('',(-16.72110450739,4.762661256147,
    -6.433366033683));
#3292 = CARTESIAN_POINT('',(-16.63403615437,4.916705265333,
    -6.483716593476));
#3293 = CARTESIAN_POINT('',(-16.54308250345,5.077623263117,
    -6.541962397992));
#3294 = CARTESIAN_POINT('',(-16.46295487067,5.219387536507,
    -6.576207026048));
#3295 = CARTESIAN_POINT('',(-16.36472226205,5.393183690208,
    -6.657337980047));
#3296 = CARTESIAN_POINT('',(-16.19249623033,5.697891284801,
    -6.689503427224));
#3297 = CARTESIAN_POINT('',(-16.09334651467,5.873310012496,
    -6.701075706742));
#3298 = CARTESIAN_POINT('',(-15.99448239687,6.048223451692,
    -6.707028900272));
#3299 = CARTESIAN_POINT('',(-15.89564529661,6.223089090612,
    -6.708331842904));
#3300 = CARTESIAN_POINT('',(-15.79668413156,6.398174228776,
    -6.705571204056));
#3301 = CARTESIAN_POINT('',(-15.69752942986,6.573601777937,
    -6.69905316151));
#3302 = CARTESIAN_POINT('',(-15.59816744263,6.749396063023,
    -6.688905075451));
#3303 = CARTESIAN_POINT('',(-15.49861425652,6.925528623072,
    -6.675177162504));
#3304 = CARTESIAN_POINT('',(-15.39888990616,7.10196401217,
    -6.657944169776));
#3305 = CARTESIAN_POINT('',(-17.92958542936,2.624579624972,
    -11.2156146522));
#3306 = CARTESIAN_POINT('',(-17.84478845726,2.774605037148,
    -11.26668366964));
#3307 = CARTESIAN_POINT('',(-17.75972567583,2.925100727371,
    -11.31394733681));
#3308 = CARTESIAN_POINT('',(-17.67447162504,3.075934817226,
    -11.35873396172));
#3309 = CARTESIAN_POINT('',(-17.58803858954,3.228854803121,
    -11.39933838757));
#3310 = CARTESIAN_POINT('',(-17.50279281453,3.379674251204,
    -11.44219874469));
#3311 = CARTESIAN_POINT('',(-17.4133243285,3.537964649564,
    -11.47415396557));
#3312 = CARTESIAN_POINT('',(-17.32950802104,3.686255039683,
    -11.52684827805));
#3313 = CARTESIAN_POINT('',(-17.23438880065,3.854542891152,
    -11.52910308442));
#3314 = CARTESIAN_POINT('',(-17.03369351393,4.209619167649,
    -11.70286016546));
#3315 = CARTESIAN_POINT('',(-16.91621226974,4.417470599677,
    -11.80600264859));
#3316 = CARTESIAN_POINT('',(-16.7979173619,4.626761590478,
    -11.90953847125));
#3317 = CARTESIAN_POINT('',(-16.67874903827,4.837597855361,
    -12.01235003491));
#3318 = CARTESIAN_POINT('',(-16.55868387252,5.050020840919,
    -12.11374378432));
#3319 = CARTESIAN_POINT('',(-16.43771777604,5.264037780848,
    -12.21334750699));
#3320 = CARTESIAN_POINT('',(-16.31585855182,5.479634869852,
    -12.31099526675));
#3321 = CARTESIAN_POINT('',(-16.19312868756,5.696772322008,
    -12.4065981704));
#3322 = CARTESIAN_POINT('',(-16.06957921959,5.915359842251,-12.5));
#3323 = CARTESIAN_POINT('',(-13.07417621221,0.793533661355,
    -12.19406600652));
#3324 = CARTESIAN_POINT('',(-13.0202010414,0.831200734958,
    -12.20825502667));
#3325 = CARTESIAN_POINT('',(-12.97412527852,0.871817393299,
    -12.22060881161));
#3326 = CARTESIAN_POINT('',(-12.93356678534,0.917034980138,
    -12.23077241418));
#3327 = CARTESIAN_POINT('',(-12.90249470399,0.961838688024,
    -12.24186094036));
#3328 = CARTESIAN_POINT('',(-12.86387484807,1.018706159145,
    -12.24854372339));
#3329 = CARTESIAN_POINT('',(-12.86052436989,1.062908212808,
    -12.25641727617));
#3330 = CARTESIAN_POINT('',(-12.78420420057,1.145269870681,
    -12.27105076328));
#3331 = CARTESIAN_POINT('',(-12.87114477089,1.154619655509,
    -12.25741011723));
#3332 = CARTESIAN_POINT('',(-12.55613044427,1.450100116218,
    -12.32955072619));
#3333 = CARTESIAN_POINT('',(-12.35927238597,1.629401609211,
    -12.36958376192));
#3334 = CARTESIAN_POINT('',(-12.15319601615,1.813888942161,
    -12.40575043014));
#3335 = CARTESIAN_POINT('',(-11.94138363255,2.00162116192,
    -12.43674892281));
#3336 = CARTESIAN_POINT('',(-11.72607565582,2.191365390009,
    -12.46187409756));
#3337 = CARTESIAN_POINT('',(-11.50859462204,2.382399372971,
    -12.48083136933));
#3338 = CARTESIAN_POINT('',(-11.28966917522,2.574314032712,
    -12.49355060199));
#3339 = CARTESIAN_POINT('',(-11.06975805985,2.766816016852,-12.5));
#3340 = CARTESIAN_POINT('',(-10.8493741134,2.959530249075,-12.5));
#3341 = ADVANCED_FACE('',(#3342),#3359,.F.);
#3342 = FACE_BOUND('',#3343,.F.);
#3343 = EDGE_LOOP('',(#3344,#3351,#3352,#3358));
#3344 = ORIENTED_EDGE('',*,*,#3345,.T.);
#3345 = EDGE_CURVE('',#3052,#2283,#3346,.T.);
#3346 = CIRCLE('',#3347,6.);
#3347 = AXIS2_PLACEMENT_3D('',#3348,#3349,#3350);
#3348 = CARTESIAN_POINT('',(8.286309473906,7.492057256668,-6.5));
#3349 = DIRECTION('',(-0.492057256668,0.87056283872,0.));
#3350 = DIRECTION('',(0.87056283872,0.492057256668,0.));
#3351 = ORIENTED_EDGE('',*,*,#2282,.T.);
#3352 = ORIENTED_EDGE('',*,*,#3353,.F.);
#3353 = EDGE_CURVE('',#3096,#2275,#3354,.T.);
#3354 = ( BOUNDED_CURVE() B_SPLINE_CURVE(2,(#3355,#3356,#3357),
.UNSPECIFIED.,.F.,.F.) B_SPLINE_CURVE_WITH_KNOTS((3,3),(0.,
3.231241796264),.PIECEWISE_BEZIER_KNOTS.) CURVE() 
GEOMETRIC_REPRESENTATION_ITEM() RATIONAL_B_SPLINE_CURVE((1.,
0.707192866502,1.)) REPRESENTATION_ITEM('') );
#3355 = CARTESIAN_POINT('',(15.397797413043,7.103896884615,
    -6.658360678721));
#3356 = CARTESIAN_POINT('',(16.068463014477,5.917334666695,-12.5));
#3357 = CARTESIAN_POINT('',(10.849523850729,2.960115329047,-12.5));
#3358 = ORIENTED_EDGE('',*,*,#3095,.F.);
#3359 = ( BOUNDED_SURFACE() B_SPLINE_SURFACE(2,7,(
    (#3360,#3361,#3362,#3363,#3364,#3365,#3366,#3367)
    ,(#3368,#3369,#3370,#3371,#3372,#3373,#3374,#3375)
    ,(#3376,#3377,#3378,#3379,#3380,#3381,#3382,#3383
)),.UNSPECIFIED.,.F.,.F.,.F.) B_SPLINE_SURFACE_WITH_KNOTS((3,3),(8,8),(
    0.,3.231241796264),(62.819196017146,66.05043781341),
.PIECEWISE_BEZIER_KNOTS.) GEOMETRIC_REPRESENTATION_ITEM() 
RATIONAL_B_SPLINE_SURFACE((
    (1.,1.,1.,1.,1.,1.,1.,1.)
    ,(0.707106781187,0.707106781187,0.707108352812,0.707100349026
      ,0.707120433037,0.707085832946,0.707132974432,0.707192866502)
,(1.,1.,1.,1.,1.,1.,1.,1.))) REPRESENTATION_ITEM('') SURFACE() );
#3360 = CARTESIAN_POINT('',(13.509686506227,10.444400796675,-6.5));
#3361 = CARTESIAN_POINT('',(13.779829761808,9.966455036801,-6.5));
#3362 = CARTESIAN_POINT('',(14.048745883633,9.490680359727,
    -6.507238157247));
#3363 = CARTESIAN_POINT('',(14.317048018366,9.015991967506,
    -6.521504234458));
#3364 = CARTESIAN_POINT('',(14.585389544765,8.541233882339,
    -6.543777875549));
#3365 = CARTESIAN_POINT('',(14.854541007626,8.065042832661,
    -6.572452320518));
#3366 = CARTESIAN_POINT('',(15.124617813255,7.587214638088,
    -6.611025583034));
#3367 = CARTESIAN_POINT('',(15.397797413043,7.103896884615,
    -6.658360678721));
#3368 = CARTESIAN_POINT('',(13.509686506227,10.444400796675,-12.5));
#3369 = CARTESIAN_POINT('',(13.874539044691,9.798892459394,-12.5));
#3370 = CARTESIAN_POINT('',(14.238304375925,9.155307642594,-12.5));
#3371 = CARTESIAN_POINT('',(14.60164840955,8.512468198488,-12.5));
#3372 = CARTESIAN_POINT('',(14.96554953045,7.868643138434,-12.5));
#3373 = CARTESIAN_POINT('',(15.330393552074,7.223149869408,-12.5));
#3374 = CARTESIAN_POINT('',(15.697626920008,6.57342929537,-12.5));
#3375 = CARTESIAN_POINT('',(16.068463014477,5.917334666695,-12.5));
#3376 = CARTESIAN_POINT('',(8.286309473906,7.492057256668,-12.5));
#3377 = CARTESIAN_POINT('',(8.651162012367,6.846548919392,-12.5));
#3378 = CARTESIAN_POINT('',(9.014966004429,6.202950533637,-12.5));
#3379 = CARTESIAN_POINT('',(9.37810274719,5.560198932919,-12.5));
#3380 = CARTESIAN_POINT('',(9.742572042457,4.916067124523,-12.5));
#3381 = CARTESIAN_POINT('',(10.106241233408,4.271452735187,-12.5));
#3382 = CARTESIAN_POINT('',(10.47609182621,3.618729691236,-12.5));
#3383 = CARTESIAN_POINT('',(10.849523850729,2.960115329047,-12.5));
#3384 = ADVANCED_FACE('',(#3385),#3397,.T.);
#3385 = FACE_BOUND('',#3386,.T.);
#3386 = EDGE_LOOP('',(#3387,#3394,#3395,#3396));
#3387 = ORIENTED_EDGE('',*,*,#3388,.F.);
#3388 = EDGE_CURVE('',#3005,#2296,#3389,.T.);
#3389 = CIRCLE('',#3390,6.);
#3390 = AXIS2_PLACEMENT_3D('',#3391,#3392,#3393);
#3391 = CARTESIAN_POINT('',(7.415746635186,8.,-6.5));
#3392 = DIRECTION('',(-1.,0.,0.));
#3393 = DIRECTION('',(0.,1.,0.));
#3394 = ORIENTED_EDGE('',*,*,#3059,.T.);
#3395 = ORIENTED_EDGE('',*,*,#3345,.T.);
#3396 = ORIENTED_EDGE('',*,*,#2295,.F.);
#3397 = SURFACE_OF_REVOLUTION('',#3398,#3411);
#3398 = B_SPLINE_CURVE_WITH_KNOTS('',6,(#3399,#3400,#3401,#3402,#3403,
    #3404,#3405,#3406,#3407,#3408,#3409,#3410),.UNSPECIFIED.,.F.,.F.,(7,
    5,7),(0.,0.785398163397,1.570796326795),.UNSPECIFIED.);
#3399 = CARTESIAN_POINT('',(7.415746635186,14.,-6.5));
#3400 = CARTESIAN_POINT('',(7.415746635186,14.,-7.285398163397));
#3401 = CARTESIAN_POINT('',(7.415746635186,13.876630428911,
    -8.070795014965));
#3402 = CARTESIAN_POINT('',(7.415746635186,13.62988807274,
    -8.831975994372));
#3403 = CARTESIAN_POINT('',(7.415746635186,13.266125033746,
    -9.544685419875));
#3404 = CARTESIAN_POINT('',(7.415746635186,12.798001054389,
    -10.18728031985));
#3405 = CARTESIAN_POINT('',(7.415746635186,11.687280319849,
    -11.29800105438));
#3406 = CARTESIAN_POINT('',(7.415746635186,11.044685419875,
    -11.76612503374));
#3407 = CARTESIAN_POINT('',(7.415746635186,10.331975994372,
    -12.12988807274));
#3408 = CARTESIAN_POINT('',(7.415746635186,9.570795014965,
    -12.37663042891));
#3409 = CARTESIAN_POINT('',(7.415746635186,8.785398163397,-12.5));
#3410 = CARTESIAN_POINT('',(7.415746635186,8.,-12.5));
#3411 = AXIS1_PLACEMENT('',#3412,#3413);
#3412 = CARTESIAN_POINT('',(7.415746635186,7.,-6.5));
#3413 = DIRECTION('',(-0.,-0.,-1.));
#3414 = ADVANCED_FACE('',(#3415),#3427,.T.);
#3415 = FACE_BOUND('',#3416,.F.);
#3416 = EDGE_LOOP('',(#3417,#3424,#3425,#3426));
#3417 = ORIENTED_EDGE('',*,*,#3418,.T.);
#3418 = EDGE_CURVE('',#2956,#2305,#3419,.T.);
#3419 = CIRCLE('',#3420,6.);
#3420 = AXIS2_PLACEMENT_3D('',#3421,#3422,#3423);
#3421 = CARTESIAN_POINT('',(-7.415746635186,8.,-6.5));
#3422 = DIRECTION('',(-1.,-2.2E-16,0.));
#3423 = DIRECTION('',(-2.2E-16,1.,0.));
#3424 = ORIENTED_EDGE('',*,*,#2304,.T.);
#3425 = ORIENTED_EDGE('',*,*,#3388,.F.);
#3426 = ORIENTED_EDGE('',*,*,#3004,.F.);
#3427 = CYLINDRICAL_SURFACE('',#3428,6.);
#3428 = AXIS2_PLACEMENT_3D('',#3429,#3430,#3431);
#3429 = CARTESIAN_POINT('',(-7.415746635186,8.,-6.5));
#3430 = DIRECTION('',(1.,0.,0.));
#3431 = DIRECTION('',(0.,1.,0.));
#3432 = ADVANCED_FACE('',(#3433),#3444,.F.);
#3433 = FACE_BOUND('',#3434,.F.);
#3434 = EDGE_LOOP('',(#3435,#3436,#3437,#3443));
#3435 = ORIENTED_EDGE('',*,*,#3280,.T.);
#3436 = ORIENTED_EDGE('',*,*,#2321,.T.);
#3437 = ORIENTED_EDGE('',*,*,#3438,.F.);
#3438 = EDGE_CURVE('',#2909,#2313,#3439,.T.);
#3439 = ( BOUNDED_CURVE() B_SPLINE_CURVE(2,(#3440,#3441,#3442),
.UNSPECIFIED.,.F.,.F.) B_SPLINE_CURVE_WITH_KNOTS((3,3),(0.,
3.232933191116),.PIECEWISE_BEZIER_KNOTS.) CURVE() 
GEOMETRIC_REPRESENTATION_ITEM() RATIONAL_B_SPLINE_CURVE((1.,
0.707106781187,1.)) REPRESENTATION_ITEM('') );
#3440 = CARTESIAN_POINT('',(-13.50968650622,10.444400796675,-6.5));
#3441 = CARTESIAN_POINT('',(-13.50968650622,10.444400796675,-12.5));
#3442 = CARTESIAN_POINT('',(-8.286309473906,7.492057256668,-12.5));
#3443 = ORIENTED_EDGE('',*,*,#2908,.F.);
#3444 = ( BOUNDED_SURFACE() B_SPLINE_SURFACE(2,7,(
    (#3445,#3446,#3447,#3448,#3449,#3450,#3451,#3452)
    ,(#3453,#3454,#3455,#3456,#3457,#3458,#3459,#3460)
    ,(#3461,#3462,#3463,#3464,#3465,#3466,#3467,#3468
)),.UNSPECIFIED.,.F.,.F.,.F.) B_SPLINE_SURFACE_WITH_KNOTS((3,3),(8,8),(
    0.,3.232933191116),(29.965314092565,33.198247283681),
.PIECEWISE_BEZIER_KNOTS.) GEOMETRIC_REPRESENTATION_ITEM() 
RATIONAL_B_SPLINE_SURFACE((
    (1.,1.,1.,1.,1.,1.,1.,1.)
    ,(0.70716831765,0.707115311048,0.707091301131,0.707119550923
      ,0.707100140112,0.707108482941,0.707106781187,0.707106781187)
,(1.,1.,1.,1.,1.,1.,1.,1.))) REPRESENTATION_ITEM('') SURFACE() );
#3445 = CARTESIAN_POINT('',(-15.39888990616,7.10196401217,
    -6.657944169776));
#3446 = CARTESIAN_POINT('',(-15.12559256965,7.58549006908,
    -6.610716677236));
#3447 = CARTESIAN_POINT('',(-14.85520260585,8.063872312715,
    -6.572638904448));
#3448 = CARTESIAN_POINT('',(-14.58580829783,8.540493011532,
    -6.543804477302));
#3449 = CARTESIAN_POINT('',(-14.31744259562,9.015293869274,
    -6.521515359588));
#3450 = CARTESIAN_POINT('',(-14.04897941342,9.490267191632,
    -6.507248726688));
#3451 = CARTESIAN_POINT('',(-13.77995116541,9.966240245807,-6.5));
#3452 = CARTESIAN_POINT('',(-13.50968650622,10.444400796675,-6.5));
#3453 = CARTESIAN_POINT('',(-16.06957921959,5.915359842251,-12.5));
#3454 = CARTESIAN_POINT('',(-15.69859945196,6.57170866191,-12.5));
#3455 = CARTESIAN_POINT('',(-15.331256108,7.221623808917,-12.5));
#3456 = CARTESIAN_POINT('',(-14.96618077735,7.867526316982,-12.5));
#3457 = CARTESIAN_POINT('',(-14.602151105,8.511578814221,-12.5));
#3458 = CARTESIAN_POINT('',(-14.23863037848,9.154730868831,-12.5));
#3459 = CARTESIAN_POINT('',(-13.87470368828,9.798601166874,-12.5));
#3460 = CARTESIAN_POINT('',(-13.50968650622,10.444400796675,-12.5));
#3461 = CARTESIAN_POINT('',(-10.8493741134,2.959530249075,-12.5));
#3462 = CARTESIAN_POINT('',(-10.47601890931,3.618248658456,-12.5));
#3463 = CARTESIAN_POINT('',(-10.10714383739,4.270047079475,-12.5));
#3464 = CARTESIAN_POINT('',(-9.743302608161,4.914741462665,-12.5));
#3465 = CARTESIAN_POINT('',(-9.378537361832,5.559424325709,-12.5));
#3466 = CARTESIAN_POINT('',(-9.015310854811,6.202344493262,-12.5));
#3467 = CARTESIAN_POINT('',(-8.651326655973,6.846257626858,-12.5));
#3468 = CARTESIAN_POINT('',(-8.286309473906,7.492057256668,-12.5));
#3469 = ADVANCED_FACE('',(#3470),#3476,.T.);
#3470 = FACE_BOUND('',#3471,.T.);
#3471 = EDGE_LOOP('',(#3472,#3473,#3474,#3475));
#3472 = ORIENTED_EDGE('',*,*,#3438,.F.);
#3473 = ORIENTED_EDGE('',*,*,#2963,.T.);
#3474 = ORIENTED_EDGE('',*,*,#3418,.T.);
#3475 = ORIENTED_EDGE('',*,*,#2312,.F.);
#3476 = SURFACE_OF_REVOLUTION('',#3477,#3490);
#3477 = B_SPLINE_CURVE_WITH_KNOTS('',6,(#3478,#3479,#3480,#3481,#3482,
    #3483,#3484,#3485,#3486,#3487,#3488,#3489),.UNSPECIFIED.,.F.,.F.,(7,
    5,7),(0.,0.785398163397,1.570796326795),.UNSPECIFIED.);
#3478 = CARTESIAN_POINT('',(-12.97282069913,11.256633393636,-6.5));
#3479 = CARTESIAN_POINT('',(-12.97282069913,11.256633393636,
    -7.285398163397));
#3480 = CARTESIAN_POINT('',(-12.87488157859,11.181613531343,
    -8.070795014965));
#3481 = CARTESIAN_POINT('',(-12.67900078602,11.031571852357,
    -8.831975994372));
#3482 = CARTESIAN_POINT('',(-12.39022105039,10.81037100962,
    -9.544685419875));
#3483 = CARTESIAN_POINT('',(-12.01859253262,10.525709272064,
    -10.18728031985));
#3484 = CARTESIAN_POINT('',(-11.13682719174,9.850290562115,
    -11.29800105438));
#3485 = CARTESIAN_POINT('',(-10.62669184141,9.459534717856,
    -11.76612503374));
#3486 = CARTESIAN_POINT('',(-10.06089483233,9.026142897777,
    -12.12988807274));
#3487 = CARTESIAN_POINT('',(-9.456617821098,8.563275986985,
    -12.37663042891));
#3488 = CARTESIAN_POINT('',(-8.833116610562,8.085683634751,-12.5));
#3489 = CARTESIAN_POINT('',(-8.209614358607,7.608090484805,-12.5));
#3490 = AXIS1_PLACEMENT('',#3491,#3492);
#3491 = CARTESIAN_POINT('',(-7.415746635186,7.,-6.5));
#3492 = DIRECTION('',(-0.,-0.,-1.));
#3493 = ADVANCED_FACE('',(#3494),#3505,.F.);
#3494 = FACE_BOUND('',#3495,.F.);
#3495 = EDGE_LOOP('',(#3496,#3497,#3498,#3504));
#3496 = ORIENTED_EDGE('',*,*,#3353,.T.);
#3497 = ORIENTED_EDGE('',*,*,#2343,.T.);
#3498 = ORIENTED_EDGE('',*,*,#3499,.F.);
#3499 = EDGE_CURVE('',#3109,#2344,#3500,.T.);
#3500 = ( BOUNDED_CURVE() B_SPLINE_CURVE(2,(#3501,#3502,#3503),
.UNSPECIFIED.,.F.,.F.) B_SPLINE_CURVE_WITH_KNOTS((3,3),(0.,
2.617964870938),.PIECEWISE_BEZIER_KNOTS.) CURVE() 
GEOMETRIC_REPRESENTATION_ITEM() RATIONAL_B_SPLINE_CURVE((1.,
0.750674574691,1.)) REPRESENTATION_ITEM('') );
#3501 = CARTESIAN_POINT('',(17.093939871041,4.103029458928,
    -6.21552029329));
#3502 = CARTESIAN_POINT('',(17.929576130864,2.624596076164,
    -11.21561774215));
#3503 = CARTESIAN_POINT('',(13.074177392133,0.793539082101,
    -12.19406605278));
#3504 = ORIENTED_EDGE('',*,*,#3108,.F.);
#3505 = ( BOUNDED_SURFACE() B_SPLINE_SURFACE(2,9,(
    (#3506,#3507,#3508,#3509,#3510,#3511,#3512,#3513,#3514,#3515,#3516
      ,#3517,#3518,#3519,#3520,#3521,#3522,#3523)
    ,(#3524,#3525,#3526,#3527,#3528,#3529,#3530,#3531,#3532,#3533,#3534
      ,#3535,#3536,#3537,#3538,#3539,#3540,#3541)
    ,(#3542,#3543,#3544,#3545,#3546,#3547,#3548,#3549,#3550,#3551,#3552
      ,#3553,#3554,#3555,#3556,#3557,#3558,#3559
)),.UNSPECIFIED.,.F.,.F.,.F.) B_SPLINE_SURFACE_WITH_KNOTS((3,3),(10,8,10
    ),(0.,2.617964870938),(66.05043781341,67.568512107427,
68.668402684349),.UNSPECIFIED.) GEOMETRIC_REPRESENTATION_ITEM() 
RATIONAL_B_SPLINE_SURFACE((
    (1.,1.,1.,1.,1.,1.,1.,1.,1.,1.,1.,1.,1.,1.,1.,1.,1.,1.)
    ,(0.707192866502,0.712918007098,0.718565724221,0.724121589025
      ,0.729568692474,0.734881474941,0.740019555831,0.744921563183
      ,0.749498963281,0.756622871361,0.752989310779,0.752688505676
      ,0.752002026239,0.751296641594,0.750802503981,0.750505505481
      ,0.750439056077,0.750674574691)
    ,(1.,1.,1.,1.,1.,1.,1.,1.,1.,1.,1.,1.,1.,1.,1.,1.,1.,1.
))) REPRESENTATION_ITEM('') SURFACE() );
#3506 = CARTESIAN_POINT('',(15.397797413043,7.103896884615,
    -6.658360678721));
#3507 = CARTESIAN_POINT('',(15.497619665074,6.927288284869,
    -6.675657343096));
#3508 = CARTESIAN_POINT('',(15.597297005249,6.750936067637,
    -6.689379579092));
#3509 = CARTESIAN_POINT('',(15.696811828257,6.574871380777,
    -6.699457124802));
#3510 = CARTESIAN_POINT('',(15.7961602021,6.399101180901,-6.705798094965
    ));
#3511 = CARTESIAN_POINT('',(15.895365215364,6.223584618972,
    -6.708230334948));
#3512 = CARTESIAN_POINT('',(15.994490324483,6.048209425914,
    -6.706442774725));
#3513 = CARTESIAN_POINT('',(16.093652701012,5.872768298209,
    -6.699926782858));
#3514 = CARTESIAN_POINT('',(16.193036578889,5.696935283504,
    -6.687917520475));
#3515 = CARTESIAN_POINT('',(16.365265443065,5.392222677655,
    -6.655871913055));
#3516 = CARTESIAN_POINT('',(16.460632170678,5.223496928801,
    -6.582376204607));
#3517 = CARTESIAN_POINT('',(16.544958589676,5.07430403365,
    -6.536721053385));
#3518 = CARTESIAN_POINT('',(16.632994901651,4.918547481694,
    -6.486710970681));
#3519 = CARTESIAN_POINT('',(16.721585852603,4.761809645394,
    -6.432057885156));
#3520 = CARTESIAN_POINT('',(16.812065698367,4.601729918273,
    -6.379529229033));
#3521 = CARTESIAN_POINT('',(16.903919143541,4.439219976811,
    -6.325001194126));
#3522 = CARTESIAN_POINT('',(16.997828531198,4.27307259865,
    -6.270392355219));
#3523 = CARTESIAN_POINT('',(17.093939871041,4.103029458928,
    -6.21552029329));
#3524 = CARTESIAN_POINT('',(16.068463014477,5.917334666695,-12.5));
#3525 = CARTESIAN_POINT('',(16.192137139223,5.698526599837,
    -12.4065124578));
#3526 = CARTESIAN_POINT('',(16.314995681355,5.481161486834,
    -12.3109055697));
#3527 = CARTESIAN_POINT('',(16.436997892542,5.265311420886,
    -12.21332067913));
#3528 = CARTESIAN_POINT('',(16.558122760995,5.051013576702,
    -12.11389292329));
#3529 = CARTESIAN_POINT('',(16.678360891952,4.838284575777,
    -12.01283676116));
#3530 = CARTESIAN_POINT('',(16.797712694116,4.627123695025,
    -11.91052275705));
#3531 = CARTESIAN_POINT('',(16.916192402352,4.417505749686,
    -11.80754634449));
#3532 = CARTESIAN_POINT('',(17.033837543983,4.209364345261,
    -11.70478976909));
#3533 = CARTESIAN_POINT('',(17.234613669296,3.85414504663,
    -11.53076779887));
#3534 = CARTESIAN_POINT('',(17.328330671694,3.688338042387,
    -11.52015222143));
#3535 = CARTESIAN_POINT('',(17.414509107,3.535868503001,-11.47903961452)
  );
#3536 = CARTESIAN_POINT('',(17.501989327136,3.381095805835,
    -11.43999338442));
#3537 = CARTESIAN_POINT('',(17.588482647811,3.228069161567,
    -11.40000361999));
#3538 = CARTESIAN_POINT('',(17.674350582967,3.076148968596,
    -11.35858494187));
#3539 = CARTESIAN_POINT('',(17.759766635951,2.925028259472,
    -11.31394707245));
#3540 = CARTESIAN_POINT('',(17.844792454379,2.774597965329,
    -11.26667713626));
#3541 = CARTESIAN_POINT('',(17.929576130864,2.624596076164,
    -11.21561774215));
#3542 = CARTESIAN_POINT('',(10.849523850729,2.960115329047,-12.5));
#3543 = CARTESIAN_POINT('',(11.07019795934,2.767172841701,-12.5));
#3544 = CARTESIAN_POINT('',(11.290181472872,2.574558914676,
    -12.49355721599));
#3545 = CARTESIAN_POINT('',(11.508967604324,2.382637769751,
    -12.48080770107));
#3546 = CARTESIAN_POINT('',(11.725957611783,2.191775469957,
    -12.4618337304));
#3547 = CARTESIAN_POINT('',(11.940278142462,2.002461043899,
    -12.43679161362));
#3548 = CARTESIAN_POINT('',(12.150598576737,1.815427610053,
    -12.40603950722));
#3549 = CARTESIAN_POINT('',(12.354948372182,1.631773501088,
    -12.37026522689));
#3550 = CARTESIAN_POINT('',(12.550534407605,1.453083388167,
    -12.33061405991));
#3551 = CARTESIAN_POINT('',(12.866164672631,1.15726786505,
    -12.25853304191));
#3552 = CARTESIAN_POINT('',(12.804856101739,1.134814105949,
    -12.26664476687));
#3553 = CARTESIAN_POINT('',(12.843535055298,1.070145409935,
    -12.25974249351));
#3554 = CARTESIAN_POINT('',(12.873118860224,1.015751209358,
    -12.24698886027));
#3555 = CARTESIAN_POINT('',(12.898747974173,0.962568346821,
    -12.24235175386));
#3556 = CARTESIAN_POINT('',(12.934661508031,0.916927992876,
    -12.23067071395));
#3557 = CARTESIAN_POINT('',(12.973977442397,0.871804000418,
    -12.22061217311));
#3558 = CARTESIAN_POINT('',(13.02021398391,0.83119693663,-12.20825192198
    ));
#3559 = CARTESIAN_POINT('',(13.074177392133,0.793539082101,
    -12.19406605278));
#3560 = ADVANCED_FACE('',(#3561),#3567,.F.);
#3561 = FACE_BOUND('',#3562,.F.);
#3562 = EDGE_LOOP('',(#3563,#3564,#3565,#3566));
#3563 = ORIENTED_EDGE('',*,*,#3499,.T.);
#3564 = ORIENTED_EDGE('',*,*,#2366,.T.);
#3565 = ORIENTED_EDGE('',*,*,#2456,.F.);
#3566 = ORIENTED_EDGE('',*,*,#3149,.F.);
#3567 = ( BOUNDED_SURFACE() B_SPLINE_SURFACE(2,7,(
    (#3568,#3569,#3570,#3571,#3572,#3573,#3574,#3575,#3576,#3577,#3578
      ,#3579,#3580,#3581,#3582,#3583,#3584,#3585,#3586,#3587)
    ,(#3588,#3589,#3590,#3591,#3592,#3593,#3594,#3595,#3596,#3597,#3598
      ,#3599,#3600,#3601,#3602,#3603,#3604,#3605,#3606,#3607)
    ,(#3608,#3609,#3610,#3611,#3612,#3613,#3614,#3615,#3616,#3617,#3618
      ,#3619,#3620,#3621,#3622,#3623,#3624,#3625,#3626,#3627
)),.UNSPECIFIED.,.F.,.F.,.F.) B_SPLINE_SURFACE_WITH_KNOTS((3,3),(8,6,6,8
    ),(0.,2.114908674315),(68.668402684349,69.998618254215,
    70.224555928259,70.783311358664),.UNSPECIFIED.) 
GEOMETRIC_REPRESENTATION_ITEM() RATIONAL_B_SPLINE_SURFACE((
    (1.,1.,1.,1.,1.,1.,1.,1.,1.,1.,1.,1.,1.,1.,1.,1.,1.,1.,1.,1.)
    ,(0.750674574691,0.756217871879,0.761768878078,0.767195987513
      ,0.772383955053,0.777233896215,0.781663287159,0.786275630126
      ,0.786926365947,0.787592992781,0.788154969522,0.788900790061
      ,0.789131411303,0.792865433152,0.795429917626,0.797903163494
      ,0.800288327912,0.802588568035,0.804807041018,0.806946904018)
    ,(1.,1.,1.,1.,1.,1.,1.,1.,1.,1.,1.,1.,1.,1.,1.,1.,1.,1.,1.,1.
))) REPRESENTATION_ITEM('') SURFACE() );
#3568 = CARTESIAN_POINT('',(17.093939871041,4.103029458928,
    -6.21552029329));
#3569 = CARTESIAN_POINT('',(17.258268698107,3.812293841811,
    -6.219234334037));
#3570 = CARTESIAN_POINT('',(17.409348097713,3.507201102872,
    -6.223221786001));
#3571 = CARTESIAN_POINT('',(17.545090577925,3.189067117783,
    -6.227206541147));
#3572 = CARTESIAN_POINT('',(17.663704679983,2.859370065421,
    -6.230980976159));
#3573 = CARTESIAN_POINT('',(17.763694978293,2.519750427868,
    -6.234405952438));
#3574 = CARTESIAN_POINT('',(17.843862080434,2.172010990413,
    -6.237410816105));
#3575 = CARTESIAN_POINT('',(17.913398629016,1.758007771513,
    -6.24043205062));
#3576 = CARTESIAN_POINT('',(17.922898050288,1.697594203333,
    -6.240825712205));
#3577 = CARTESIAN_POINT('',(17.931785397803,1.637825891659,
    -6.241398695866));
#3578 = CARTESIAN_POINT('',(17.940115790294,1.575214645712,
    -6.241415152081));
#3579 = CARTESIAN_POINT('',(17.947596938683,1.519113756556,
    -6.242512224532));
#3580 = CARTESIAN_POINT('',(17.955841072793,1.444853544341,
    -6.24114798273));
#3581 = CARTESIAN_POINT('',(17.971805627348,1.295332113629,
    -6.250332166476));
#3582 = CARTESIAN_POINT('',(17.981246661656,1.188986367747,
    -6.25728092425));
#3583 = CARTESIAN_POINT('',(17.988773743048,1.082750531654,
    -6.264697962606));
#3584 = CARTESIAN_POINT('',(17.994399744551,0.976610724203,
    -6.272642574504));
#3585 = CARTESIAN_POINT('',(17.998137539193,0.870553064249,
    -6.281174052904));
#3586 = CARTESIAN_POINT('',(18.,0.764563670647,-6.290351690766));
#3587 = CARTESIAN_POINT('',(18.,0.658628662252,-6.30023478105));
#3588 = CARTESIAN_POINT('',(17.929576130864,2.624596076164,
    -11.21561774215));
#3589 = CARTESIAN_POINT('',(17.984249614053,2.364413841768,
    -11.15217584139));
#3590 = CARTESIAN_POINT('',(18.025809199074,2.104438907313,
    -11.09161123765));
#3591 = CARTESIAN_POINT('',(18.055189642068,1.845461063186,
    -11.03489055121));
#3592 = CARTESIAN_POINT('',(18.073314078648,1.588164495325,
    -10.98276098925));
#3593 = CARTESIAN_POINT('',(18.081076013153,1.333162162662,
    -10.93577173338));
#3594 = CARTESIAN_POINT('',(18.079327917432,1.081029756029,
    -10.89429396684));
#3595 = CARTESIAN_POINT('',(18.067110282821,0.790346336424,
    -10.85250106308));
#3596 = CARTESIAN_POINT('',(18.065082238749,0.748444756353,
    -10.84669865778));
#3597 = CARTESIAN_POINT('',(18.062905495171,0.706586756316,
    -10.84059081096));
#3598 = CARTESIAN_POINT('',(18.060180340616,0.665000768243,
    -10.83609145847));
#3599 = CARTESIAN_POINT('',(18.057984488676,0.622979026518,
    -10.82836480075));
#3600 = CARTESIAN_POINT('',(18.053338874605,0.582276193638,
    -10.82990001992));
#3601 = CARTESIAN_POINT('',(18.050331765047,0.435392717768,
    -10.7804177454));
#3602 = CARTESIAN_POINT('',(18.046440986761,0.330747183931,
    -10.74705604834));
#3603 = CARTESIAN_POINT('',(18.040778622401,0.225907256655,
    -10.7155274036));
#3604 = CARTESIAN_POINT('',(18.033324613782,0.120876740347,
    -10.68584138579));
#3605 = CARTESIAN_POINT('',(18.02405806915,1.566091896919E-02,
    -10.65800914843));
#3606 = CARTESIAN_POINT('',(18.012957323785,-8.97334528638E-02,
    -10.63204334007));
#3607 = CARTESIAN_POINT('',(18.,-0.195298156782,-10.60795802319));
#3608 = CARTESIAN_POINT('',(13.074177392133,0.793539082101,
    -12.19406605278));
#3609 = CARTESIAN_POINT('',(13.158087907019,0.734982922156,
    -12.17200770569));
#3610 = CARTESIAN_POINT('',(13.236982302952,0.674966548355,
    -12.14999626318));
#3611 = CARTESIAN_POINT('',(13.30949625016,0.614167140385,
    -12.12858897518));
#3612 = CARTESIAN_POINT('',(13.374615562577,0.55329949764,
    -12.10827279457));
#3613 = CARTESIAN_POINT('',(13.431676197849,0.493116039227,
    -12.08946437716));
#3614 = CARTESIAN_POINT('',(13.480364257325,0.43440680396,
    -12.07251008168));
#3615 = CARTESIAN_POINT('',(13.527569744165,0.368418637628,
    -12.05516808817));
#3616 = CARTESIAN_POINT('',(13.534065354536,0.359138036299,
    -12.05276678243));
#3617 = CARTESIAN_POINT('',(13.541035985899,0.348384643943,
    -12.05008268853));
#3618 = CARTESIAN_POINT('',(13.545653029695,0.342813436088,
    -12.04850544294));
#3619 = CARTESIAN_POINT('',(13.55472472898,0.324508582062,
    -12.04463326349));
#3620 = CARTESIAN_POINT('',(13.551014124743,0.34107727641,
    -12.04690069397));
#3621 = CARTESIAN_POINT('',(13.614822497363,0.188587513109,
    -12.01845057516));
#3622 = CARTESIAN_POINT('',(13.656704041125,8.011853009606E-02,
    -11.99864506304));
#3623 = CARTESIAN_POINT('',(13.695064637312,-2.824934022138E-02,
    -11.97936097937));
#3624 = CARTESIAN_POINT('',(13.7299377421,-0.136529195797,
    -11.96066682444));
#3625 = CARTESIAN_POINT('',(13.761356811665,-0.244734134584,
    -11.94263109855));
#3626 = CARTESIAN_POINT('',(13.789355302182,-0.352877254536,
    -11.925322302));
#3627 = CARTESIAN_POINT('',(13.813966669828,-0.460971653607,
    -11.90880893508));
#3628 = ADVANCED_FACE('',(#3629),#3635,.F.);
#3629 = FACE_BOUND('',#3630,.T.);
#3630 = EDGE_LOOP('',(#3631,#3632,#3633,#3634));
#3631 = ORIENTED_EDGE('',*,*,#3079,.T.);
#3632 = ORIENTED_EDGE('',*,*,#3037,.T.);
#3633 = ORIENTED_EDGE('',*,*,#2978,.T.);
#3634 = ORIENTED_EDGE('',*,*,#2779,.T.);
#3635 = PLANE('',#3636);
#3636 = AXIS2_PLACEMENT_3D('',#3637,#3638,#3639);
#3637 = CARTESIAN_POINT('',(-7.,-4.5,0.));
#3638 = DIRECTION('',(1.,0.,0.));
#3639 = DIRECTION('',(0.,0.,1.));
#3640 = ADVANCED_FACE('',(#3641),#3644,.F.);
#3641 = FACE_BOUND('',#3642,.T.);
#3642 = EDGE_LOOP('',(#3643));
#3643 = ORIENTED_EDGE('',*,*,#3188,.T.);
#3644 = PLANE('',#3645);
#3645 = AXIS2_PLACEMENT_3D('',#3646,#3647,#3648);
#3646 = CARTESIAN_POINT('',(0.,-12.66666666666,-8.));
#3647 = DIRECTION('',(-0.,-0.,-1.));
#3648 = DIRECTION('',(-1.,0.,0.));
#3649 = ( GEOMETRIC_REPRESENTATION_CONTEXT(3) 
GLOBAL_UNCERTAINTY_ASSIGNED_CONTEXT((#3653)) 
GLOBAL_UNIT_ASSIGNED_CONTEXT((#3650,#3651,#3652)) REPRESENTATION_CONTEXT
('Context #1','3D Context with UNIT and UNCERTAINTY') );
#3650 = ( LENGTH_UNIT() NAMED_UNIT(*) SI_UNIT(.MILLI.,.METRE.) );
#3651 = ( NAMED_UNIT(*) PLANE_ANGLE_UNIT() SI_UNIT($,.RADIAN.) );
#3652 = ( NAMED_UNIT(*) SI_UNIT($,.STERADIAN.) SOLID_ANGLE_UNIT() );
#3653 = UNCERTAINTY_MEASURE_WITH_UNIT(LENGTH_MEASURE(2.E-03),#3650,
  'distance_accuracy_value','confusion accuracy');
#3654 = PRODUCT_RELATED_PRODUCT_CATEGORY('part',$,(#7));
#3655 = MECHANICAL_DESIGN_GEOMETRIC_PRESENTATION_REPRESENTATION('',(
    #3656),#3649);
#3656 = STYLED_ITEM('color',(#3657),#15);
#3657 = PRESENTATION_STYLE_ASSIGNMENT((#3658,#3664));
#3658 = SURFACE_STYLE_USAGE(.BOTH.,#3659);
#3659 = SURFACE_SIDE_STYLE('',(#3660));
#3660 = SURFACE_STYLE_FILL_AREA(#3661);
#3661 = FILL_AREA_STYLE('',(#3662));
#3662 = FILL_AREA_STYLE_COLOUR('',#3663);
#3663 = COLOUR_RGB('',0.447058818107,0.474509808674,0.501960817233);
#3664 = CURVE_STYLE('',#3665,POSITIVE_LENGTH_MEASURE(0.1),#3666);
#3665 = DRAUGHTING_PRE_DEFINED_CURVE_FONT('continuous');
#3666 = COLOUR_RGB('',9.803921802644E-02,9.803921802644E-02,
  9.803921802644E-02);
ENDSEC;
END-ISO-10303-21;
